index,Level 4,GHG/Unit,GHG Conversion Factor
1310,Emissions including only Kyoto products,kg CO2e,1.0
1311,Emissions including only Kyoto products,kg CO2e,
1312,Emissions including only Kyoto products,kg CO2e,1.0
1313,Emissions including only Kyoto products,kg CO2e,28.0
1314,Emissions including only Kyoto products,kg CO2e,
1315,Emissions including only Kyoto products,kg CO2e,28.0
1316,Emissions including only Kyoto products,kg CO2e,265.0
1317,Emissions including only Kyoto products,kg CO2e,
1318,Emissions including only Kyoto products,kg CO2e,265.0
1319,Emissions including only Kyoto products,kg CO2e,12400.0
13110,Emissions including only Kyoto products,kg CO2e,
13111,Emissions including only Kyoto products,kg CO2e,12400.0
13112,Emissions including only Kyoto products,kg CO2e,677.0
13113,Emissions including only Kyoto products,kg CO2e,
13114,Emissions including only Kyoto products,kg CO2e,677.0
13115,Emissions including only Kyoto products,kg CO2e,116.0
13116,Emissions including only Kyoto products,kg CO2e,
13117,Emissions including only Kyoto products,kg CO2e,116.0
13118,Emissions including only Kyoto products,kg CO2e,3170.0
13119,Emissions including only Kyoto products,kg CO2e,
13120,Emissions including only Kyoto products,kg CO2e,3170.0
13121,Emissions including only Kyoto products,kg CO2e,1120.0
13122,Emissions including only Kyoto products,kg CO2e,
13123,Emissions including only Kyoto products,kg CO2e,1120.0
13124,Emissions including only Kyoto products,kg CO2e,1300.0
13125,Emissions including only Kyoto products,kg CO2e,
13126,Emissions including only Kyoto products,kg CO2e,1300.0
13127,Emissions including only Kyoto products,kg CO2e,328.0
13128,Emissions including only Kyoto products,kg CO2e,
13129,Emissions including only Kyoto products,kg CO2e,328.0
13130,Emissions including only Kyoto products,kg CO2e,4800.0
13131,Emissions including only Kyoto products,kg CO2e,
13132,Emissions including only Kyoto products,kg CO2e,4800.0
1310,Emissions including only non-Kyoto products,kg CO2e,138.0
1311,Emissions including only non-Kyoto products,kg CO2e,
1312,Emissions including only non-Kyoto products,kg CO2e,138.0
1313,Emissions including only non-Kyoto products,kg CO2e,3350.0
1314,Emissions including only non-Kyoto products,kg CO2e,
1315,Emissions including only non-Kyoto products,kg CO2e,3350.0
1316,Emissions including only non-Kyoto products,kg CO2e,8060.0
1317,Emissions including only non-Kyoto products,kg CO2e,
1318,Emissions including only non-Kyoto products,kg CO2e,8060.0
1319,Emissions including only non-Kyoto products,kg CO2e,858.0
13110,Emissions including only non-Kyoto products,kg CO2e,
13111,Emissions including only non-Kyoto products,kg CO2e,858.0
13112,Emissions including only non-Kyoto products,kg CO2e,1650.0
13113,Emissions including only non-Kyoto products,kg CO2e,
13114,Emissions including only non-Kyoto products,kg CO2e,1650.0
13115,Emissions including only non-Kyoto products,kg CO2e,6630.0
13116,Emissions including only non-Kyoto products,kg CO2e,
13117,Emissions including only non-Kyoto products,kg CO2e,6630.0
13118,Emissions including only non-Kyoto products,kg CO2e,11100.0
13119,Emissions including only non-Kyoto products,kg CO2e,
13120,Emissions including only non-Kyoto products,kg CO2e,11100.0
13121,Emissions including only non-Kyoto products,kg CO2e,8900.0
13122,Emissions including only non-Kyoto products,kg CO2e,
13123,Emissions including only non-Kyoto products,kg CO2e,8900.0
13124,Emissions including only non-Kyoto products,kg CO2e,9540.0
13125,Emissions including only non-Kyoto products,kg CO2e,
13126,Emissions including only non-Kyoto products,kg CO2e,9540.0
13127,Emissions including only non-Kyoto products,kg CO2e,9200.0
13128,Emissions including only non-Kyoto products,kg CO2e,
13129,Emissions including only non-Kyoto products,kg CO2e,9200.0
13130,Emissions including only non-Kyoto products,kg CO2e,8550.0
13131,Emissions including only non-Kyoto products,kg CO2e,
13132,Emissions including only non-Kyoto products,kg CO2e,8550.0
1310,Total emissions including non-Kyoto products,kg CO2e,7910.0
1311,Total emissions including non-Kyoto products,kg CO2e,
1312,Total emissions including non-Kyoto products,kg CO2e,7910.0
1313,Total emissions including non-Kyoto products,kg CO2e,7190.0
1314,Total emissions including non-Kyoto products,kg CO2e,
1315,Total emissions including non-Kyoto products,kg CO2e,7190.0
1316,Total emissions including non-Kyoto products,kg CO2e,9200.0
1317,Total emissions including non-Kyoto products,kg CO2e,
1318,Total emissions including non-Kyoto products,kg CO2e,9200.0
1319,Total emissions including non-Kyoto products,kg CO2e,23500.0
13110,Total emissions including non-Kyoto products,kg CO2e,
13111,Total emissions including non-Kyoto products,kg CO2e,23500.0
13112,Total emissions including non-Kyoto products,kg CO2e,16.0
13113,Total emissions including non-Kyoto products,kg CO2e,
13114,Total emissions including non-Kyoto products,kg CO2e,16.0
13115,Total emissions including non-Kyoto products,kg CO2e,4.0
13116,Total emissions including non-Kyoto products,kg CO2e,
13117,Total emissions including non-Kyoto products,kg CO2e,4.0
13118,Total emissions including non-Kyoto products,kg CO2e,1210.0
13119,Total emissions including non-Kyoto products,kg CO2e,
13120,Total emissions including non-Kyoto products,kg CO2e,1210.0
13121,Total emissions including non-Kyoto products,kg CO2e,1330.0
13122,Total emissions including non-Kyoto products,kg CO2e,
13123,Total emissions including non-Kyoto products,kg CO2e,1330.0
13124,Total emissions including non-Kyoto products,kg CO2e,716.0
13125,Total emissions including non-Kyoto products,kg CO2e,
13126,Total emissions including non-Kyoto products,kg CO2e,716.0
13127,Total emissions including non-Kyoto products,kg CO2e,804.0
13128,Total emissions including non-Kyoto products,kg CO2e,
13129,Total emissions including non-Kyoto products,kg CO2e,804.0
13130,Total emissions including non-Kyoto products,kg CO2e,16100.0
13131,Total emissions including non-Kyoto products,kg CO2e,
13132,Total emissions including non-Kyoto products,kg CO2e,16100.0
1320,Emissions including only Kyoto products,kg CO2e,18.0
1321,Emissions including only Kyoto products,kg CO2e,1112.0
1322,Emissions including only Kyoto products,kg CO2e,1130.0
1323,Emissions including only Kyoto products,kg CO2e,15.0
1324,Emissions including only Kyoto products,kg CO2e,1221.0
1325,Emissions including only Kyoto products,kg CO2e,1236.0
1326,Emissions including only Kyoto products,kg CO2e,21.0
1327,Emissions including only Kyoto products,kg CO2e,855.0
1328,Emissions including only Kyoto products,kg CO2e,876.0
1329,Emissions including only Kyoto products,kg CO2e,1902.0
13210,Emissions including only Kyoto products,kg CO2e,669.0
13211,Emissions including only Kyoto products,kg CO2e,2571.0
13212,Emissions including only Kyoto products,kg CO2e,1205.0
13213,Emissions including only Kyoto products,kg CO2e,1056.0
13214,Emissions including only Kyoto products,kg CO2e,2261.0
13215,Emissions including only Kyoto products,kg CO2e,1780.0
13216,Emissions including only Kyoto products,kg CO2e,1320.0
13217,Emissions including only Kyoto products,kg CO2e,3100.0
13218,Emissions including only Kyoto products,kg CO2e,3471.0
13219,Emissions including only Kyoto products,kg CO2e,986.0
13220,Emissions including only Kyoto products,kg CO2e,4457.0
13221,Emissions including only Kyoto products,kg CO2e,3943.0
13222,Emissions including only Kyoto products,kg CO2e,
13223,Emissions including only Kyoto products,kg CO2e,3943.0
13224,Emissions including only Kyoto products,kg CO2e,3920.0
13225,Emissions including only Kyoto products,kg CO2e,901.0
13226,Emissions including only Kyoto products,kg CO2e,4821.0
13227,Emissions including only Kyoto products,kg CO2e,
13228,Emissions including only Kyoto products,kg CO2e,1780.0
13229,Emissions including only Kyoto products,kg CO2e,1780.0
13230,Emissions including only Kyoto products,kg CO2e,1923.0
13231,Emissions including only Kyoto products,kg CO2e,
13232,Emissions including only Kyoto products,kg CO2e,1923.0
13233,Emissions including only Kyoto products,kg CO2e,2547.0
13234,Emissions including only Kyoto products,kg CO2e,
13235,Emissions including only Kyoto products,kg CO2e,2547.0
13236,Emissions including only Kyoto products,kg CO2e,1624.0
13237,Emissions including only Kyoto products,kg CO2e,
13238,Emissions including only Kyoto products,kg CO2e,1624.0
13239,Emissions including only Kyoto products,kg CO2e,1487.0
13240,Emissions including only Kyoto products,kg CO2e,
13241,Emissions including only Kyoto products,kg CO2e,1487.0
13242,Emissions including only Kyoto products,kg CO2e,1425.0
13243,Emissions including only Kyoto products,kg CO2e,
13244,Emissions including only Kyoto products,kg CO2e,1425.0
13245,Emissions including only Kyoto products,kg CO2e,1674.0
13246,Emissions including only Kyoto products,kg CO2e,
13247,Emissions including only Kyoto products,kg CO2e,1674.0
13248,Emissions including only Kyoto products,kg CO2e,2430.0
13249,Emissions including only Kyoto products,kg CO2e,827.0
13250,Emissions including only Kyoto products,kg CO2e,3257.0
13251,Emissions including only Kyoto products,kg CO2e,
13252,Emissions including only Kyoto products,kg CO2e,1485.0
13253,Emissions including only Kyoto products,kg CO2e,1485.0
13254,Emissions including only Kyoto products,kg CO2e,
13255,Emissions including only Kyoto products,kg CO2e,1474.0
13256,Emissions including only Kyoto products,kg CO2e,1474.0
13257,Emissions including only Kyoto products,kg CO2e,1924.0
13258,Emissions including only Kyoto products,kg CO2e,
13259,Emissions including only Kyoto products,kg CO2e,1924.0
13260,Emissions including only Kyoto products,kg CO2e,2048.0
13261,Emissions including only Kyoto products,kg CO2e,
13262,Emissions including only Kyoto products,kg CO2e,2048.0
13263,Emissions including only Kyoto products,kg CO2e,15.0
13264,Emissions including only Kyoto products,kg CO2e,1540.0
13265,Emissions including only Kyoto products,kg CO2e,1555.0
13266,Emissions including only Kyoto products,kg CO2e,4.0
13267,Emissions including only Kyoto products,kg CO2e,1654.0
13268,Emissions including only Kyoto products,kg CO2e,1659.0
13269,Emissions including only Kyoto products,kg CO2e,445.0
13270,Emissions including only Kyoto products,kg CO2e,1727.0
13271,Emissions including only Kyoto products,kg CO2e,2172.0
13272,Emissions including only Kyoto products,kg CO2e,1945.0
13273,Emissions including only Kyoto products,kg CO2e,
13274,Emissions including only Kyoto products,kg CO2e,1945.0
13275,Emissions including only Kyoto products,kg CO2e,
13276,Emissions including only Kyoto products,kg CO2e,1375.0
13277,Emissions including only Kyoto products,kg CO2e,1375.0
13278,Emissions including only Kyoto products,kg CO2e,
13279,Emissions including only Kyoto products,kg CO2e,1274.0
13280,Emissions including only Kyoto products,kg CO2e,1274.0
13281,Emissions including only Kyoto products,kg CO2e,25.0
13282,Emissions including only Kyoto products,kg CO2e,1443.0
13283,Emissions including only Kyoto products,kg CO2e,1468.0
1320,Emissions including only non-Kyoto products,kg CO2e,104.0
1321,Emissions including only non-Kyoto products,kg CO2e,440.0
1322,Emissions including only non-Kyoto products,kg CO2e,544.0
1323,Emissions including only non-Kyoto products,kg CO2e,767.0
1324,Emissions including only non-Kyoto products,kg CO2e,208.0
1325,Emissions including only non-Kyoto products,kg CO2e,975.0
1326,Emissions including only non-Kyoto products,kg CO2e,2127.0
1327,Emissions including only non-Kyoto products,kg CO2e,
1328,Emissions including only non-Kyoto products,kg CO2e,2127.0
1329,Emissions including only non-Kyoto products,kg CO2e,2742.0
13210,Emissions including only non-Kyoto products,kg CO2e,
13211,Emissions including only non-Kyoto products,kg CO2e,2742.0
13212,Emissions including only non-Kyoto products,kg CO2e,1643.0
13213,Emissions including only non-Kyoto products,kg CO2e,
13214,Emissions including only non-Kyoto products,kg CO2e,1643.0
13215,Emissions including only non-Kyoto products,kg CO2e,3.0
13216,Emissions including only non-Kyoto products,kg CO2e,1690.0
13217,Emissions including only non-Kyoto products,kg CO2e,1693.0
13218,Emissions including only non-Kyoto products,kg CO2e,2688.0
13219,Emissions including only non-Kyoto products,kg CO2e,
13220,Emissions including only non-Kyoto products,kg CO2e,2688.0
13221,Emissions including only non-Kyoto products,kg CO2e,2161.0
13222,Emissions including only non-Kyoto products,kg CO2e,
13223,Emissions including only non-Kyoto products,kg CO2e,2161.0
13224,Emissions including only non-Kyoto products,kg CO2e,1144.0
13225,Emissions including only non-Kyoto products,kg CO2e,238.0
13226,Emissions including only non-Kyoto products,kg CO2e,1382.0
13227,Emissions including only non-Kyoto products,kg CO2e,2385.0
13228,Emissions including only non-Kyoto products,kg CO2e,
13229,Emissions including only non-Kyoto products,kg CO2e,2385.0
13230,Emissions including only non-Kyoto products,kg CO2e,2890.0
13231,Emissions including only non-Kyoto products,kg CO2e,
13232,Emissions including only non-Kyoto products,kg CO2e,2890.0
13233,Emissions including only non-Kyoto products,kg CO2e,2847.0
13234,Emissions including only non-Kyoto products,kg CO2e,
13235,Emissions including only non-Kyoto products,kg CO2e,2847.0
13236,Emissions including only non-Kyoto products,kg CO2e,2290.0
13237,Emissions including only non-Kyoto products,kg CO2e,
13238,Emissions including only non-Kyoto products,kg CO2e,2290.0
13239,Emissions including only non-Kyoto products,kg CO2e,2794.0
13240,Emissions including only non-Kyoto products,kg CO2e,
13241,Emissions including only non-Kyoto products,kg CO2e,2794.0
13242,Emissions including only non-Kyoto products,kg CO2e,2473.0
13243,Emissions including only non-Kyoto products,kg CO2e,
13244,Emissions including only non-Kyoto products,kg CO2e,2473.0
13245,Emissions including only non-Kyoto products,kg CO2e,2350.0
13246,Emissions including only non-Kyoto products,kg CO2e,
13247,Emissions including only non-Kyoto products,kg CO2e,2350.0
13248,Emissions including only non-Kyoto products,kg CO2e,2274.0
13249,Emissions including only non-Kyoto products,kg CO2e,
13250,Emissions including only non-Kyoto products,kg CO2e,2274.0
13251,Emissions including only non-Kyoto products,kg CO2e,2212.0
13252,Emissions including only non-Kyoto products,kg CO2e,
13253,Emissions including only non-Kyoto products,kg CO2e,2212.0
13254,Emissions including only non-Kyoto products,kg CO2e,1431.0
13255,Emissions including only non-Kyoto products,kg CO2e,
13256,Emissions including only non-Kyoto products,kg CO2e,1431.0
13257,Emissions including only non-Kyoto products,kg CO2e,1371.0
13258,Emissions including only non-Kyoto products,kg CO2e,
13259,Emissions including only non-Kyoto products,kg CO2e,1371.0
13260,Emissions including only non-Kyoto products,kg CO2e,2024.0
13261,Emissions including only non-Kyoto products,kg CO2e,
13262,Emissions including only non-Kyoto products,kg CO2e,2024.0
13263,Emissions including only non-Kyoto products,kg CO2e,3417.0
13264,Emissions including only non-Kyoto products,kg CO2e,
13265,Emissions including only non-Kyoto products,kg CO2e,3417.0
13266,Emissions including only non-Kyoto products,kg CO2e,13.8
13267,Emissions including only non-Kyoto products,kg CO2e,1.5
13268,Emissions including only non-Kyoto products,kg CO2e,15.3
13269,Emissions including only non-Kyoto products,kg CO2e,105.0
13270,Emissions including only non-Kyoto products,kg CO2e,1.0
13271,Emissions including only non-Kyoto products,kg CO2e,106.0
13272,Emissions including only non-Kyoto products,kg CO2e,40.0
13273,Emissions including only non-Kyoto products,kg CO2e,
13274,Emissions including only non-Kyoto products,kg CO2e,40.0
13275,Emissions including only non-Kyoto products,kg CO2e,
13276,Emissions including only non-Kyoto products,kg CO2e,1.8
13277,Emissions including only non-Kyoto products,kg CO2e,1.8
13278,Emissions including only non-Kyoto products,kg CO2e,
13279,Emissions including only non-Kyoto products,kg CO2e,0.64
13280,Emissions including only non-Kyoto products,kg CO2e,0.64
13281,Emissions including only non-Kyoto products,kg CO2e,
13282,Emissions including only non-Kyoto products,kg CO2e,0.16
13283,Emissions including only non-Kyoto products,kg CO2e,0.16
1320,Total emissions including non-Kyoto products,kg CO2e,
1321,Total emissions including non-Kyoto products,kg CO2e,0.55
1322,Total emissions including non-Kyoto products,kg CO2e,0.55
1323,Total emissions including non-Kyoto products,kg CO2e,3075.0
1324,Total emissions including non-Kyoto products,kg CO2e,
1325,Total emissions including non-Kyoto products,kg CO2e,3076.0
1326,Total emissions including non-Kyoto products,kg CO2e,27.6
1327,Total emissions including non-Kyoto products,kg CO2e,0.8
1328,Total emissions including non-Kyoto products,kg CO2e,28.4
1329,Total emissions including non-Kyoto products,kg CO2e,
13210,Total emissions including non-Kyoto products,kg CO2e,1.35
13211,Total emissions including non-Kyoto products,kg CO2e,1.35
13212,Total emissions including non-Kyoto products,kg CO2e,
13213,Total emissions including non-Kyoto products,kg CO2e,1.47
13214,Total emissions including non-Kyoto products,kg CO2e,1.47
13215,Total emissions including non-Kyoto products,kg CO2e,1639.0
13216,Total emissions including non-Kyoto products,kg CO2e,
13217,Total emissions including non-Kyoto products,kg CO2e,1639.0
13218,Total emissions including non-Kyoto products,kg CO2e,2059.0
13219,Total emissions including non-Kyoto products,kg CO2e,
13220,Total emissions including non-Kyoto products,kg CO2e,2059.0
13221,Total emissions including non-Kyoto products,kg CO2e,1828.0
13222,Total emissions including non-Kyoto products,kg CO2e,
13223,Total emissions including non-Kyoto products,kg CO2e,1828.0
13224,Total emissions including non-Kyoto products,kg CO2e,156.0
13225,Total emissions including non-Kyoto products,kg CO2e,
13226,Total emissions including non-Kyoto products,kg CO2e,156.0
13227,Total emissions including non-Kyoto products,kg CO2e,
13228,Total emissions including non-Kyoto products,kg CO2e,0.23
13229,Total emissions including non-Kyoto products,kg CO2e,0.23
13230,Total emissions including non-Kyoto products,kg CO2e,1754.0
13231,Total emissions including non-Kyoto products,kg CO2e,
13232,Total emissions including non-Kyoto products,kg CO2e,1754.0
13233,Total emissions including non-Kyoto products,kg CO2e,
13234,Total emissions including non-Kyoto products,kg CO2e,1.0
13235,Total emissions including non-Kyoto products,kg CO2e,1.0
13236,Total emissions including non-Kyoto products,kg CO2e,88.0
13237,Total emissions including non-Kyoto products,kg CO2e,1.0
13238,Total emissions including non-Kyoto products,kg CO2e,89.0
13239,Total emissions including non-Kyoto products,kg CO2e,117.0
13240,Total emissions including non-Kyoto products,kg CO2e,1.0
13241,Total emissions including non-Kyoto products,kg CO2e,118.0
13242,Total emissions including non-Kyoto products,kg CO2e,36.0
13243,Total emissions including non-Kyoto products,kg CO2e,7528.0
13244,Total emissions including non-Kyoto products,kg CO2e,7564.0
13245,Total emissions including non-Kyoto products,kg CO2e,
13246,Total emissions including non-Kyoto products,kg CO2e,3870.0
13247,Total emissions including non-Kyoto products,kg CO2e,3870.0
13248,Total emissions including non-Kyoto products,kg CO2e,
13249,Total emissions including non-Kyoto products,kg CO2e,4786.0
13250,Total emissions including non-Kyoto products,kg CO2e,4786.0
13251,Total emissions including non-Kyoto products,kg CO2e,4972.0
13252,Total emissions including non-Kyoto products,kg CO2e,8326.0
13253,Total emissions including non-Kyoto products,kg CO2e,13299.0
13254,Total emissions including non-Kyoto products,kg CO2e,326.0
13255,Total emissions including non-Kyoto products,kg CO2e,3973.0
13256,Total emissions including non-Kyoto products,kg CO2e,4299.0
13257,Total emissions including non-Kyoto products,kg CO2e,
13258,Total emissions including non-Kyoto products,kg CO2e,7956.0
13259,Total emissions including non-Kyoto products,kg CO2e,7956.0
13260,Total emissions including non-Kyoto products,kg CO2e,
13261,Total emissions including non-Kyoto products,kg CO2e,3857.0
13262,Total emissions including non-Kyoto products,kg CO2e,3857.0
13263,Total emissions including non-Kyoto products,kg CO2e,3985.0
13264,Total emissions including non-Kyoto products,kg CO2e,
13265,Total emissions including non-Kyoto products,kg CO2e,3985.0
13266,Total emissions including non-Kyoto products,kg CO2e,11607.0
13267,Total emissions including non-Kyoto products,kg CO2e,
13268,Total emissions including non-Kyoto products,kg CO2e,11607.0
13269,Total emissions including non-Kyoto products,kg CO2e,11698.0
13270,Total emissions including non-Kyoto products,kg CO2e,
13271,Total emissions including non-Kyoto products,kg CO2e,11698.0
13272,Total emissions including non-Kyoto products,kg CO2e,4984.0
13273,Total emissions including non-Kyoto products,kg CO2e,774.0
13274,Total emissions including non-Kyoto products,kg CO2e,5758.0
13275,Total emissions including non-Kyoto products,kg CO2e,
13276,Total emissions including non-Kyoto products,kg CO2e,1.24
13277,Total emissions including non-Kyoto products,kg CO2e,1.24
13278,Total emissions including non-Kyoto products,kg CO2e,6.9
13279,Total emissions including non-Kyoto products,kg CO2e,0.1
13280,Total emissions including non-Kyoto products,kg CO2e,7.0
13281,Total emissions including non-Kyoto products,kg CO2e,196.0
13282,Total emissions including non-Kyoto products,kg CO2e,
13283,Total emissions including non-Kyoto products,kg CO2e,196.0
1330,Emissions including only Kyoto products,kg CO2e,
1331,Emissions including only Kyoto products,kg CO2e,4660.0
1332,Emissions including only Kyoto products,kg CO2e,4660.0
1333,Emissions including only Kyoto products,kg CO2e,
1334,Emissions including only Kyoto products,kg CO2e,10200.0
1335,Emissions including only Kyoto products,kg CO2e,10200.0
1336,Emissions including only Kyoto products,kg CO2e,
1337,Emissions including only Kyoto products,kg CO2e,13900.0
1338,Emissions including only Kyoto products,kg CO2e,13900.0
1339,Emissions including only Kyoto products,kg CO2e,
13310,Emissions including only Kyoto products,kg CO2e,5820.0
13311,Emissions including only Kyoto products,kg CO2e,5820.0
13312,Emissions including only Kyoto products,kg CO2e,
13313,Emissions including only Kyoto products,kg CO2e,8590.0
13314,Emissions including only Kyoto products,kg CO2e,8590.0
13315,Emissions including only Kyoto products,kg CO2e,
13316,Emissions including only Kyoto products,kg CO2e,7670.0
13317,Emissions including only Kyoto products,kg CO2e,7670.0
13318,Emissions including only Kyoto products,kg CO2e,
13319,Emissions including only Kyoto products,kg CO2e,1750.0
1330,Emissions including only non-Kyoto products,kg CO2e,1750.0
1331,Emissions including only non-Kyoto products,kg CO2e,
1332,Emissions including only non-Kyoto products,kg CO2e,6290.0
1333,Emissions including only non-Kyoto products,kg CO2e,6290.0
1334,Emissions including only non-Kyoto products,kg CO2e,
1335,Emissions including only non-Kyoto products,kg CO2e,1470.0
1336,Emissions including only non-Kyoto products,kg CO2e,1470.0
1337,Emissions including only non-Kyoto products,kg CO2e,
1338,Emissions including only non-Kyoto products,kg CO2e,1730.0
1339,Emissions including only non-Kyoto products,kg CO2e,1730.0
13310,Emissions including only non-Kyoto products,kg CO2e,
13311,Emissions including only non-Kyoto products,kg CO2e,2.0
13312,Emissions including only non-Kyoto products,kg CO2e,2.0
13313,Emissions including only non-Kyoto products,kg CO2e,
13314,Emissions including only non-Kyoto products,kg CO2e,160.0
13315,Emissions including only non-Kyoto products,kg CO2e,160.0
13316,Emissions including only non-Kyoto products,kg CO2e,
13317,Emissions including only non-Kyoto products,kg CO2e,1760.0
13318,Emissions including only non-Kyoto products,kg CO2e,1760.0
13319,Emissions including only non-Kyoto products,kg CO2e,
1330,Total emissions including non-Kyoto products,kg CO2e,79.0
1331,Total emissions including non-Kyoto products,kg CO2e,79.0
1332,Total emissions including non-Kyoto products,kg CO2e,
1333,Total emissions including non-Kyoto products,kg CO2e,527.0
1334,Total emissions including non-Kyoto products,kg CO2e,527.0
1335,Total emissions including non-Kyoto products,kg CO2e,
1336,Total emissions including non-Kyoto products,kg CO2e,782.0
1337,Total emissions including non-Kyoto products,kg CO2e,782.0
1338,Total emissions including non-Kyoto products,kg CO2e,
1339,Total emissions including non-Kyoto products,kg CO2e,1980.0
13310,Total emissions including non-Kyoto products,kg CO2e,1980.0
13311,Total emissions including non-Kyoto products,kg CO2e,
13312,Total emissions including non-Kyoto products,kg CO2e,127.0
13313,Total emissions including non-Kyoto products,kg CO2e,127.0
13314,Total emissions including non-Kyoto products,kg CO2e,
13315,Total emissions including non-Kyoto products,kg CO2e,525.0
13316,Total emissions including non-Kyoto products,kg CO2e,525.0
13317,Total emissions including non-Kyoto products,kg CO2e,
13318,Total emissions including non-Kyoto products,kg CO2e,148.0
13319,Total emissions including non-Kyoto products,kg CO2e,148.0
1340,Emissions including only Kyoto products,kg CO2e,
1341,Emissions including only Kyoto products,kg CO2e,12400.0
1342,Emissions including only Kyoto products,kg CO2e,12400.0
1343,Emissions including only Kyoto products,kg CO2e,
1344,Emissions including only Kyoto products,kg CO2e,5560.0
1345,Emissions including only Kyoto products,kg CO2e,5560.0
1346,Emissions including only Kyoto products,kg CO2e,
1347,Emissions including only Kyoto products,kg CO2e,523.0
1348,Emissions including only Kyoto products,kg CO2e,523.0
1349,Emissions including only Kyoto products,kg CO2e,
13410,Emissions including only Kyoto products,kg CO2e,491.0
13411,Emissions including only Kyoto products,kg CO2e,491.0
13412,Emissions including only Kyoto products,kg CO2e,
13413,Emissions including only Kyoto products,kg CO2e,654.0
13414,Emissions including only Kyoto products,kg CO2e,654.0
1340,Emissions including only non-Kyoto products,kg CO2e,
1341,Emissions including only non-Kyoto products,kg CO2e,812.0
1342,Emissions including only non-Kyoto products,kg CO2e,812.0
1343,Emissions including only non-Kyoto products,kg CO2e,
1344,Emissions including only non-Kyoto products,kg CO2e,301.0
1345,Emissions including only non-Kyoto products,kg CO2e,301.0
1346,Emissions including only non-Kyoto products,kg CO2e,
1347,Emissions including only non-Kyoto products,kg CO2e,530.0
1348,Emissions including only non-Kyoto products,kg CO2e,530.0
1349,Emissions including only non-Kyoto products,kg CO2e,
13410,Emissions including only non-Kyoto products,kg CO2e,889.0
13411,Emissions including only non-Kyoto products,kg CO2e,889.0
13412,Emissions including only non-Kyoto products,kg CO2e,
13413,Emissions including only non-Kyoto products,kg CO2e,413.0
13414,Emissions including only non-Kyoto products,kg CO2e,413.0
1340,Total emissions including non-Kyoto products,kg CO2e,
1341,Total emissions including non-Kyoto products,kg CO2e,421.0
1342,Total emissions including non-Kyoto products,kg CO2e,421.0
1343,Total emissions including non-Kyoto products,kg CO2e,
1344,Total emissions including non-Kyoto products,kg CO2e,57.0
1345,Total emissions including non-Kyoto products,kg CO2e,57.0
1346,Total emissions including non-Kyoto products,kg CO2e,
1347,Total emissions including non-Kyoto products,kg CO2e,2820.0
1348,Total emissions including non-Kyoto products,kg CO2e,2820.0
1349,Total emissions including non-Kyoto products,kg CO2e,
13410,Total emissions including non-Kyoto products,kg CO2e,5350.0
13411,Total emissions including non-Kyoto products,kg CO2e,5350.0
13412,Total emissions including non-Kyoto products,kg CO2e,
13413,Total emissions including non-Kyoto products,kg CO2e,2910.0
13414,Total emissions including non-Kyoto products,kg CO2e,2910.0
1350,Emissions including only Kyoto products,kg CO2e,
1351,Emissions including only Kyoto products,kg CO2e,17400.0
1352,Emissions including only Kyoto products,kg CO2e,17400.0
1353,Emissions including only Kyoto products,kg CO2e,
1354,Emissions including only Kyoto products,kg CO2e,9710.0
1355,Emissions including only Kyoto products,kg CO2e,9710.0
1356,Emissions including only Kyoto products,kg CO2e,
1357,Emissions including only Kyoto products,kg CO2e,1.0
1358,Emissions including only Kyoto products,kg CO2e,1.0
1359,Emissions including only Kyoto products,kg CO2e,
13510,Emissions including only Kyoto products,kg CO2e,9.0
13511,Emissions including only Kyoto products,kg CO2e,9.0
13512,Emissions including only Kyoto products,kg CO2e,
13513,Emissions including only Kyoto products,kg CO2e,12.0
13514,Emissions including only Kyoto products,kg CO2e,12.0
1350,Emissions including only non-Kyoto products,kg CO2e,
1351,Emissions including only non-Kyoto products,kg CO2e,0.06
1352,Emissions including only non-Kyoto products,kg CO2e,0.06
1353,Emissions including only non-Kyoto products,kg CO2e,
1354,Emissions including only non-Kyoto products,kg CO2e,3.0
1355,Emissions including only non-Kyoto products,kg CO2e,3.0
1356,Emissions including only non-Kyoto products,kg CO2e,
1357,Emissions including only non-Kyoto products,kg CO2e,0.006
1358,Emissions including only non-Kyoto products,kg CO2e,0.006
1359,Emissions including only non-Kyoto products,kg CO2e,
13510,Emissions including only non-Kyoto products,kg CO2e,5.0
13511,Emissions including only non-Kyoto products,kg CO2e,5.0
13512,Emissions including only non-Kyoto products,kg CO2e,
13513,Emissions including only non-Kyoto products,kg CO2e,5.0
13514,Emissions including only non-Kyoto products,kg CO2e,5.0
1350,Total emissions including non-Kyoto products,kg CO2e,
1351,Total emissions including non-Kyoto products,kg CO2e,0.437
1352,Total emissions including non-Kyoto products,kg CO2e,0.437
1353,Total emissions including non-Kyoto products,kg CO2e,
1354,Total emissions including non-Kyoto products,kg CO2e,2.0
1355,Total emissions including non-Kyoto products,kg CO2e,2.0
1356,Total emissions including non-Kyoto products,kg CO2e,
1357,Total emissions including non-Kyoto products,kg CO2e,1.0
1358,Total emissions including non-Kyoto products,kg CO2e,1.0
1359,Total emissions including non-Kyoto products,kg CO2e,
13510,Total emissions including non-Kyoto products,kg CO2e,1.0
13511,Total emissions including non-Kyoto products,kg CO2e,1.0
13512,Total emissions including non-Kyoto products,kg CO2e,
13513,Total emissions including non-Kyoto products,kg CO2e,
13514,Total emissions including non-Kyoto products,kg CO2e,
