index,Level 4,GHG/Unit,GHG Conversion Factor
31510,Diesel,kg CO2e,0.00167
31511,Diesel,kg CO2e,0.00032
31512,Diesel,kg CO2e,
31513,Diesel,kg CO2e,
31514,Diesel,kg CO2e,
31515,Diesel,kg CO2e,0.00034
31516,Diesel,kg CO2e,
31517,Diesel,kg CO2e,0.00025
31518,Diesel,kg CO2e,0.00269
31519,Diesel,kg CO2e,0.00052
315110,Diesel,kg CO2e,
315111,Diesel,kg CO2e,
315112,Diesel,kg CO2e,
315113,Diesel,kg CO2e,0.00054
315114,Diesel,kg CO2e,
315115,Diesel,kg CO2e,0.00041
315116,Diesel,kg CO2e,0.00167
315117,Diesel,kg CO2e,0.00032
31510,Diesel,kg CO2e of CO2 per unit,
31511,Diesel,kg CO2e of CO2 per unit,
31512,Diesel,kg CO2e of CO2 per unit,
31513,Diesel,kg CO2e of CO2 per unit,0.00052
31514,Diesel,kg CO2e of CO2 per unit,0.00025
31515,Diesel,kg CO2e of CO2 per unit,0.00027
31516,Diesel,kg CO2e of CO2 per unit,0.00269
31517,Diesel,kg CO2e of CO2 per unit,0.00052
31518,Diesel,kg CO2e of CO2 per unit,
31519,Diesel,kg CO2e of CO2 per unit,
315110,Diesel,kg CO2e of CO2 per unit,
315111,Diesel,kg CO2e of CO2 per unit,0.00084
315112,Diesel,kg CO2e of CO2 per unit,0.0004
315113,Diesel,kg CO2e of CO2 per unit,0.00043
315114,Diesel,kg CO2e of CO2 per unit,0.00167
315115,Diesel,kg CO2e of CO2 per unit,0.00032
315116,Diesel,kg CO2e of CO2 per unit,
315117,Diesel,kg CO2e of CO2 per unit,
31510,Diesel,kg CO2e of CH4 per unit,
31511,Diesel,kg CO2e of CH4 per unit,0.001
31512,Diesel,kg CO2e of CH4 per unit,0.0003
31513,Diesel,kg CO2e of CH4 per unit,0.0003
31514,Diesel,kg CO2e of CH4 per unit,0.00269
31515,Diesel,kg CO2e of CH4 per unit,0.00052
31516,Diesel,kg CO2e of CH4 per unit,
31517,Diesel,kg CO2e of CH4 per unit,
31518,Diesel,kg CO2e of CH4 per unit,
31519,Diesel,kg CO2e of CH4 per unit,0.0016
315110,Diesel,kg CO2e of CH4 per unit,0.00049
315111,Diesel,kg CO2e of CH4 per unit,0.00048
315112,Diesel,kg CO2e of CH4 per unit,0.00167
315113,Diesel,kg CO2e of CH4 per unit,0.00032
315114,Diesel,kg CO2e of CH4 per unit,
315115,Diesel,kg CO2e of CH4 per unit,
315116,Diesel,kg CO2e of CH4 per unit,
315117,Diesel,kg CO2e of CH4 per unit,0.00139
31510,Diesel,kg CO2e of N2O per unit,0.00033
31511,Diesel,kg CO2e of N2O per unit,0.00022
31512,Diesel,kg CO2e of N2O per unit,0.00269
31513,Diesel,kg CO2e of N2O per unit,0.00052
31514,Diesel,kg CO2e of N2O per unit,
31515,Diesel,kg CO2e of N2O per unit,
31516,Diesel,kg CO2e of N2O per unit,
31517,Diesel,kg CO2e of N2O per unit,0.00222
31518,Diesel,kg CO2e of N2O per unit,0.00053
31519,Diesel,kg CO2e of N2O per unit,0.00036
315110,Diesel,kg CO2e of N2O per unit,0.00167
315111,Diesel,kg CO2e of N2O per unit,0.00032
315112,Diesel,kg CO2e of N2O per unit,
315113,Diesel,kg CO2e of N2O per unit,
315114,Diesel,kg CO2e of N2O per unit,
315115,Diesel,kg CO2e of N2O per unit,0.00135
315116,Diesel,kg CO2e of N2O per unit,0.00036
315117,Diesel,kg CO2e of N2O per unit,0.00029
31510,Petrol,kg CO2e,0.00269
31511,Petrol,kg CO2e,0.00052
31512,Petrol,kg CO2e,
31513,Petrol,kg CO2e,
31514,Petrol,kg CO2e,
31515,Petrol,kg CO2e,0.00218
31516,Petrol,kg CO2e,0.00059
31517,Petrol,kg CO2e,0.00047
31518,Petrol,kg CO2e,0.00167
31519,Petrol,kg CO2e,0.00032
315110,Petrol,kg CO2e,
315111,Petrol,kg CO2e,
315112,Petrol,kg CO2e,
315113,Petrol,kg CO2e,0.00103
315114,Petrol,kg CO2e,0.00039
315115,Petrol,kg CO2e,0.00035
315116,Petrol,kg CO2e,0.00269
315117,Petrol,kg CO2e,0.00052
31510,Petrol,kg CO2e of CO2 per unit,
31511,Petrol,kg CO2e of CO2 per unit,
31512,Petrol,kg CO2e of CO2 per unit,
31513,Petrol,kg CO2e of CO2 per unit,0.00166
31514,Petrol,kg CO2e of CO2 per unit,0.00063
31515,Petrol,kg CO2e of CO2 per unit,0.00055
31516,Petrol,kg CO2e of CO2 per unit,0.00167
31517,Petrol,kg CO2e of CO2 per unit,0.00032
31518,Petrol,kg CO2e of CO2 per unit,
31519,Petrol,kg CO2e of CO2 per unit,
315110,Petrol,kg CO2e of CO2 per unit,
315111,Petrol,kg CO2e of CO2 per unit,0.00053
315112,Petrol,kg CO2e of CO2 per unit,0.00031
315113,Petrol,kg CO2e of CO2 per unit,0.00043
315114,Petrol,kg CO2e of CO2 per unit,0.00269
315115,Petrol,kg CO2e of CO2 per unit,0.00052
315116,Petrol,kg CO2e of CO2 per unit,
315117,Petrol,kg CO2e of CO2 per unit,
31510,Petrol,kg CO2e of CH4 per unit,
31511,Petrol,kg CO2e of CH4 per unit,0.00086
31512,Petrol,kg CO2e of CH4 per unit,0.0005
31513,Petrol,kg CO2e of CH4 per unit,0.00068
31514,Petrol,kg CO2e of CH4 per unit,0.00167
31515,Petrol,kg CO2e of CH4 per unit,0.00032
31516,Petrol,kg CO2e of CH4 per unit,
31517,Petrol,kg CO2e of CH4 per unit,
31518,Petrol,kg CO2e of CH4 per unit,
31519,Petrol,kg CO2e of CH4 per unit,0.00132
315110,Petrol,kg CO2e of CH4 per unit,0.00038
315111,Petrol,kg CO2e of CH4 per unit,0.00039
315112,Petrol,kg CO2e of CH4 per unit,0.00269
315113,Petrol,kg CO2e of CH4 per unit,0.00052
315114,Petrol,kg CO2e of CH4 per unit,
315115,Petrol,kg CO2e of CH4 per unit,
315116,Petrol,kg CO2e of CH4 per unit,
315117,Petrol,kg CO2e of CH4 per unit,0.00212
31510,Petrol,kg CO2e of N2O per unit,0.00062
31511,Petrol,kg CO2e of N2O per unit,0.00063
31512,Petrol,kg CO2e of N2O per unit,0.00167
31513,Petrol,kg CO2e of N2O per unit,0.00032
31514,Petrol,kg CO2e of N2O per unit,
31515,Petrol,kg CO2e of N2O per unit,
31516,Petrol,kg CO2e of N2O per unit,
31517,Petrol,kg CO2e of N2O per unit,0.00132
31518,Petrol,kg CO2e of N2O per unit,0.00039
31519,Petrol,kg CO2e of N2O per unit,0.00039
315110,Petrol,kg CO2e of N2O per unit,0.00269
315111,Petrol,kg CO2e of N2O per unit,0.00052
315112,Petrol,kg CO2e of N2O per unit,
315113,Petrol,kg CO2e of N2O per unit,
315114,Petrol,kg CO2e of N2O per unit,
315115,Petrol,kg CO2e of N2O per unit,0.00212
315116,Petrol,kg CO2e of N2O per unit,0.00063
315117,Petrol,kg CO2e of N2O per unit,0.00064
31510,Hybrid,kg CO2e,4.6368e-06
31511,Hybrid,kg CO2e,0.00036
31512,Hybrid,kg CO2e,
31513,Hybrid,kg CO2e,
31514,Hybrid,kg CO2e,
31515,Hybrid,kg CO2e,0.00035
31516,Hybrid,kg CO2e,
31517,Hybrid,kg CO2e,0.00018
31518,Hybrid,kg CO2e,1e-05
31519,Hybrid,kg CO2e,0.00057
315110,Hybrid,kg CO2e,
315111,Hybrid,kg CO2e,
315112,Hybrid,kg CO2e,
315113,Hybrid,kg CO2e,0.00056
315114,Hybrid,kg CO2e,
315115,Hybrid,kg CO2e,0.00029
315116,Hybrid,kg CO2e,4.6368e-06
315117,Hybrid,kg CO2e,0.00036
31510,Hybrid,kg CO2e of CO2 per unit,
31511,Hybrid,kg CO2e of CO2 per unit,
31512,Hybrid,kg CO2e of CO2 per unit,
31513,Hybrid,kg CO2e of CO2 per unit,0.0003
31514,Hybrid,kg CO2e of CO2 per unit,0.00022
31515,Hybrid,kg CO2e of CO2 per unit,0.00019
31516,Hybrid,kg CO2e of CO2 per unit,1e-05
31517,Hybrid,kg CO2e of CO2 per unit,0.00057
31518,Hybrid,kg CO2e of CO2 per unit,
31519,Hybrid,kg CO2e of CO2 per unit,
315110,Hybrid,kg CO2e of CO2 per unit,
315111,Hybrid,kg CO2e of CO2 per unit,0.00048
315112,Hybrid,kg CO2e of CO2 per unit,0.00036
315113,Hybrid,kg CO2e of CO2 per unit,0.00031
315114,Hybrid,kg CO2e of CO2 per unit,4.6368e-06
315115,Hybrid,kg CO2e of CO2 per unit,0.00036
315116,Hybrid,kg CO2e of CO2 per unit,
315117,Hybrid,kg CO2e of CO2 per unit,
31510,Hybrid,kg CO2e of CH4 per unit,
31511,Hybrid,kg CO2e of CH4 per unit,0.00018
31512,Hybrid,kg CO2e of CH4 per unit,0.00034
31513,Hybrid,kg CO2e of CH4 per unit,0.00022
31514,Hybrid,kg CO2e of CH4 per unit,1e-05
31515,Hybrid,kg CO2e of CH4 per unit,0.00057
31516,Hybrid,kg CO2e of CH4 per unit,
31517,Hybrid,kg CO2e of CH4 per unit,
31518,Hybrid,kg CO2e of CH4 per unit,
31519,Hybrid,kg CO2e of CH4 per unit,0.00029
315110,Hybrid,kg CO2e of CH4 per unit,0.00054
315111,Hybrid,kg CO2e of CH4 per unit,0.00036
315112,Hybrid,kg CO2e of CH4 per unit,4.6368e-06
315113,Hybrid,kg CO2e of CH4 per unit,0.00036
315114,Hybrid,kg CO2e of CH4 per unit,
315115,Hybrid,kg CO2e of CH4 per unit,
315116,Hybrid,kg CO2e of CH4 per unit,
315117,Hybrid,kg CO2e of CH4 per unit,8e-05
31510,Hybrid,kg CO2e of N2O per unit,0.00035
31511,Hybrid,kg CO2e of N2O per unit,0.00017
31512,Hybrid,kg CO2e of N2O per unit,1e-05
31513,Hybrid,kg CO2e of N2O per unit,0.00057
31514,Hybrid,kg CO2e of N2O per unit,
31515,Hybrid,kg CO2e of N2O per unit,
31516,Hybrid,kg CO2e of N2O per unit,
31517,Hybrid,kg CO2e of N2O per unit,0.00012
31518,Hybrid,kg CO2e of N2O per unit,0.00056
31519,Hybrid,kg CO2e of N2O per unit,0.00026
315110,Hybrid,kg CO2e of N2O per unit,4.6368e-06
315111,Hybrid,kg CO2e of N2O per unit,0.00036
315112,Hybrid,kg CO2e of N2O per unit,
315113,Hybrid,kg CO2e of N2O per unit,
315114,Hybrid,kg CO2e of N2O per unit,
315115,Hybrid,kg CO2e of N2O per unit,9e-05
315116,Hybrid,kg CO2e of N2O per unit,0.00035
315117,Hybrid,kg CO2e of N2O per unit,0.00021
31510,CNG,kg CO2e,1e-05
31511,CNG,kg CO2e,0.00057
31512,CNG,kg CO2e,
31513,CNG,kg CO2e,
31514,CNG,kg CO2e,
31515,CNG,kg CO2e,0.00015
31516,CNG,kg CO2e,0.00055
31517,CNG,kg CO2e,0.00035
31518,CNG,kg CO2e,4.6368e-06
31519,CNG,kg CO2e,0.00036
315110,CNG,kg CO2e,
315111,CNG,kg CO2e,
315112,CNG,kg CO2e,
315113,CNG,kg CO2e,0.00017
315114,CNG,kg CO2e,0.00045
315115,CNG,kg CO2e,0.00025
315116,CNG,kg CO2e,1e-05
315117,CNG,kg CO2e,0.00057
31510,CNG,kg CO2e of CO2 per unit,
31511,CNG,kg CO2e of CO2 per unit,
31512,CNG,kg CO2e of CO2 per unit,
31513,CNG,kg CO2e of CO2 per unit,0.00028
31514,CNG,kg CO2e of CO2 per unit,0.00072
31515,CNG,kg CO2e of CO2 per unit,0.0004
31516,CNG,kg CO2e of CO2 per unit,4.6368e-06
31517,CNG,kg CO2e of CO2 per unit,0.00036
31518,CNG,kg CO2e of CO2 per unit,
31519,CNG,kg CO2e of CO2 per unit,
315110,CNG,kg CO2e of CO2 per unit,
315111,CNG,kg CO2e of CO2 per unit,0.0003
315112,CNG,kg CO2e of CO2 per unit,0.00036
315113,CNG,kg CO2e of CO2 per unit,0.00031
315114,CNG,kg CO2e of CO2 per unit,1e-05
315115,CNG,kg CO2e of CO2 per unit,0.00057
315116,CNG,kg CO2e of CO2 per unit,
315117,CNG,kg CO2e of CO2 per unit,
31510,CNG,kg CO2e of CH4 per unit,
31511,CNG,kg CO2e of CH4 per unit,0.00048
31512,CNG,kg CO2e of CH4 per unit,0.00057
31513,CNG,kg CO2e of CH4 per unit,0.0005
31514,CNG,kg CO2e of CH4 per unit,4.6368e-06
31515,CNG,kg CO2e of CH4 per unit,0.00036
31516,CNG,kg CO2e of CH4 per unit,
31517,CNG,kg CO2e of CH4 per unit,
31518,CNG,kg CO2e of CH4 per unit,
31519,CNG,kg CO2e of CH4 per unit,0.0001
315110,CNG,kg CO2e of CH4 per unit,0.0004
315111,CNG,kg CO2e of CH4 per unit,0.00029
315112,CNG,kg CO2e of CH4 per unit,1e-05
315113,CNG,kg CO2e of CH4 per unit,0.00057
315114,CNG,kg CO2e of CH4 per unit,
315115,CNG,kg CO2e of CH4 per unit,
315116,CNG,kg CO2e of CH4 per unit,
315117,CNG,kg CO2e of CH4 per unit,0.00016
31510,CNG,kg CO2e of N2O per unit,0.00065
31511,CNG,kg CO2e of N2O per unit,0.00046
31512,CNG,kg CO2e of N2O per unit,4.6368e-06
31513,CNG,kg CO2e of N2O per unit,0.00036
31514,CNG,kg CO2e of N2O per unit,
31515,CNG,kg CO2e of N2O per unit,
31516,CNG,kg CO2e of N2O per unit,
31517,CNG,kg CO2e of N2O per unit,0.0001
31518,CNG,kg CO2e of N2O per unit,0.00038
31519,CNG,kg CO2e of N2O per unit,0.00029
315110,CNG,kg CO2e of N2O per unit,1e-05
315111,CNG,kg CO2e of N2O per unit,0.00057
315112,CNG,kg CO2e of N2O per unit,
315113,CNG,kg CO2e of N2O per unit,
315114,CNG,kg CO2e of N2O per unit,
315115,CNG,kg CO2e of N2O per unit,0.00016
315116,CNG,kg CO2e of N2O per unit,0.00062
315117,CNG,kg CO2e of N2O per unit,0.00047
31510,LPG,kg CO2e,0.10996
31511,LPG,kg CO2e,0.13063
31512,LPG,kg CO2e,
31513,LPG,kg CO2e,
31514,LPG,kg CO2e,
31515,LPG,kg CO2e,0.13051
31516,LPG,kg CO2e,
31517,LPG,kg CO2e,0.03319
31518,LPG,kg CO2e,0.17696
31519,LPG,kg CO2e,0.21022
315110,LPG,kg CO2e,
315111,LPG,kg CO2e,
315112,LPG,kg CO2e,
315113,LPG,kg CO2e,0.21002
315114,LPG,kg CO2e,
315115,LPG,kg CO2e,0.05343
315116,LPG,kg CO2e,0.13452
315117,LPG,kg CO2e,0.14276
31510,LPG,kg CO2e of CO2 per unit,
31511,LPG,kg CO2e of CO2 per unit,
31512,LPG,kg CO2e of CO2 per unit,
31513,LPG,kg CO2e of CO2 per unit,0.14194
31514,LPG,kg CO2e of CO2 per unit,0.05669
31515,LPG,kg CO2e of CO2 per unit,0.03777
31516,LPG,kg CO2e of CO2 per unit,0.21649
31517,LPG,kg CO2e of CO2 per unit,0.22974
31518,LPG,kg CO2e of CO2 per unit,
31519,LPG,kg CO2e of CO2 per unit,
315110,LPG,kg CO2e of CO2 per unit,
315111,LPG,kg CO2e of CO2 per unit,0.22843
315112,LPG,kg CO2e of CO2 per unit,0.09123
315113,LPG,kg CO2e of CO2 per unit,0.06078
315114,LPG,kg CO2e of CO2 per unit,0.14517
315115,LPG,kg CO2e of CO2 per unit,0.16123
315116,LPG,kg CO2e of CO2 per unit,
315117,LPG,kg CO2e of CO2 per unit,
31510,LPG,kg CO2e of CH4 per unit,
31511,LPG,kg CO2e of CH4 per unit,0.15473
31512,LPG,kg CO2e of CH4 per unit,0.08477
31513,LPG,kg CO2e of CH4 per unit,0.03849
31514,LPG,kg CO2e of CH4 per unit,0.23363
31515,LPG,kg CO2e of CH4 per unit,0.25948
31516,LPG,kg CO2e of CH4 per unit,
31517,LPG,kg CO2e of CH4 per unit,
31518,LPG,kg CO2e of CH4 per unit,
31519,LPG,kg CO2e of CH4 per unit,0.249
315110,LPG,kg CO2e of CH4 per unit,0.13643
315111,LPG,kg CO2e of CH4 per unit,0.06192
315112,LPG,kg CO2e of CH4 per unit,0.16194
315113,LPG,kg CO2e of CH4 per unit,0.18535
315114,LPG,kg CO2e of CH4 per unit,
315115,LPG,kg CO2e of CH4 per unit,
315116,LPG,kg CO2e of CH4 per unit,
315117,LPG,kg CO2e of CH4 per unit,0.16752
31510,LPG,kg CO2e of N2O per unit,0.09172
31511,LPG,kg CO2e of N2O per unit,0.04178
31512,LPG,kg CO2e of N2O per unit,0.26063
31513,LPG,kg CO2e of N2O per unit,0.29828
31514,LPG,kg CO2e of N2O per unit,
31515,LPG,kg CO2e of N2O per unit,
31516,LPG,kg CO2e of N2O per unit,
31517,LPG,kg CO2e of N2O per unit,0.26959
31518,LPG,kg CO2e of N2O per unit,0.14761
31519,LPG,kg CO2e of N2O per unit,0.06722
315110,LPG,kg CO2e of N2O per unit,0.17088
315111,LPG,kg CO2e of N2O per unit,0.20073
315112,LPG,kg CO2e of N2O per unit,
315113,LPG,kg CO2e of N2O per unit,
315114,LPG,kg CO2e of N2O per unit,
315115,LPG,kg CO2e of N2O per unit,0.17846
315116,LPG,kg CO2e of N2O per unit,0.09133
315117,LPG,kg CO2e of N2O per unit,0.03702
31510,Unknown,kg CO2e,0.27501
31511,Unknown,kg CO2e,0.32304
31512,Unknown,kg CO2e,
31513,Unknown,kg CO2e,
31514,Unknown,kg CO2e,
31515,Unknown,kg CO2e,0.2872
31516,Unknown,kg CO2e,0.14698
31517,Unknown,kg CO2e,0.05957
31518,Unknown,kg CO2e,0.20632
31519,Unknown,kg CO2e,0.30752
315110,Unknown,kg CO2e,
315111,Unknown,kg CO2e,
315112,Unknown,kg CO2e,
315113,Unknown,kg CO2e,0.25196
315114,Unknown,kg CO2e,0.1251
315115,Unknown,kg CO2e,0.04902
315116,Unknown,kg CO2e,0.33205
315117,Unknown,kg CO2e,0.4949
31510,Unknown,kg CO2e of CO2 per unit,
31511,Unknown,kg CO2e of CO2 per unit,
31512,Unknown,kg CO2e of CO2 per unit,
31513,Unknown,kg CO2e of CO2 per unit,0.4055
31514,Unknown,kg CO2e of CO2 per unit,0.20132
31515,Unknown,kg CO2e of CO2 per unit,0.07888
31516,Unknown,kg CO2e of CO2 per unit,0.17323
31517,Unknown,kg CO2e of CO2 per unit,0.23396
31518,Unknown,kg CO2e of CO2 per unit,
31519,Unknown,kg CO2e of CO2 per unit,
315110,Unknown,kg CO2e of CO2 per unit,
315111,Unknown,kg CO2e of CO2 per unit,0.224
315112,Unknown,kg CO2e of CO2 per unit,0.14904
315113,Unknown,kg CO2e of CO2 per unit,0.0626
315114,Unknown,kg CO2e of CO2 per unit,0.27879
315115,Unknown,kg CO2e of CO2 per unit,0.37652
315116,Unknown,kg CO2e of CO2 per unit,
315117,Unknown,kg CO2e of CO2 per unit,
31510,Unknown,kg CO2e of CH4 per unit,
31511,Unknown,kg CO2e of CH4 per unit,0.36048
31512,Unknown,kg CO2e of CH4 per unit,0.23984
31513,Unknown,kg CO2e of CH4 per unit,0.10075
31514,Unknown,kg CO2e of CH4 per unit,0.19973
31515,Unknown,kg CO2e of CH4 per unit,0.19219
31516,Unknown,kg CO2e of CH4 per unit,
31517,Unknown,kg CO2e of CH4 per unit,
31518,Unknown,kg CO2e of CH4 per unit,
31519,Unknown,kg CO2e of CH4 per unit,0.1969
315110,Unknown,kg CO2e of CH4 per unit,0.11663
315111,Unknown,kg CO2e of CH4 per unit,0.04228
315112,Unknown,kg CO2e of CH4 per unit,0.32145
315113,Unknown,kg CO2e of CH4 per unit,0.3093
315114,Unknown,kg CO2e of CH4 per unit,
315115,Unknown,kg CO2e of CH4 per unit,
315116,Unknown,kg CO2e of CH4 per unit,
315117,Unknown,kg CO2e of CH4 per unit,0.31687
31510,Unknown,kg CO2e of N2O per unit,0.18769
31511,Unknown,kg CO2e of N2O per unit,0.06804
31512,Unknown,kg CO2e of N2O per unit,0.18072
31513,Unknown,kg CO2e of N2O per unit,0.17903
31514,Unknown,kg CO2e of N2O per unit,
31515,Unknown,kg CO2e of N2O per unit,
31516,Unknown,kg CO2e of N2O per unit,
31517,Unknown,kg CO2e of N2O per unit,0.1803
31518,Unknown,kg CO2e of N2O per unit,0.10193
31519,Unknown,kg CO2e of N2O per unit,0.05202
315110,Unknown,kg CO2e of N2O per unit,0.29085
315111,Unknown,kg CO2e of N2O per unit,0.28812
315112,Unknown,kg CO2e of N2O per unit,
315113,Unknown,kg CO2e of N2O per unit,
315114,Unknown,kg CO2e of N2O per unit,
315115,Unknown,kg CO2e of N2O per unit,0.29016
315116,Unknown,kg CO2e of N2O per unit,0.16406
315117,Unknown,kg CO2e of N2O per unit,0.08373
31510,Plug-in Hybrid Electric Vehicle,kg CO2e,0.10828
31511,Plug-in Hybrid Electric Vehicle,kg CO2e,0.12995
31512,Plug-in Hybrid Electric Vehicle,kg CO2e,
31513,Plug-in Hybrid Electric Vehicle,kg CO2e,
31514,Plug-in Hybrid Electric Vehicle,kg CO2e,
31515,Plug-in Hybrid Electric Vehicle,kg CO2e,0.12982
31516,Plug-in Hybrid Electric Vehicle,kg CO2e,
31517,Plug-in Hybrid Electric Vehicle,kg CO2e,0.03276
31518,Plug-in Hybrid Electric Vehicle,kg CO2e,0.17425
31519,Plug-in Hybrid Electric Vehicle,kg CO2e,0.20913
315110,Plug-in Hybrid Electric Vehicle,kg CO2e,
315111,Plug-in Hybrid Electric Vehicle,kg CO2e,
315112,Plug-in Hybrid Electric Vehicle,kg CO2e,
315113,Plug-in Hybrid Electric Vehicle,kg CO2e,0.20892
315114,Plug-in Hybrid Electric Vehicle,kg CO2e,
315115,Plug-in Hybrid Electric Vehicle,kg CO2e,0.05273
315116,Plug-in Hybrid Electric Vehicle,kg CO2e,0.13284
315117,Plug-in Hybrid Electric Vehicle,kg CO2e,0.14208
31510,Plug-in Hybrid Electric Vehicle,kg CO2e of CO2 per unit,
31511,Plug-in Hybrid Electric Vehicle,kg CO2e of CO2 per unit,
31512,Plug-in Hybrid Electric Vehicle,kg CO2e of CO2 per unit,
31513,Plug-in Hybrid Electric Vehicle,kg CO2e of CO2 per unit,0.14111
31514,Plug-in Hybrid Electric Vehicle,kg CO2e of CO2 per unit,0.05622
31515,Plug-in Hybrid Electric Vehicle,kg CO2e of CO2 per unit,0.03731
31516,Plug-in Hybrid Electric Vehicle,kg CO2e of CO2 per unit,0.21378
31517,Plug-in Hybrid Electric Vehicle,kg CO2e of CO2 per unit,0.22865
31518,Plug-in Hybrid Electric Vehicle,kg CO2e of CO2 per unit,
31519,Plug-in Hybrid Electric Vehicle,kg CO2e of CO2 per unit,
315110,Plug-in Hybrid Electric Vehicle,kg CO2e of CO2 per unit,
315111,Plug-in Hybrid Electric Vehicle,kg CO2e of CO2 per unit,0.2271
315112,Plug-in Hybrid Electric Vehicle,kg CO2e of CO2 per unit,0.09047
315113,Plug-in Hybrid Electric Vehicle,kg CO2e of CO2 per unit,0.06004
315114,Plug-in Hybrid Electric Vehicle,kg CO2e of CO2 per unit,0.14349
315115,Plug-in Hybrid Electric Vehicle,kg CO2e of CO2 per unit,0.16055
315116,Plug-in Hybrid Electric Vehicle,kg CO2e of CO2 per unit,
315117,Plug-in Hybrid Electric Vehicle,kg CO2e of CO2 per unit,
31510,Plug-in Hybrid Electric Vehicle,kg CO2e of CH4 per unit,
31511,Plug-in Hybrid Electric Vehicle,kg CO2e of CH4 per unit,0.15355
31512,Plug-in Hybrid Electric Vehicle,kg CO2e of CH4 per unit,0.08413
31513,Plug-in Hybrid Electric Vehicle,kg CO2e of CH4 per unit,0.03796
31514,Plug-in Hybrid Electric Vehicle,kg CO2e of CH4 per unit,0.23092
31515,Plug-in Hybrid Electric Vehicle,kg CO2e of CH4 per unit,0.25839
31516,Plug-in Hybrid Electric Vehicle,kg CO2e of CH4 per unit,
31517,Plug-in Hybrid Electric Vehicle,kg CO2e of CH4 per unit,
31518,Plug-in Hybrid Electric Vehicle,kg CO2e of CH4 per unit,
31519,Plug-in Hybrid Electric Vehicle,kg CO2e of CH4 per unit,0.24711
315110,Plug-in Hybrid Electric Vehicle,kg CO2e of CH4 per unit,0.1354
315111,Plug-in Hybrid Electric Vehicle,kg CO2e of CH4 per unit,0.06108
315112,Plug-in Hybrid Electric Vehicle,kg CO2e of CH4 per unit,0.16026
315113,Plug-in Hybrid Electric Vehicle,kg CO2e of CH4 per unit,0.18467
315114,Plug-in Hybrid Electric Vehicle,kg CO2e of CH4 per unit,
315115,Plug-in Hybrid Electric Vehicle,kg CO2e of CH4 per unit,
315116,Plug-in Hybrid Electric Vehicle,kg CO2e of CH4 per unit,
315117,Plug-in Hybrid Electric Vehicle,kg CO2e of CH4 per unit,0.16605
31510,Plug-in Hybrid Electric Vehicle,kg CO2e of N2O per unit,0.09104
31511,Plug-in Hybrid Electric Vehicle,kg CO2e of N2O per unit,0.04139
31512,Plug-in Hybrid Electric Vehicle,kg CO2e of N2O per unit,0.25792
31513,Plug-in Hybrid Electric Vehicle,kg CO2e of N2O per unit,0.29719
31514,Plug-in Hybrid Electric Vehicle,kg CO2e of N2O per unit,
31515,Plug-in Hybrid Electric Vehicle,kg CO2e of N2O per unit,
31516,Plug-in Hybrid Electric Vehicle,kg CO2e of N2O per unit,
31517,Plug-in Hybrid Electric Vehicle,kg CO2e of N2O per unit,0.26724
31518,Plug-in Hybrid Electric Vehicle,kg CO2e of N2O per unit,0.14652
31519,Plug-in Hybrid Electric Vehicle,kg CO2e of N2O per unit,0.06661
315110,Plug-in Hybrid Electric Vehicle,kg CO2e of N2O per unit,0.1692
315111,Plug-in Hybrid Electric Vehicle,kg CO2e of N2O per unit,0.20005
315112,Plug-in Hybrid Electric Vehicle,kg CO2e of N2O per unit,
315113,Plug-in Hybrid Electric Vehicle,kg CO2e of N2O per unit,
315114,Plug-in Hybrid Electric Vehicle,kg CO2e of N2O per unit,
315115,Plug-in Hybrid Electric Vehicle,kg CO2e of N2O per unit,0.17702
315116,Plug-in Hybrid Electric Vehicle,kg CO2e of N2O per unit,0.09062
315117,Plug-in Hybrid Electric Vehicle,kg CO2e of N2O per unit,0.03651
31510,Battery Electric Vehicle,kg CO2e,0.2723
31511,Battery Electric Vehicle,kg CO2e,0.32195
31512,Battery Electric Vehicle,kg CO2e,
31513,Battery Electric Vehicle,kg CO2e,
31514,Battery Electric Vehicle,kg CO2e,
31515,Battery Electric Vehicle,kg CO2e,0.28488
31516,Battery Electric Vehicle,kg CO2e,0.14584
31517,Battery Electric Vehicle,kg CO2e,0.05875
31518,Battery Electric Vehicle,kg CO2e,0.20464
31519,Battery Electric Vehicle,kg CO2e,0.30684
315110,Battery Electric Vehicle,kg CO2e,
315111,Battery Electric Vehicle,kg CO2e,
315112,Battery Electric Vehicle,kg CO2e,
315113,Battery Electric Vehicle,kg CO2e,0.25076
315114,Battery Electric Vehicle,kg CO2e,0.12426
315115,Battery Electric Vehicle,kg CO2e,0.04843
315116,Battery Electric Vehicle,kg CO2e,0.32934
315117,Battery Electric Vehicle,kg CO2e,0.49381
31510,Battery Electric Vehicle,kg CO2e of CO2 per unit,
31511,Battery Electric Vehicle,kg CO2e of CO2 per unit,
31512,Battery Electric Vehicle,kg CO2e of CO2 per unit,
31513,Battery Electric Vehicle,kg CO2e of CO2 per unit,0.40356
31514,Battery Electric Vehicle,kg CO2e of CO2 per unit,0.19997
31515,Battery Electric Vehicle,kg CO2e of CO2 per unit,0.07793
31516,Battery Electric Vehicle,kg CO2e of CO2 per unit,0.17155
31517,Battery Electric Vehicle,kg CO2e of CO2 per unit,0.23328
31518,Battery Electric Vehicle,kg CO2e of CO2 per unit,
31519,Battery Electric Vehicle,kg CO2e of CO2 per unit,
315110,Battery Electric Vehicle,kg CO2e of CO2 per unit,
315111,Battery Electric Vehicle,kg CO2e of CO2 per unit,0.22316
315112,Battery Electric Vehicle,kg CO2e of CO2 per unit,0.14837
315113,Battery Electric Vehicle,kg CO2e of CO2 per unit,0.06186
315114,Battery Electric Vehicle,kg CO2e of CO2 per unit,0.27608
315115,Battery Electric Vehicle,kg CO2e of CO2 per unit,0.37543
315116,Battery Electric Vehicle,kg CO2e of CO2 per unit,
315117,Battery Electric Vehicle,kg CO2e of CO2 per unit,
31510,Battery Electric Vehicle,kg CO2e of CH4 per unit,
31511,Battery Electric Vehicle,kg CO2e of CH4 per unit,0.35914
31512,Battery Electric Vehicle,kg CO2e of CH4 per unit,0.23877
31513,Battery Electric Vehicle,kg CO2e of CH4 per unit,0.09956
31514,Battery Electric Vehicle,kg CO2e of CH4 per unit,0.19805
31515,Battery Electric Vehicle,kg CO2e of CH4 per unit,0.19151
31516,Battery Electric Vehicle,kg CO2e of CH4 per unit,
31517,Battery Electric Vehicle,kg CO2e of CH4 per unit,
31518,Battery Electric Vehicle,kg CO2e of CH4 per unit,
31519,Battery Electric Vehicle,kg CO2e of CH4 per unit,0.19548
315110,Battery Electric Vehicle,kg CO2e of CH4 per unit,0.11584
315111,Battery Electric Vehicle,kg CO2e of CH4 per unit,0.0416
315112,Battery Electric Vehicle,kg CO2e of CH4 per unit,0.31874
315113,Battery Electric Vehicle,kg CO2e of CH4 per unit,0.30821
315114,Battery Electric Vehicle,kg CO2e of CH4 per unit,
315115,Battery Electric Vehicle,kg CO2e of CH4 per unit,
315116,Battery Electric Vehicle,kg CO2e of CH4 per unit,
315117,Battery Electric Vehicle,kg CO2e of CH4 per unit,0.3146
31510,Battery Electric Vehicle,kg CO2e of N2O per unit,0.18642
31511,Battery Electric Vehicle,kg CO2e of N2O per unit,0.06695
31512,Battery Electric Vehicle,kg CO2e of N2O per unit,0.17904
31513,Battery Electric Vehicle,kg CO2e of N2O per unit,0.17835
31514,Battery Electric Vehicle,kg CO2e of N2O per unit,
31515,Battery Electric Vehicle,kg CO2e of N2O per unit,
31516,Battery Electric Vehicle,kg CO2e of N2O per unit,
31517,Battery Electric Vehicle,kg CO2e of N2O per unit,0.17888
31518,Battery Electric Vehicle,kg CO2e of N2O per unit,0.10116
31519,Battery Electric Vehicle,kg CO2e of N2O per unit,0.05134
315110,Battery Electric Vehicle,kg CO2e of N2O per unit,0.28814
315111,Battery Electric Vehicle,kg CO2e of N2O per unit,0.28703
315112,Battery Electric Vehicle,kg CO2e of N2O per unit,
315113,Battery Electric Vehicle,kg CO2e of N2O per unit,
315114,Battery Electric Vehicle,kg CO2e of N2O per unit,
315115,Battery Electric Vehicle,kg CO2e of N2O per unit,0.28789
315116,Battery Electric Vehicle,kg CO2e of N2O per unit,0.16281
315117,Battery Electric Vehicle,kg CO2e of N2O per unit,0.08262
31520,Diesel,kg CO2e,0.00167
31521,Diesel,kg CO2e,0.00032
31522,Diesel,kg CO2e,0.00077
31523,Diesel,kg CO2e,
31524,Diesel,kg CO2e,
31525,Diesel,kg CO2e,0.00077
31526,Diesel,kg CO2e,0.00025
31527,Diesel,kg CO2e,0.00026
31520,Diesel,kg CO2e of CO2 per unit,0.00269
31521,Diesel,kg CO2e of CO2 per unit,0.00052
31522,Diesel,kg CO2e of CO2 per unit,0.00124
31523,Diesel,kg CO2e of CO2 per unit,
31524,Diesel,kg CO2e of CO2 per unit,
31525,Diesel,kg CO2e of CO2 per unit,0.00124
31526,Diesel,kg CO2e of CO2 per unit,0.0004
31527,Diesel,kg CO2e of CO2 per unit,0.00042
31520,Diesel,kg CO2e of CH4 per unit,0.00167
31521,Diesel,kg CO2e of CH4 per unit,0.00032
31522,Diesel,kg CO2e of CH4 per unit,0.00104
31523,Diesel,kg CO2e of CH4 per unit,0.00036
31524,Diesel,kg CO2e of CH4 per unit,0.00036
31525,Diesel,kg CO2e of CH4 per unit,0.00104
31526,Diesel,kg CO2e of CH4 per unit,0.00032
31527,Diesel,kg CO2e of CH4 per unit,0.0003
31520,Diesel,kg CO2e of N2O per unit,0.00269
31521,Diesel,kg CO2e of N2O per unit,0.00052
31522,Diesel,kg CO2e of N2O per unit,0.00168
31523,Diesel,kg CO2e of N2O per unit,0.00058
31524,Diesel,kg CO2e of N2O per unit,0.00058
31525,Diesel,kg CO2e of N2O per unit,0.00168
31526,Diesel,kg CO2e of N2O per unit,0.00052
31527,Diesel,kg CO2e of N2O per unit,0.00048
31520,Petrol,kg CO2e,0.00167
31521,Petrol,kg CO2e,0.00032
31522,Petrol,kg CO2e,0.00133
31523,Petrol,kg CO2e,0.00036
31524,Petrol,kg CO2e,0.00036
31525,Petrol,kg CO2e,0.00133
31526,Petrol,kg CO2e,0.00038
31527,Petrol,kg CO2e,0.00035
31520,Petrol,kg CO2e of CO2 per unit,0.00269
31521,Petrol,kg CO2e of CO2 per unit,0.00052
31522,Petrol,kg CO2e of CO2 per unit,0.00213
31523,Petrol,kg CO2e of CO2 per unit,0.00058
31524,Petrol,kg CO2e of CO2 per unit,0.00058
31525,Petrol,kg CO2e of CO2 per unit,0.00213
31526,Petrol,kg CO2e of CO2 per unit,0.00061
31527,Petrol,kg CO2e of CO2 per unit,0.00056
31520,Petrol,kg CO2e of CH4 per unit,0.00167
31521,Petrol,kg CO2e of CH4 per unit,0.00032
31522,Petrol,kg CO2e of CH4 per unit,0.00098
31523,Petrol,kg CO2e of CH4 per unit,0.00036
31524,Petrol,kg CO2e of CH4 per unit,0.00036
31525,Petrol,kg CO2e of CH4 per unit,0.00098
31526,Petrol,kg CO2e of CH4 per unit,0.00035
31527,Petrol,kg CO2e of CH4 per unit,0.00031
31520,Petrol,kg CO2e of N2O per unit,0.00269
31521,Petrol,kg CO2e of N2O per unit,0.00052
31522,Petrol,kg CO2e of N2O per unit,0.00157
31523,Petrol,kg CO2e of N2O per unit,0.00058
31524,Petrol,kg CO2e of N2O per unit,0.00058
31525,Petrol,kg CO2e of N2O per unit,0.00157
31526,Petrol,kg CO2e of N2O per unit,0.00056
31527,Petrol,kg CO2e of N2O per unit,0.00051
31520,Hybrid,kg CO2e,4.6368e-06
31521,Hybrid,kg CO2e,0.00036
31522,Hybrid,kg CO2e,0.00024
31523,Hybrid,kg CO2e,
31524,Hybrid,kg CO2e,
31525,Hybrid,kg CO2e,0.00024
31526,Hybrid,kg CO2e,0.00022
31527,Hybrid,kg CO2e,0.00019
31520,Hybrid,kg CO2e of CO2 per unit,1e-05
31521,Hybrid,kg CO2e of CO2 per unit,0.00057
31522,Hybrid,kg CO2e of CO2 per unit,0.00038
31523,Hybrid,kg CO2e of CO2 per unit,
31524,Hybrid,kg CO2e of CO2 per unit,
31525,Hybrid,kg CO2e of CO2 per unit,0.00038
31526,Hybrid,kg CO2e of CO2 per unit,0.00036
31527,Hybrid,kg CO2e of CO2 per unit,0.00031
31520,Hybrid,kg CO2e of CH4 per unit,4.6368e-06
31521,Hybrid,kg CO2e of CH4 per unit,0.00036
31522,Hybrid,kg CO2e of CH4 per unit,0.00017
31523,Hybrid,kg CO2e of CH4 per unit,0.00177
31524,Hybrid,kg CO2e of CH4 per unit,6e-05
31525,Hybrid,kg CO2e of CH4 per unit,0.00017
31526,Hybrid,kg CO2e of CH4 per unit,0.00035
31527,Hybrid,kg CO2e of CH4 per unit,0.00022
31520,Hybrid,kg CO2e of N2O per unit,1e-05
31521,Hybrid,kg CO2e of N2O per unit,0.00057
31522,Hybrid,kg CO2e of N2O per unit,0.00027
31523,Hybrid,kg CO2e of N2O per unit,0.00286
31524,Hybrid,kg CO2e of N2O per unit,9e-05
31525,Hybrid,kg CO2e of N2O per unit,0.00027
31526,Hybrid,kg CO2e of N2O per unit,0.00055
31527,Hybrid,kg CO2e of N2O per unit,0.00036
31520,CNG,kg CO2e,4.6368e-06
31521,CNG,kg CO2e,0.00036
31522,CNG,kg CO2e,0.0001
31523,CNG,kg CO2e,0.00177
31524,CNG,kg CO2e,6e-05
31525,CNG,kg CO2e,0.0001
31526,CNG,kg CO2e,0.00039
31527,CNG,kg CO2e,0.00026
31520,CNG,kg CO2e of CO2 per unit,1e-05
31521,CNG,kg CO2e of CO2 per unit,0.00057
31522,CNG,kg CO2e of CO2 per unit,0.00016
31523,CNG,kg CO2e of CO2 per unit,0.00286
31524,CNG,kg CO2e of CO2 per unit,9e-05
31525,CNG,kg CO2e of CO2 per unit,0.00016
31526,CNG,kg CO2e of CO2 per unit,0.00064
31527,CNG,kg CO2e of CO2 per unit,0.00041
31520,CNG,kg CO2e of CH4 per unit,4.6368e-06
31521,CNG,kg CO2e of CH4 per unit,0.00036
31522,CNG,kg CO2e of CH4 per unit,0.00019
31523,CNG,kg CO2e of CH4 per unit,0.00177
31524,CNG,kg CO2e of CH4 per unit,6e-05
31525,CNG,kg CO2e of CH4 per unit,0.00019
31526,CNG,kg CO2e of CH4 per unit,0.00037
31527,CNG,kg CO2e of CH4 per unit,0.00024
31520,CNG,kg CO2e of N2O per unit,1e-05
31521,CNG,kg CO2e of N2O per unit,0.00057
31522,CNG,kg CO2e of N2O per unit,0.0003
31523,CNG,kg CO2e of N2O per unit,0.00286
31524,CNG,kg CO2e of N2O per unit,9e-05
31525,CNG,kg CO2e of N2O per unit,0.0003
31526,CNG,kg CO2e of N2O per unit,0.00059
31527,CNG,kg CO2e of N2O per unit,0.00037
31520,LPG,kg CO2e,0.1434
31521,LPG,kg CO2e,0.14308
31522,LPG,kg CO2e,0.11413
31523,LPG,kg CO2e,
31524,LPG,kg CO2e,
31525,LPG,kg CO2e,0.14322
31526,LPG,kg CO2e,0.05669
31527,LPG,kg CO2e,0.03688
31520,LPG,kg CO2e of CO2 per unit,0.23078
31521,LPG,kg CO2e of CO2 per unit,0.23027
31522,LPG,kg CO2e of CO2 per unit,0.18368
31523,LPG,kg CO2e of CO2 per unit,
31524,LPG,kg CO2e of CO2 per unit,
31525,LPG,kg CO2e of CO2 per unit,0.23049
31526,LPG,kg CO2e of CO2 per unit,0.09123
31527,LPG,kg CO2e of CO2 per unit,0.05936
31520,LPG,kg CO2e of CH4 per unit,0.17174
31521,LPG,kg CO2e of CH4 per unit,0.17474
31522,LPG,kg CO2e of CH4 per unit,0.11724
31523,LPG,kg CO2e of CH4 per unit,0.15504
31524,LPG,kg CO2e of CH4 per unit,0.17427
31525,LPG,kg CO2e of CH4 per unit,0.17322
31526,LPG,kg CO2e of CH4 per unit,0.0882
31527,LPG,kg CO2e of CH4 per unit,0.03882
31520,LPG,kg CO2e of N2O per unit,0.27639
31521,LPG,kg CO2e of N2O per unit,0.28121
31522,LPG,kg CO2e of N2O per unit,0.18869
31523,LPG,kg CO2e of N2O per unit,0.24952
31524,LPG,kg CO2e of N2O per unit,0.28046
31525,LPG,kg CO2e of N2O per unit,0.27877
31526,LPG,kg CO2e of N2O per unit,0.14193
31527,LPG,kg CO2e of N2O per unit,0.06246
31520,Unknown,kg CO2e,0.21007
31521,Unknown,kg CO2e,0.26828
31522,Unknown,kg CO2e,0.1565
31523,Unknown,kg CO2e,0.23722
31524,Unknown,kg CO2e,0.26771
31525,Unknown,kg CO2e,0.22678
31526,Unknown,kg CO2e,0.1143
31527,Unknown,kg CO2e,0.04205
31520,Unknown,kg CO2e of CO2 per unit,0.33808
31521,Unknown,kg CO2e of CO2 per unit,0.43175
31522,Unknown,kg CO2e of CO2 per unit,0.25184
31523,Unknown,kg CO2e of CO2 per unit,0.38177
31524,Unknown,kg CO2e of CO2 per unit,0.43082
31525,Unknown,kg CO2e of CO2 per unit,0.36495
31526,Unknown,kg CO2e of CO2 per unit,0.18396
31527,Unknown,kg CO2e of CO2 per unit,0.06767
31520,Unknown,kg CO2e of CH4 per unit,0.17304
31521,Unknown,kg CO2e of CH4 per unit,0.16272
31522,Unknown,kg CO2e of CH4 per unit,0.12825
31523,Unknown,kg CO2e of CH4 per unit,0.17414
31524,Unknown,kg CO2e of CH4 per unit,0.19599
31525,Unknown,kg CO2e of CH4 per unit,0.16725
31526,Unknown,kg CO2e of CH4 per unit,0.10461
31527,Unknown,kg CO2e of CH4 per unit,0.04047
31520,Unknown,kg CO2e of N2O per unit,0.27849
31521,Unknown,kg CO2e of N2O per unit,0.26187
31522,Unknown,kg CO2e of N2O per unit,0.20639
31523,Unknown,kg CO2e of N2O per unit,0.28025
31524,Unknown,kg CO2e of N2O per unit,0.31541
31525,Unknown,kg CO2e of N2O per unit,0.26915
31526,Unknown,kg CO2e of N2O per unit,0.16834
31527,Unknown,kg CO2e of N2O per unit,0.06512
31520,Plug-in Hybrid Electric Vehicle,kg CO2e,0.14172
31521,Plug-in Hybrid Electric Vehicle,kg CO2e,0.1424
31522,Plug-in Hybrid Electric Vehicle,kg CO2e,0.11312
31523,Plug-in Hybrid Electric Vehicle,kg CO2e,
31524,Plug-in Hybrid Electric Vehicle,kg CO2e,
31525,Plug-in Hybrid Electric Vehicle,kg CO2e,0.14221
31526,Plug-in Hybrid Electric Vehicle,kg CO2e,0.05622
31527,Plug-in Hybrid Electric Vehicle,kg CO2e,0.03643
31520,Plug-in Hybrid Electric Vehicle,kg CO2e of CO2 per unit,0.22807
31521,Plug-in Hybrid Electric Vehicle,kg CO2e of CO2 per unit,0.22918
31522,Plug-in Hybrid Electric Vehicle,kg CO2e of CO2 per unit,0.18205
31523,Plug-in Hybrid Electric Vehicle,kg CO2e of CO2 per unit,
31524,Plug-in Hybrid Electric Vehicle,kg CO2e of CO2 per unit,
31525,Plug-in Hybrid Electric Vehicle,kg CO2e of CO2 per unit,0.22886
31526,Plug-in Hybrid Electric Vehicle,kg CO2e of CO2 per unit,0.09047
31527,Plug-in Hybrid Electric Vehicle,kg CO2e of CO2 per unit,0.05863
31520,Plug-in Hybrid Electric Vehicle,kg CO2e of CH4 per unit,0.17006
31521,Plug-in Hybrid Electric Vehicle,kg CO2e of CH4 per unit,0.17406
31522,Plug-in Hybrid Electric Vehicle,kg CO2e of CH4 per unit,0.11603
31523,Plug-in Hybrid Electric Vehicle,kg CO2e of CH4 per unit,0.15291
31524,Plug-in Hybrid Electric Vehicle,kg CO2e of CH4 per unit,0.17385
31525,Plug-in Hybrid Electric Vehicle,kg CO2e of CH4 per unit,0.17201
31526,Plug-in Hybrid Electric Vehicle,kg CO2e of CH4 per unit,0.08753
31527,Plug-in Hybrid Electric Vehicle,kg CO2e of CH4 per unit,0.03829
31520,Plug-in Hybrid Electric Vehicle,kg CO2e of N2O per unit,0.27368
31521,Plug-in Hybrid Electric Vehicle,kg CO2e of N2O per unit,0.28012
31522,Plug-in Hybrid Electric Vehicle,kg CO2e of N2O per unit,0.18674
31523,Plug-in Hybrid Electric Vehicle,kg CO2e of N2O per unit,0.24609
31524,Plug-in Hybrid Electric Vehicle,kg CO2e of N2O per unit,0.27979
31525,Plug-in Hybrid Electric Vehicle,kg CO2e of N2O per unit,0.27682
31526,Plug-in Hybrid Electric Vehicle,kg CO2e of N2O per unit,0.14087
31527,Plug-in Hybrid Electric Vehicle,kg CO2e of N2O per unit,0.06162
31520,Battery Electric Vehicle,kg CO2e,0.20839
31521,Battery Electric Vehicle,kg CO2e,0.2676
31522,Battery Electric Vehicle,kg CO2e,0.15507
31523,Battery Electric Vehicle,kg CO2e,0.23509
31524,Battery Electric Vehicle,kg CO2e,0.26729
31525,Battery Electric Vehicle,kg CO2e,0.22535
31526,Battery Electric Vehicle,kg CO2e,0.11353
31527,Battery Electric Vehicle,kg CO2e,0.04145
31520,Battery Electric Vehicle,kg CO2e of CO2 per unit,0.33537
31521,Battery Electric Vehicle,kg CO2e of CO2 per unit,0.43066
31522,Battery Electric Vehicle,kg CO2e of CO2 per unit,0.24956
31523,Battery Electric Vehicle,kg CO2e of CO2 per unit,0.37834
31524,Battery Electric Vehicle,kg CO2e of CO2 per unit,0.43015
31525,Battery Electric Vehicle,kg CO2e of CO2 per unit,0.36267
31526,Battery Electric Vehicle,kg CO2e of CO2 per unit,0.18271
31527,Battery Electric Vehicle,kg CO2e of CO2 per unit,0.0667
31520,Battery Electric Vehicle,kg CO2e of CH4 per unit,0.17136
31521,Battery Electric Vehicle,kg CO2e of CH4 per unit,0.16204
31522,Battery Electric Vehicle,kg CO2e of CH4 per unit,0.12708
31523,Battery Electric Vehicle,kg CO2e of CH4 per unit,0.17201
31524,Battery Electric Vehicle,kg CO2e of CH4 per unit,0.19557
31525,Battery Electric Vehicle,kg CO2e of CH4 per unit,0.16608
31526,Battery Electric Vehicle,kg CO2e of CH4 per unit,0.10389
31527,Battery Electric Vehicle,kg CO2e of CH4 per unit,0.03992
31520,Battery Electric Vehicle,kg CO2e of N2O per unit,0.27578
31521,Battery Electric Vehicle,kg CO2e of N2O per unit,0.26078
31522,Battery Electric Vehicle,kg CO2e of N2O per unit,0.20452
31523,Battery Electric Vehicle,kg CO2e of N2O per unit,0.27682
31524,Battery Electric Vehicle,kg CO2e of N2O per unit,0.31474
31525,Battery Electric Vehicle,kg CO2e of N2O per unit,0.26728
31526,Battery Electric Vehicle,kg CO2e of N2O per unit,0.16719
31527,Battery Electric Vehicle,kg CO2e of N2O per unit,0.06424
31530,,kg CO2e,0.0005
31531,,kg CO2e,0.0008
31532,,kg CO2e,0.00053
31533,,kg CO2e,0.00085
31534,,kg CO2e,0.00053
31535,,kg CO2e,0.00085
31536,,kg CO2e,0.00052
31537,,kg CO2e,0.00084
31530,,kg CO2e of CO2 per unit,0.00175
31531,,kg CO2e of CO2 per unit,0.00282
31532,,kg CO2e of CO2 per unit,0.00228
31533,,kg CO2e of CO2 per unit,0.00367
31534,,kg CO2e of CO2 per unit,0.00127
31535,,kg CO2e of CO2 per unit,0.00204
31536,,kg CO2e of CO2 per unit,0.00177
31537,,kg CO2e of CO2 per unit,0.00284
31530,,kg CO2e of CH4 per unit,0.08319
31531,,kg CO2e of CH4 per unit,0.13389
31532,,kg CO2e of CH4 per unit,0.10108
31533,,kg CO2e of CH4 per unit,0.16266
31534,,kg CO2e of CH4 per unit,0.13252
31535,,kg CO2e of CH4 per unit,0.21326
31536,,kg CO2e of CH4 per unit,0.11367
31537,,kg CO2e of CH4 per unit,0.18294
31530,,kg CO2e of N2O per unit,0.08094
31531,,kg CO2e of N2O per unit,0.13027
31532,,kg CO2e of N2O per unit,0.09826
31533,,kg CO2e of N2O per unit,0.15813
31534,,kg CO2e of N2O per unit,0.13072
31535,,kg CO2e of N2O per unit,0.21037
31536,,kg CO2e of N2O per unit,0.11138
31537,,kg CO2e of N2O per unit,0.17925
31540,,kg CO2e,0.00119
31541,,kg CO2e,0.00167
31542,,kg CO2e,0.00111
31543,,kg CO2e,0.00167
31540,,kg CO2e of CO2 per unit,3.3152000000000005e-06
31541,,kg CO2e of CO2 per unit,4.6368e-06
31542,,kg CO2e of CO2 per unit,3.0912e-06
31543,,kg CO2e of CO2 per unit,4.6368e-06
31540,,kg CO2e of CH4 per unit,0.14861
31541,,kg CO2e of CH4 per unit,0.20806
31542,,kg CO2e of CH4 per unit,0.20402
31543,,kg CO2e of CH4 per unit,0.30604
31540,,kg CO2e of N2O per unit,0.14742
31541,,kg CO2e of N2O per unit,0.20638
31542,,kg CO2e of N2O per unit,0.20291
31543,,kg CO2e of N2O per unit,0.30436
31550,,kg CO2e,0.00088
31551,,kg CO2e,0.00047
31552,,kg CO2e,0.00073
31553,,kg CO2e,0.00048
31550,,kg CO2e of CO2 per unit,2e-05
31551,,kg CO2e of CO2 per unit,1e-05
31552,,kg CO2e of CO2 per unit,1e-05
31553,,kg CO2e of CO2 per unit,1e-05
31550,,kg CO2e of CH4 per unit,0.12525
31551,,kg CO2e of CH4 per unit,0.06875
31552,,kg CO2e of CH4 per unit,0.10385
31553,,kg CO2e of CH4 per unit,0.02776
31550,,kg CO2e of N2O per unit,0.12435
31551,,kg CO2e of N2O per unit,0.06827
31552,,kg CO2e of N2O per unit,0.10311
31553,,kg CO2e of N2O per unit,0.02727
31560,,kg CO2e,0.00028
31561,,kg CO2e,3e-05
31562,,kg CO2e,0.00016
31560,,kg CO2e of CO2 per unit,8e-05
31561,,kg CO2e of CO2 per unit,2e-05
31562,,kg CO2e of CO2 per unit,0.00012
31560,,kg CO2e of CH4 per unit,0.03546
31561,,kg CO2e of CH4 per unit,0.00446
31562,,kg CO2e of CH4 per unit,0.0286
31560,,kg CO2e of N2O per unit,0.0351
31561,,kg CO2e of N2O per unit,0.00441
31562,,kg CO2e of N2O per unit,0.02832
