index,Level 4,GHG/Unit,GHG Conversion Factor
32110,Diesel,kg CO2e,0.00167
32111,Diesel,kg CO2e,0.00032
32112,Diesel,kg CO2e,
32113,Diesel,kg CO2e,
32114,Diesel,kg CO2e,
32115,Diesel,kg CO2e,0.00034
32116,Diesel,kg CO2e,
32117,Diesel,kg CO2e,0.00025
32118,Diesel,kg CO2e,0.00269
32119,Diesel,kg CO2e,0.00052
321110,Diesel,kg CO2e,
321111,Diesel,kg CO2e,
321112,Diesel,kg CO2e,
321113,Diesel,kg CO2e,0.00054
321114,Diesel,kg CO2e,
321115,Diesel,kg CO2e,0.00041
321116,Diesel,kg CO2e,0.00167
321117,Diesel,kg CO2e,0.00032
32110,Diesel,kg CO2e of CO2 per unit,
32111,Diesel,kg CO2e of CO2 per unit,
32112,Diesel,kg CO2e of CO2 per unit,
32113,Diesel,kg CO2e of CO2 per unit,0.00052
32114,Diesel,kg CO2e of CO2 per unit,0.00025
32115,Diesel,kg CO2e of CO2 per unit,0.00027
32116,Diesel,kg CO2e of CO2 per unit,0.00269
32117,Diesel,kg CO2e of CO2 per unit,0.00052
32118,Diesel,kg CO2e of CO2 per unit,
32119,Diesel,kg CO2e of CO2 per unit,
321110,Diesel,kg CO2e of CO2 per unit,
321111,Diesel,kg CO2e of CO2 per unit,0.00084
321112,Diesel,kg CO2e of CO2 per unit,0.0004
321113,Diesel,kg CO2e of CO2 per unit,0.00043
321114,Diesel,kg CO2e of CO2 per unit,0.00167
321115,Diesel,kg CO2e of CO2 per unit,0.00032
321116,Diesel,kg CO2e of CO2 per unit,
321117,Diesel,kg CO2e of CO2 per unit,
32110,Diesel,kg CO2e of CH4 per unit,
32111,Diesel,kg CO2e of CH4 per unit,0.001
32112,Diesel,kg CO2e of CH4 per unit,0.0003
32113,Diesel,kg CO2e of CH4 per unit,0.0003
32114,Diesel,kg CO2e of CH4 per unit,0.00269
32115,Diesel,kg CO2e of CH4 per unit,0.00052
32116,Diesel,kg CO2e of CH4 per unit,
32117,Diesel,kg CO2e of CH4 per unit,
32118,Diesel,kg CO2e of CH4 per unit,
32119,Diesel,kg CO2e of CH4 per unit,0.0016
321110,Diesel,kg CO2e of CH4 per unit,0.00049
321111,Diesel,kg CO2e of CH4 per unit,0.00048
321112,Diesel,kg CO2e of CH4 per unit,0.00167
321113,Diesel,kg CO2e of CH4 per unit,0.00032
321114,Diesel,kg CO2e of CH4 per unit,
321115,Diesel,kg CO2e of CH4 per unit,
321116,Diesel,kg CO2e of CH4 per unit,
321117,Diesel,kg CO2e of CH4 per unit,0.00139
32110,Diesel,kg CO2e of N2O per unit,0.00033
32111,Diesel,kg CO2e of N2O per unit,0.00022
32112,Diesel,kg CO2e of N2O per unit,0.00269
32113,Diesel,kg CO2e of N2O per unit,0.00052
32114,Diesel,kg CO2e of N2O per unit,
32115,Diesel,kg CO2e of N2O per unit,
32116,Diesel,kg CO2e of N2O per unit,
32117,Diesel,kg CO2e of N2O per unit,0.00222
32118,Diesel,kg CO2e of N2O per unit,0.00053
32119,Diesel,kg CO2e of N2O per unit,0.00036
321110,Diesel,kg CO2e of N2O per unit,0.00167
321111,Diesel,kg CO2e of N2O per unit,0.00032
321112,Diesel,kg CO2e of N2O per unit,
321113,Diesel,kg CO2e of N2O per unit,
321114,Diesel,kg CO2e of N2O per unit,
321115,Diesel,kg CO2e of N2O per unit,0.00135
321116,Diesel,kg CO2e of N2O per unit,0.00036
321117,Diesel,kg CO2e of N2O per unit,0.00029
32110,Petrol,kg CO2e,0.00269
32111,Petrol,kg CO2e,0.00052
32112,Petrol,kg CO2e,
32113,Petrol,kg CO2e,
32114,Petrol,kg CO2e,
32115,Petrol,kg CO2e,0.00218
32116,Petrol,kg CO2e,0.00059
32117,Petrol,kg CO2e,0.00047
32118,Petrol,kg CO2e,0.00167
32119,Petrol,kg CO2e,0.00032
321110,Petrol,kg CO2e,
321111,Petrol,kg CO2e,
321112,Petrol,kg CO2e,
321113,Petrol,kg CO2e,0.00103
321114,Petrol,kg CO2e,0.00039
321115,Petrol,kg CO2e,0.00035
321116,Petrol,kg CO2e,0.00269
321117,Petrol,kg CO2e,0.00052
32110,Petrol,kg CO2e of CO2 per unit,
32111,Petrol,kg CO2e of CO2 per unit,
32112,Petrol,kg CO2e of CO2 per unit,
32113,Petrol,kg CO2e of CO2 per unit,0.00166
32114,Petrol,kg CO2e of CO2 per unit,0.00063
32115,Petrol,kg CO2e of CO2 per unit,0.00055
32116,Petrol,kg CO2e of CO2 per unit,0.00167
32117,Petrol,kg CO2e of CO2 per unit,0.00032
32118,Petrol,kg CO2e of CO2 per unit,
32119,Petrol,kg CO2e of CO2 per unit,
321110,Petrol,kg CO2e of CO2 per unit,
321111,Petrol,kg CO2e of CO2 per unit,0.00053
321112,Petrol,kg CO2e of CO2 per unit,0.00031
321113,Petrol,kg CO2e of CO2 per unit,0.00043
321114,Petrol,kg CO2e of CO2 per unit,0.00269
321115,Petrol,kg CO2e of CO2 per unit,0.00052
321116,Petrol,kg CO2e of CO2 per unit,
321117,Petrol,kg CO2e of CO2 per unit,
32110,Petrol,kg CO2e of CH4 per unit,
32111,Petrol,kg CO2e of CH4 per unit,0.00086
32112,Petrol,kg CO2e of CH4 per unit,0.0005
32113,Petrol,kg CO2e of CH4 per unit,0.00068
32114,Petrol,kg CO2e of CH4 per unit,0.00167
32115,Petrol,kg CO2e of CH4 per unit,0.00032
32116,Petrol,kg CO2e of CH4 per unit,
32117,Petrol,kg CO2e of CH4 per unit,
32118,Petrol,kg CO2e of CH4 per unit,
32119,Petrol,kg CO2e of CH4 per unit,0.00132
321110,Petrol,kg CO2e of CH4 per unit,0.00038
321111,Petrol,kg CO2e of CH4 per unit,0.00039
321112,Petrol,kg CO2e of CH4 per unit,0.00269
321113,Petrol,kg CO2e of CH4 per unit,0.00052
321114,Petrol,kg CO2e of CH4 per unit,
321115,Petrol,kg CO2e of CH4 per unit,
321116,Petrol,kg CO2e of CH4 per unit,
321117,Petrol,kg CO2e of CH4 per unit,0.00212
32110,Petrol,kg CO2e of N2O per unit,0.00062
32111,Petrol,kg CO2e of N2O per unit,0.00063
32112,Petrol,kg CO2e of N2O per unit,0.00167
32113,Petrol,kg CO2e of N2O per unit,0.00032
32114,Petrol,kg CO2e of N2O per unit,
32115,Petrol,kg CO2e of N2O per unit,
32116,Petrol,kg CO2e of N2O per unit,
32117,Petrol,kg CO2e of N2O per unit,0.00132
32118,Petrol,kg CO2e of N2O per unit,0.00039
32119,Petrol,kg CO2e of N2O per unit,0.00039
321110,Petrol,kg CO2e of N2O per unit,0.00269
321111,Petrol,kg CO2e of N2O per unit,0.00052
321112,Petrol,kg CO2e of N2O per unit,
321113,Petrol,kg CO2e of N2O per unit,
321114,Petrol,kg CO2e of N2O per unit,
321115,Petrol,kg CO2e of N2O per unit,0.00212
321116,Petrol,kg CO2e of N2O per unit,0.00063
321117,Petrol,kg CO2e of N2O per unit,0.00064
32110,Hybrid,kg CO2e,4.6368e-06
32111,Hybrid,kg CO2e,0.00036
32112,Hybrid,kg CO2e,
32113,Hybrid,kg CO2e,
32114,Hybrid,kg CO2e,
32115,Hybrid,kg CO2e,0.00035
32116,Hybrid,kg CO2e,
32117,Hybrid,kg CO2e,0.00018
32118,Hybrid,kg CO2e,1e-05
32119,Hybrid,kg CO2e,0.00057
321110,Hybrid,kg CO2e,
321111,Hybrid,kg CO2e,
321112,Hybrid,kg CO2e,
321113,Hybrid,kg CO2e,0.00056
321114,Hybrid,kg CO2e,
321115,Hybrid,kg CO2e,0.00029
321116,Hybrid,kg CO2e,4.6368e-06
321117,Hybrid,kg CO2e,0.00036
32110,Hybrid,kg CO2e of CO2 per unit,
32111,Hybrid,kg CO2e of CO2 per unit,
32112,Hybrid,kg CO2e of CO2 per unit,
32113,Hybrid,kg CO2e of CO2 per unit,0.0003
32114,Hybrid,kg CO2e of CO2 per unit,0.00022
32115,Hybrid,kg CO2e of CO2 per unit,0.00019
32116,Hybrid,kg CO2e of CO2 per unit,1e-05
32117,Hybrid,kg CO2e of CO2 per unit,0.00057
32118,Hybrid,kg CO2e of CO2 per unit,
32119,Hybrid,kg CO2e of CO2 per unit,
321110,Hybrid,kg CO2e of CO2 per unit,
321111,Hybrid,kg CO2e of CO2 per unit,0.00048
321112,Hybrid,kg CO2e of CO2 per unit,0.00036
321113,Hybrid,kg CO2e of CO2 per unit,0.00031
321114,Hybrid,kg CO2e of CO2 per unit,4.6368e-06
321115,Hybrid,kg CO2e of CO2 per unit,0.00036
321116,Hybrid,kg CO2e of CO2 per unit,
321117,Hybrid,kg CO2e of CO2 per unit,
32110,Hybrid,kg CO2e of CH4 per unit,
32111,Hybrid,kg CO2e of CH4 per unit,0.00018
32112,Hybrid,kg CO2e of CH4 per unit,0.00034
32113,Hybrid,kg CO2e of CH4 per unit,0.00022
32114,Hybrid,kg CO2e of CH4 per unit,1e-05
32115,Hybrid,kg CO2e of CH4 per unit,0.00057
32116,Hybrid,kg CO2e of CH4 per unit,
32117,Hybrid,kg CO2e of CH4 per unit,
32118,Hybrid,kg CO2e of CH4 per unit,
32119,Hybrid,kg CO2e of CH4 per unit,0.00029
321110,Hybrid,kg CO2e of CH4 per unit,0.00054
321111,Hybrid,kg CO2e of CH4 per unit,0.00036
321112,Hybrid,kg CO2e of CH4 per unit,4.6368e-06
321113,Hybrid,kg CO2e of CH4 per unit,0.00036
321114,Hybrid,kg CO2e of CH4 per unit,
321115,Hybrid,kg CO2e of CH4 per unit,
321116,Hybrid,kg CO2e of CH4 per unit,
321117,Hybrid,kg CO2e of CH4 per unit,8e-05
32110,Hybrid,kg CO2e of N2O per unit,0.00035
32111,Hybrid,kg CO2e of N2O per unit,0.00017
32112,Hybrid,kg CO2e of N2O per unit,1e-05
32113,Hybrid,kg CO2e of N2O per unit,0.00057
32114,Hybrid,kg CO2e of N2O per unit,
32115,Hybrid,kg CO2e of N2O per unit,
32116,Hybrid,kg CO2e of N2O per unit,
32117,Hybrid,kg CO2e of N2O per unit,0.00012
32118,Hybrid,kg CO2e of N2O per unit,0.00056
32119,Hybrid,kg CO2e of N2O per unit,0.00026
321110,Hybrid,kg CO2e of N2O per unit,4.6368e-06
321111,Hybrid,kg CO2e of N2O per unit,0.00036
321112,Hybrid,kg CO2e of N2O per unit,
321113,Hybrid,kg CO2e of N2O per unit,
321114,Hybrid,kg CO2e of N2O per unit,
321115,Hybrid,kg CO2e of N2O per unit,9e-05
321116,Hybrid,kg CO2e of N2O per unit,0.00035
321117,Hybrid,kg CO2e of N2O per unit,0.00021
32110,CNG,kg CO2e,1e-05
32111,CNG,kg CO2e,0.00057
32112,CNG,kg CO2e,
32113,CNG,kg CO2e,
32114,CNG,kg CO2e,
32115,CNG,kg CO2e,0.00015
32116,CNG,kg CO2e,0.00055
32117,CNG,kg CO2e,0.00035
32118,CNG,kg CO2e,4.6368e-06
32119,CNG,kg CO2e,0.00036
321110,CNG,kg CO2e,
321111,CNG,kg CO2e,
321112,CNG,kg CO2e,
321113,CNG,kg CO2e,0.00017
321114,CNG,kg CO2e,0.00045
321115,CNG,kg CO2e,0.00025
321116,CNG,kg CO2e,1e-05
321117,CNG,kg CO2e,0.00057
32110,CNG,kg CO2e of CO2 per unit,
32111,CNG,kg CO2e of CO2 per unit,
32112,CNG,kg CO2e of CO2 per unit,
32113,CNG,kg CO2e of CO2 per unit,0.00028
32114,CNG,kg CO2e of CO2 per unit,0.00072
32115,CNG,kg CO2e of CO2 per unit,0.0004
32116,CNG,kg CO2e of CO2 per unit,4.6368e-06
32117,CNG,kg CO2e of CO2 per unit,0.00036
32118,CNG,kg CO2e of CO2 per unit,
32119,CNG,kg CO2e of CO2 per unit,
321110,CNG,kg CO2e of CO2 per unit,
321111,CNG,kg CO2e of CO2 per unit,0.0003
321112,CNG,kg CO2e of CO2 per unit,0.00036
321113,CNG,kg CO2e of CO2 per unit,0.00031
321114,CNG,kg CO2e of CO2 per unit,1e-05
321115,CNG,kg CO2e of CO2 per unit,0.00057
321116,CNG,kg CO2e of CO2 per unit,
321117,CNG,kg CO2e of CO2 per unit,
32110,CNG,kg CO2e of CH4 per unit,
32111,CNG,kg CO2e of CH4 per unit,0.00048
32112,CNG,kg CO2e of CH4 per unit,0.00057
32113,CNG,kg CO2e of CH4 per unit,0.0005
32114,CNG,kg CO2e of CH4 per unit,4.6368e-06
32115,CNG,kg CO2e of CH4 per unit,0.00036
32116,CNG,kg CO2e of CH4 per unit,
32117,CNG,kg CO2e of CH4 per unit,
32118,CNG,kg CO2e of CH4 per unit,
32119,CNG,kg CO2e of CH4 per unit,0.0001
321110,CNG,kg CO2e of CH4 per unit,0.0004
321111,CNG,kg CO2e of CH4 per unit,0.00029
321112,CNG,kg CO2e of CH4 per unit,1e-05
321113,CNG,kg CO2e of CH4 per unit,0.00057
321114,CNG,kg CO2e of CH4 per unit,
321115,CNG,kg CO2e of CH4 per unit,
321116,CNG,kg CO2e of CH4 per unit,
321117,CNG,kg CO2e of CH4 per unit,0.00016
32110,CNG,kg CO2e of N2O per unit,0.00065
32111,CNG,kg CO2e of N2O per unit,0.00046
32112,CNG,kg CO2e of N2O per unit,4.6368e-06
32113,CNG,kg CO2e of N2O per unit,0.00036
32114,CNG,kg CO2e of N2O per unit,
32115,CNG,kg CO2e of N2O per unit,
32116,CNG,kg CO2e of N2O per unit,
32117,CNG,kg CO2e of N2O per unit,0.0001
32118,CNG,kg CO2e of N2O per unit,0.00038
32119,CNG,kg CO2e of N2O per unit,0.00029
321110,CNG,kg CO2e of N2O per unit,1e-05
321111,CNG,kg CO2e of N2O per unit,0.00057
321112,CNG,kg CO2e of N2O per unit,
321113,CNG,kg CO2e of N2O per unit,
321114,CNG,kg CO2e of N2O per unit,
321115,CNG,kg CO2e of N2O per unit,0.00016
321116,CNG,kg CO2e of N2O per unit,0.00062
321117,CNG,kg CO2e of N2O per unit,0.00047
32110,LPG,kg CO2e,0.10996
32111,LPG,kg CO2e,0.13063
32112,LPG,kg CO2e,
32113,LPG,kg CO2e,
32114,LPG,kg CO2e,
32115,LPG,kg CO2e,0.13051
32116,LPG,kg CO2e,
32117,LPG,kg CO2e,0.03319
32118,LPG,kg CO2e,0.17696
32119,LPG,kg CO2e,0.21022
321110,LPG,kg CO2e,
321111,LPG,kg CO2e,
321112,LPG,kg CO2e,
321113,LPG,kg CO2e,0.21002
321114,LPG,kg CO2e,
321115,LPG,kg CO2e,0.05343
321116,LPG,kg CO2e,0.13452
321117,LPG,kg CO2e,0.14276
32110,LPG,kg CO2e of CO2 per unit,
32111,LPG,kg CO2e of CO2 per unit,
32112,LPG,kg CO2e of CO2 per unit,
32113,LPG,kg CO2e of CO2 per unit,0.14194
32114,LPG,kg CO2e of CO2 per unit,0.05669
32115,LPG,kg CO2e of CO2 per unit,0.03777
32116,LPG,kg CO2e of CO2 per unit,0.21649
32117,LPG,kg CO2e of CO2 per unit,0.22974
32118,LPG,kg CO2e of CO2 per unit,
32119,LPG,kg CO2e of CO2 per unit,
321110,LPG,kg CO2e of CO2 per unit,
321111,LPG,kg CO2e of CO2 per unit,0.22843
321112,LPG,kg CO2e of CO2 per unit,0.09123
321113,LPG,kg CO2e of CO2 per unit,0.06078
321114,LPG,kg CO2e of CO2 per unit,0.14517
321115,LPG,kg CO2e of CO2 per unit,0.16123
321116,LPG,kg CO2e of CO2 per unit,
321117,LPG,kg CO2e of CO2 per unit,
32110,LPG,kg CO2e of CH4 per unit,
32111,LPG,kg CO2e of CH4 per unit,0.15473
32112,LPG,kg CO2e of CH4 per unit,0.08477
32113,LPG,kg CO2e of CH4 per unit,0.03849
32114,LPG,kg CO2e of CH4 per unit,0.23363
32115,LPG,kg CO2e of CH4 per unit,0.25948
32116,LPG,kg CO2e of CH4 per unit,
32117,LPG,kg CO2e of CH4 per unit,
32118,LPG,kg CO2e of CH4 per unit,
32119,LPG,kg CO2e of CH4 per unit,0.249
321110,LPG,kg CO2e of CH4 per unit,0.13643
321111,LPG,kg CO2e of CH4 per unit,0.06192
321112,LPG,kg CO2e of CH4 per unit,0.16194
321113,LPG,kg CO2e of CH4 per unit,0.18535
321114,LPG,kg CO2e of CH4 per unit,
321115,LPG,kg CO2e of CH4 per unit,
321116,LPG,kg CO2e of CH4 per unit,
321117,LPG,kg CO2e of CH4 per unit,0.16752
32110,LPG,kg CO2e of N2O per unit,0.09172
32111,LPG,kg CO2e of N2O per unit,0.04178
32112,LPG,kg CO2e of N2O per unit,0.26063
32113,LPG,kg CO2e of N2O per unit,0.29828
32114,LPG,kg CO2e of N2O per unit,
32115,LPG,kg CO2e of N2O per unit,
32116,LPG,kg CO2e of N2O per unit,
32117,LPG,kg CO2e of N2O per unit,0.26959
32118,LPG,kg CO2e of N2O per unit,0.14761
32119,LPG,kg CO2e of N2O per unit,0.06722
321110,LPG,kg CO2e of N2O per unit,0.17088
321111,LPG,kg CO2e of N2O per unit,0.20073
321112,LPG,kg CO2e of N2O per unit,
321113,LPG,kg CO2e of N2O per unit,
321114,LPG,kg CO2e of N2O per unit,
321115,LPG,kg CO2e of N2O per unit,0.17846
321116,LPG,kg CO2e of N2O per unit,0.09133
321117,LPG,kg CO2e of N2O per unit,0.03702
32110,Unknown,kg CO2e,0.27501
32111,Unknown,kg CO2e,0.32304
32112,Unknown,kg CO2e,
32113,Unknown,kg CO2e,
32114,Unknown,kg CO2e,
32115,Unknown,kg CO2e,0.2872
32116,Unknown,kg CO2e,0.14698
32117,Unknown,kg CO2e,0.05957
32118,Unknown,kg CO2e,0.20632
32119,Unknown,kg CO2e,0.30752
321110,Unknown,kg CO2e,
321111,Unknown,kg CO2e,
321112,Unknown,kg CO2e,
321113,Unknown,kg CO2e,0.25196
321114,Unknown,kg CO2e,0.1251
321115,Unknown,kg CO2e,0.04902
321116,Unknown,kg CO2e,0.33205
321117,Unknown,kg CO2e,0.4949
32110,Unknown,kg CO2e of CO2 per unit,
32111,Unknown,kg CO2e of CO2 per unit,
32112,Unknown,kg CO2e of CO2 per unit,
32113,Unknown,kg CO2e of CO2 per unit,0.4055
32114,Unknown,kg CO2e of CO2 per unit,0.20132
32115,Unknown,kg CO2e of CO2 per unit,0.07888
32116,Unknown,kg CO2e of CO2 per unit,0.17323
32117,Unknown,kg CO2e of CO2 per unit,0.23396
32118,Unknown,kg CO2e of CO2 per unit,
32119,Unknown,kg CO2e of CO2 per unit,
321110,Unknown,kg CO2e of CO2 per unit,
321111,Unknown,kg CO2e of CO2 per unit,0.224
321112,Unknown,kg CO2e of CO2 per unit,0.14904
321113,Unknown,kg CO2e of CO2 per unit,0.0626
321114,Unknown,kg CO2e of CO2 per unit,0.27879
321115,Unknown,kg CO2e of CO2 per unit,0.37652
321116,Unknown,kg CO2e of CO2 per unit,
321117,Unknown,kg CO2e of CO2 per unit,
32110,Unknown,kg CO2e of CH4 per unit,
32111,Unknown,kg CO2e of CH4 per unit,0.36048
32112,Unknown,kg CO2e of CH4 per unit,0.23984
32113,Unknown,kg CO2e of CH4 per unit,0.10075
32114,Unknown,kg CO2e of CH4 per unit,0.19973
32115,Unknown,kg CO2e of CH4 per unit,0.19219
32116,Unknown,kg CO2e of CH4 per unit,
32117,Unknown,kg CO2e of CH4 per unit,
32118,Unknown,kg CO2e of CH4 per unit,
32119,Unknown,kg CO2e of CH4 per unit,0.1969
321110,Unknown,kg CO2e of CH4 per unit,0.11663
321111,Unknown,kg CO2e of CH4 per unit,0.04228
321112,Unknown,kg CO2e of CH4 per unit,0.32145
321113,Unknown,kg CO2e of CH4 per unit,0.3093
321114,Unknown,kg CO2e of CH4 per unit,
321115,Unknown,kg CO2e of CH4 per unit,
321116,Unknown,kg CO2e of CH4 per unit,
321117,Unknown,kg CO2e of CH4 per unit,0.31687
32110,Unknown,kg CO2e of N2O per unit,0.18769
32111,Unknown,kg CO2e of N2O per unit,0.06804
32112,Unknown,kg CO2e of N2O per unit,0.18072
32113,Unknown,kg CO2e of N2O per unit,0.17903
32114,Unknown,kg CO2e of N2O per unit,
32115,Unknown,kg CO2e of N2O per unit,
32116,Unknown,kg CO2e of N2O per unit,
32117,Unknown,kg CO2e of N2O per unit,0.1803
32118,Unknown,kg CO2e of N2O per unit,0.10193
32119,Unknown,kg CO2e of N2O per unit,0.05202
321110,Unknown,kg CO2e of N2O per unit,0.29085
321111,Unknown,kg CO2e of N2O per unit,0.28812
321112,Unknown,kg CO2e of N2O per unit,
321113,Unknown,kg CO2e of N2O per unit,
321114,Unknown,kg CO2e of N2O per unit,
321115,Unknown,kg CO2e of N2O per unit,0.29016
321116,Unknown,kg CO2e of N2O per unit,0.16406
321117,Unknown,kg CO2e of N2O per unit,0.08373
32110,Plug-in Hybrid Electric Vehicle,kg CO2e,0.10828
32111,Plug-in Hybrid Electric Vehicle,kg CO2e,0.12995
32112,Plug-in Hybrid Electric Vehicle,kg CO2e,
32113,Plug-in Hybrid Electric Vehicle,kg CO2e,
32114,Plug-in Hybrid Electric Vehicle,kg CO2e,
32115,Plug-in Hybrid Electric Vehicle,kg CO2e,0.12982
32116,Plug-in Hybrid Electric Vehicle,kg CO2e,
32117,Plug-in Hybrid Electric Vehicle,kg CO2e,0.03276
32118,Plug-in Hybrid Electric Vehicle,kg CO2e,0.17425
32119,Plug-in Hybrid Electric Vehicle,kg CO2e,0.20913
321110,Plug-in Hybrid Electric Vehicle,kg CO2e,
321111,Plug-in Hybrid Electric Vehicle,kg CO2e,
321112,Plug-in Hybrid Electric Vehicle,kg CO2e,
321113,Plug-in Hybrid Electric Vehicle,kg CO2e,0.20892
321114,Plug-in Hybrid Electric Vehicle,kg CO2e,
321115,Plug-in Hybrid Electric Vehicle,kg CO2e,0.05273
321116,Plug-in Hybrid Electric Vehicle,kg CO2e,0.13284
321117,Plug-in Hybrid Electric Vehicle,kg CO2e,0.14208
32110,Plug-in Hybrid Electric Vehicle,kg CO2e of CO2 per unit,
32111,Plug-in Hybrid Electric Vehicle,kg CO2e of CO2 per unit,
32112,Plug-in Hybrid Electric Vehicle,kg CO2e of CO2 per unit,
32113,Plug-in Hybrid Electric Vehicle,kg CO2e of CO2 per unit,0.14111
32114,Plug-in Hybrid Electric Vehicle,kg CO2e of CO2 per unit,0.05622
32115,Plug-in Hybrid Electric Vehicle,kg CO2e of CO2 per unit,0.03731
32116,Plug-in Hybrid Electric Vehicle,kg CO2e of CO2 per unit,0.21378
32117,Plug-in Hybrid Electric Vehicle,kg CO2e of CO2 per unit,0.22865
32118,Plug-in Hybrid Electric Vehicle,kg CO2e of CO2 per unit,
32119,Plug-in Hybrid Electric Vehicle,kg CO2e of CO2 per unit,
321110,Plug-in Hybrid Electric Vehicle,kg CO2e of CO2 per unit,
321111,Plug-in Hybrid Electric Vehicle,kg CO2e of CO2 per unit,0.2271
321112,Plug-in Hybrid Electric Vehicle,kg CO2e of CO2 per unit,0.09047
321113,Plug-in Hybrid Electric Vehicle,kg CO2e of CO2 per unit,0.06004
321114,Plug-in Hybrid Electric Vehicle,kg CO2e of CO2 per unit,0.14349
321115,Plug-in Hybrid Electric Vehicle,kg CO2e of CO2 per unit,0.16055
321116,Plug-in Hybrid Electric Vehicle,kg CO2e of CO2 per unit,
321117,Plug-in Hybrid Electric Vehicle,kg CO2e of CO2 per unit,
32110,Plug-in Hybrid Electric Vehicle,kg CO2e of CH4 per unit,
32111,Plug-in Hybrid Electric Vehicle,kg CO2e of CH4 per unit,0.15355
32112,Plug-in Hybrid Electric Vehicle,kg CO2e of CH4 per unit,0.08413
32113,Plug-in Hybrid Electric Vehicle,kg CO2e of CH4 per unit,0.03796
32114,Plug-in Hybrid Electric Vehicle,kg CO2e of CH4 per unit,0.23092
32115,Plug-in Hybrid Electric Vehicle,kg CO2e of CH4 per unit,0.25839
32116,Plug-in Hybrid Electric Vehicle,kg CO2e of CH4 per unit,
32117,Plug-in Hybrid Electric Vehicle,kg CO2e of CH4 per unit,
32118,Plug-in Hybrid Electric Vehicle,kg CO2e of CH4 per unit,
32119,Plug-in Hybrid Electric Vehicle,kg CO2e of CH4 per unit,0.24711
321110,Plug-in Hybrid Electric Vehicle,kg CO2e of CH4 per unit,0.1354
321111,Plug-in Hybrid Electric Vehicle,kg CO2e of CH4 per unit,0.06108
321112,Plug-in Hybrid Electric Vehicle,kg CO2e of CH4 per unit,0.16026
321113,Plug-in Hybrid Electric Vehicle,kg CO2e of CH4 per unit,0.18467
321114,Plug-in Hybrid Electric Vehicle,kg CO2e of CH4 per unit,
321115,Plug-in Hybrid Electric Vehicle,kg CO2e of CH4 per unit,
321116,Plug-in Hybrid Electric Vehicle,kg CO2e of CH4 per unit,
321117,Plug-in Hybrid Electric Vehicle,kg CO2e of CH4 per unit,0.16605
32110,Plug-in Hybrid Electric Vehicle,kg CO2e of N2O per unit,0.09104
32111,Plug-in Hybrid Electric Vehicle,kg CO2e of N2O per unit,0.04139
32112,Plug-in Hybrid Electric Vehicle,kg CO2e of N2O per unit,0.25792
32113,Plug-in Hybrid Electric Vehicle,kg CO2e of N2O per unit,0.29719
32114,Plug-in Hybrid Electric Vehicle,kg CO2e of N2O per unit,
32115,Plug-in Hybrid Electric Vehicle,kg CO2e of N2O per unit,
32116,Plug-in Hybrid Electric Vehicle,kg CO2e of N2O per unit,
32117,Plug-in Hybrid Electric Vehicle,kg CO2e of N2O per unit,0.26724
32118,Plug-in Hybrid Electric Vehicle,kg CO2e of N2O per unit,0.14652
32119,Plug-in Hybrid Electric Vehicle,kg CO2e of N2O per unit,0.06661
321110,Plug-in Hybrid Electric Vehicle,kg CO2e of N2O per unit,0.1692
321111,Plug-in Hybrid Electric Vehicle,kg CO2e of N2O per unit,0.20005
321112,Plug-in Hybrid Electric Vehicle,kg CO2e of N2O per unit,
321113,Plug-in Hybrid Electric Vehicle,kg CO2e of N2O per unit,
321114,Plug-in Hybrid Electric Vehicle,kg CO2e of N2O per unit,
321115,Plug-in Hybrid Electric Vehicle,kg CO2e of N2O per unit,0.17702
321116,Plug-in Hybrid Electric Vehicle,kg CO2e of N2O per unit,0.09062
321117,Plug-in Hybrid Electric Vehicle,kg CO2e of N2O per unit,0.03651
32110,Battery Electric Vehicle,kg CO2e,0.2723
32111,Battery Electric Vehicle,kg CO2e,0.32195
32112,Battery Electric Vehicle,kg CO2e,
32113,Battery Electric Vehicle,kg CO2e,
32114,Battery Electric Vehicle,kg CO2e,
32115,Battery Electric Vehicle,kg CO2e,0.28488
32116,Battery Electric Vehicle,kg CO2e,0.14584
32117,Battery Electric Vehicle,kg CO2e,0.05875
32118,Battery Electric Vehicle,kg CO2e,0.20464
32119,Battery Electric Vehicle,kg CO2e,0.30684
321110,Battery Electric Vehicle,kg CO2e,
321111,Battery Electric Vehicle,kg CO2e,
321112,Battery Electric Vehicle,kg CO2e,
321113,Battery Electric Vehicle,kg CO2e,0.25076
321114,Battery Electric Vehicle,kg CO2e,0.12426
321115,Battery Electric Vehicle,kg CO2e,0.04843
321116,Battery Electric Vehicle,kg CO2e,0.32934
321117,Battery Electric Vehicle,kg CO2e,0.49381
32110,Battery Electric Vehicle,kg CO2e of CO2 per unit,
32111,Battery Electric Vehicle,kg CO2e of CO2 per unit,
32112,Battery Electric Vehicle,kg CO2e of CO2 per unit,
32113,Battery Electric Vehicle,kg CO2e of CO2 per unit,0.40356
32114,Battery Electric Vehicle,kg CO2e of CO2 per unit,0.19997
32115,Battery Electric Vehicle,kg CO2e of CO2 per unit,0.07793
32116,Battery Electric Vehicle,kg CO2e of CO2 per unit,0.17155
32117,Battery Electric Vehicle,kg CO2e of CO2 per unit,0.23328
32118,Battery Electric Vehicle,kg CO2e of CO2 per unit,
32119,Battery Electric Vehicle,kg CO2e of CO2 per unit,
321110,Battery Electric Vehicle,kg CO2e of CO2 per unit,
321111,Battery Electric Vehicle,kg CO2e of CO2 per unit,0.22316
321112,Battery Electric Vehicle,kg CO2e of CO2 per unit,0.14837
321113,Battery Electric Vehicle,kg CO2e of CO2 per unit,0.06186
321114,Battery Electric Vehicle,kg CO2e of CO2 per unit,0.27608
321115,Battery Electric Vehicle,kg CO2e of CO2 per unit,0.37543
321116,Battery Electric Vehicle,kg CO2e of CO2 per unit,
321117,Battery Electric Vehicle,kg CO2e of CO2 per unit,
32110,Battery Electric Vehicle,kg CO2e of CH4 per unit,
32111,Battery Electric Vehicle,kg CO2e of CH4 per unit,0.35914
32112,Battery Electric Vehicle,kg CO2e of CH4 per unit,0.23877
32113,Battery Electric Vehicle,kg CO2e of CH4 per unit,0.09956
32114,Battery Electric Vehicle,kg CO2e of CH4 per unit,0.19805
32115,Battery Electric Vehicle,kg CO2e of CH4 per unit,0.19151
32116,Battery Electric Vehicle,kg CO2e of CH4 per unit,
32117,Battery Electric Vehicle,kg CO2e of CH4 per unit,
32118,Battery Electric Vehicle,kg CO2e of CH4 per unit,
32119,Battery Electric Vehicle,kg CO2e of CH4 per unit,0.19548
321110,Battery Electric Vehicle,kg CO2e of CH4 per unit,0.11584
321111,Battery Electric Vehicle,kg CO2e of CH4 per unit,0.0416
321112,Battery Electric Vehicle,kg CO2e of CH4 per unit,0.31874
321113,Battery Electric Vehicle,kg CO2e of CH4 per unit,0.30821
321114,Battery Electric Vehicle,kg CO2e of CH4 per unit,
321115,Battery Electric Vehicle,kg CO2e of CH4 per unit,
321116,Battery Electric Vehicle,kg CO2e of CH4 per unit,
321117,Battery Electric Vehicle,kg CO2e of CH4 per unit,0.3146
32110,Battery Electric Vehicle,kg CO2e of N2O per unit,0.18642
32111,Battery Electric Vehicle,kg CO2e of N2O per unit,0.06695
32112,Battery Electric Vehicle,kg CO2e of N2O per unit,0.17904
32113,Battery Electric Vehicle,kg CO2e of N2O per unit,0.17835
32114,Battery Electric Vehicle,kg CO2e of N2O per unit,
32115,Battery Electric Vehicle,kg CO2e of N2O per unit,
32116,Battery Electric Vehicle,kg CO2e of N2O per unit,
32117,Battery Electric Vehicle,kg CO2e of N2O per unit,0.17888
32118,Battery Electric Vehicle,kg CO2e of N2O per unit,0.10116
32119,Battery Electric Vehicle,kg CO2e of N2O per unit,0.05134
321110,Battery Electric Vehicle,kg CO2e of N2O per unit,0.28814
321111,Battery Electric Vehicle,kg CO2e of N2O per unit,0.28703
321112,Battery Electric Vehicle,kg CO2e of N2O per unit,
321113,Battery Electric Vehicle,kg CO2e of N2O per unit,
321114,Battery Electric Vehicle,kg CO2e of N2O per unit,
321115,Battery Electric Vehicle,kg CO2e of N2O per unit,0.28789
321116,Battery Electric Vehicle,kg CO2e of N2O per unit,0.16281
321117,Battery Electric Vehicle,kg CO2e of N2O per unit,0.08262
32120,Diesel,kg CO2e,0.00167
32121,Diesel,kg CO2e,0.00032
32122,Diesel,kg CO2e,0.00077
32123,Diesel,kg CO2e,
32124,Diesel,kg CO2e,
32125,Diesel,kg CO2e,0.00077
32126,Diesel,kg CO2e,0.00025
32127,Diesel,kg CO2e,0.00026
32120,Diesel,kg CO2e of CO2 per unit,0.00269
32121,Diesel,kg CO2e of CO2 per unit,0.00052
32122,Diesel,kg CO2e of CO2 per unit,0.00124
32123,Diesel,kg CO2e of CO2 per unit,
32124,Diesel,kg CO2e of CO2 per unit,
32125,Diesel,kg CO2e of CO2 per unit,0.00124
32126,Diesel,kg CO2e of CO2 per unit,0.0004
32127,Diesel,kg CO2e of CO2 per unit,0.00042
32120,Diesel,kg CO2e of CH4 per unit,0.00167
32121,Diesel,kg CO2e of CH4 per unit,0.00032
32122,Diesel,kg CO2e of CH4 per unit,0.00104
32123,Diesel,kg CO2e of CH4 per unit,0.00036
32124,Diesel,kg CO2e of CH4 per unit,0.00036
32125,Diesel,kg CO2e of CH4 per unit,0.00104
32126,Diesel,kg CO2e of CH4 per unit,0.00032
32127,Diesel,kg CO2e of CH4 per unit,0.0003
32120,Diesel,kg CO2e of N2O per unit,0.00269
32121,Diesel,kg CO2e of N2O per unit,0.00052
32122,Diesel,kg CO2e of N2O per unit,0.00168
32123,Diesel,kg CO2e of N2O per unit,0.00058
32124,Diesel,kg CO2e of N2O per unit,0.00058
32125,Diesel,kg CO2e of N2O per unit,0.00168
32126,Diesel,kg CO2e of N2O per unit,0.00052
32127,Diesel,kg CO2e of N2O per unit,0.00048
32120,Petrol,kg CO2e,0.00167
32121,Petrol,kg CO2e,0.00032
32122,Petrol,kg CO2e,0.00133
32123,Petrol,kg CO2e,0.00036
32124,Petrol,kg CO2e,0.00036
32125,Petrol,kg CO2e,0.00133
32126,Petrol,kg CO2e,0.00038
32127,Petrol,kg CO2e,0.00035
32120,Petrol,kg CO2e of CO2 per unit,0.00269
32121,Petrol,kg CO2e of CO2 per unit,0.00052
32122,Petrol,kg CO2e of CO2 per unit,0.00213
32123,Petrol,kg CO2e of CO2 per unit,0.00058
32124,Petrol,kg CO2e of CO2 per unit,0.00058
32125,Petrol,kg CO2e of CO2 per unit,0.00213
32126,Petrol,kg CO2e of CO2 per unit,0.00061
32127,Petrol,kg CO2e of CO2 per unit,0.00056
32120,Petrol,kg CO2e of CH4 per unit,0.00167
32121,Petrol,kg CO2e of CH4 per unit,0.00032
32122,Petrol,kg CO2e of CH4 per unit,0.00098
32123,Petrol,kg CO2e of CH4 per unit,0.00036
32124,Petrol,kg CO2e of CH4 per unit,0.00036
32125,Petrol,kg CO2e of CH4 per unit,0.00098
32126,Petrol,kg CO2e of CH4 per unit,0.00035
32127,Petrol,kg CO2e of CH4 per unit,0.00031
32120,Petrol,kg CO2e of N2O per unit,0.00269
32121,Petrol,kg CO2e of N2O per unit,0.00052
32122,Petrol,kg CO2e of N2O per unit,0.00157
32123,Petrol,kg CO2e of N2O per unit,0.00058
32124,Petrol,kg CO2e of N2O per unit,0.00058
32125,Petrol,kg CO2e of N2O per unit,0.00157
32126,Petrol,kg CO2e of N2O per unit,0.00056
32127,Petrol,kg CO2e of N2O per unit,0.00051
32120,Hybrid,kg CO2e,4.6368e-06
32121,Hybrid,kg CO2e,0.00036
32122,Hybrid,kg CO2e,0.00024
32123,Hybrid,kg CO2e,
32124,Hybrid,kg CO2e,
32125,Hybrid,kg CO2e,0.00024
32126,Hybrid,kg CO2e,0.00022
32127,Hybrid,kg CO2e,0.00019
32120,Hybrid,kg CO2e of CO2 per unit,1e-05
32121,Hybrid,kg CO2e of CO2 per unit,0.00057
32122,Hybrid,kg CO2e of CO2 per unit,0.00038
32123,Hybrid,kg CO2e of CO2 per unit,
32124,Hybrid,kg CO2e of CO2 per unit,
32125,Hybrid,kg CO2e of CO2 per unit,0.00038
32126,Hybrid,kg CO2e of CO2 per unit,0.00036
32127,Hybrid,kg CO2e of CO2 per unit,0.00031
32120,Hybrid,kg CO2e of CH4 per unit,4.6368e-06
32121,Hybrid,kg CO2e of CH4 per unit,0.00036
32122,Hybrid,kg CO2e of CH4 per unit,0.00017
32123,Hybrid,kg CO2e of CH4 per unit,0.00177
32124,Hybrid,kg CO2e of CH4 per unit,6e-05
32125,Hybrid,kg CO2e of CH4 per unit,0.00017
32126,Hybrid,kg CO2e of CH4 per unit,0.00035
32127,Hybrid,kg CO2e of CH4 per unit,0.00022
32120,Hybrid,kg CO2e of N2O per unit,1e-05
32121,Hybrid,kg CO2e of N2O per unit,0.00057
32122,Hybrid,kg CO2e of N2O per unit,0.00027
32123,Hybrid,kg CO2e of N2O per unit,0.00286
32124,Hybrid,kg CO2e of N2O per unit,9e-05
32125,Hybrid,kg CO2e of N2O per unit,0.00027
32126,Hybrid,kg CO2e of N2O per unit,0.00055
32127,Hybrid,kg CO2e of N2O per unit,0.00036
32120,CNG,kg CO2e,4.6368e-06
32121,CNG,kg CO2e,0.00036
32122,CNG,kg CO2e,0.0001
32123,CNG,kg CO2e,0.00177
32124,CNG,kg CO2e,6e-05
32125,CNG,kg CO2e,0.0001
32126,CNG,kg CO2e,0.00039
32127,CNG,kg CO2e,0.00026
32120,CNG,kg CO2e of CO2 per unit,1e-05
32121,CNG,kg CO2e of CO2 per unit,0.00057
32122,CNG,kg CO2e of CO2 per unit,0.00016
32123,CNG,kg CO2e of CO2 per unit,0.00286
32124,CNG,kg CO2e of CO2 per unit,9e-05
32125,CNG,kg CO2e of CO2 per unit,0.00016
32126,CNG,kg CO2e of CO2 per unit,0.00064
32127,CNG,kg CO2e of CO2 per unit,0.00041
32120,CNG,kg CO2e of CH4 per unit,4.6368e-06
32121,CNG,kg CO2e of CH4 per unit,0.00036
32122,CNG,kg CO2e of CH4 per unit,0.00019
32123,CNG,kg CO2e of CH4 per unit,0.00177
32124,CNG,kg CO2e of CH4 per unit,6e-05
32125,CNG,kg CO2e of CH4 per unit,0.00019
32126,CNG,kg CO2e of CH4 per unit,0.00037
32127,CNG,kg CO2e of CH4 per unit,0.00024
32120,CNG,kg CO2e of N2O per unit,1e-05
32121,CNG,kg CO2e of N2O per unit,0.00057
32122,CNG,kg CO2e of N2O per unit,0.0003
32123,CNG,kg CO2e of N2O per unit,0.00286
32124,CNG,kg CO2e of N2O per unit,9e-05
32125,CNG,kg CO2e of N2O per unit,0.0003
32126,CNG,kg CO2e of N2O per unit,0.00059
32127,CNG,kg CO2e of N2O per unit,0.00037
32120,LPG,kg CO2e,0.1434
32121,LPG,kg CO2e,0.14308
32122,LPG,kg CO2e,0.11413
32123,LPG,kg CO2e,
32124,LPG,kg CO2e,
32125,LPG,kg CO2e,0.14322
32126,LPG,kg CO2e,0.05669
32127,LPG,kg CO2e,0.03688
32120,LPG,kg CO2e of CO2 per unit,0.23078
32121,LPG,kg CO2e of CO2 per unit,0.23027
32122,LPG,kg CO2e of CO2 per unit,0.18368
32123,LPG,kg CO2e of CO2 per unit,
32124,LPG,kg CO2e of CO2 per unit,
32125,LPG,kg CO2e of CO2 per unit,0.23049
32126,LPG,kg CO2e of CO2 per unit,0.09123
32127,LPG,kg CO2e of CO2 per unit,0.05936
32120,LPG,kg CO2e of CH4 per unit,0.17174
32121,LPG,kg CO2e of CH4 per unit,0.17474
32122,LPG,kg CO2e of CH4 per unit,0.11724
32123,LPG,kg CO2e of CH4 per unit,0.15504
32124,LPG,kg CO2e of CH4 per unit,0.17427
32125,LPG,kg CO2e of CH4 per unit,0.17322
32126,LPG,kg CO2e of CH4 per unit,0.0882
32127,LPG,kg CO2e of CH4 per unit,0.03882
32120,LPG,kg CO2e of N2O per unit,0.27639
32121,LPG,kg CO2e of N2O per unit,0.28121
32122,LPG,kg CO2e of N2O per unit,0.18869
32123,LPG,kg CO2e of N2O per unit,0.24952
32124,LPG,kg CO2e of N2O per unit,0.28046
32125,LPG,kg CO2e of N2O per unit,0.27877
32126,LPG,kg CO2e of N2O per unit,0.14193
32127,LPG,kg CO2e of N2O per unit,0.06246
32120,Unknown,kg CO2e,0.21007
32121,Unknown,kg CO2e,0.26828
32122,Unknown,kg CO2e,0.1565
32123,Unknown,kg CO2e,0.23722
32124,Unknown,kg CO2e,0.26771
32125,Unknown,kg CO2e,0.22678
32126,Unknown,kg CO2e,0.1143
32127,Unknown,kg CO2e,0.04205
32120,Unknown,kg CO2e of CO2 per unit,0.33808
32121,Unknown,kg CO2e of CO2 per unit,0.43175
32122,Unknown,kg CO2e of CO2 per unit,0.25184
32123,Unknown,kg CO2e of CO2 per unit,0.38177
32124,Unknown,kg CO2e of CO2 per unit,0.43082
32125,Unknown,kg CO2e of CO2 per unit,0.36495
32126,Unknown,kg CO2e of CO2 per unit,0.18396
32127,Unknown,kg CO2e of CO2 per unit,0.06767
32120,Unknown,kg CO2e of CH4 per unit,0.17304
32121,Unknown,kg CO2e of CH4 per unit,0.16272
32122,Unknown,kg CO2e of CH4 per unit,0.12825
32123,Unknown,kg CO2e of CH4 per unit,0.17414
32124,Unknown,kg CO2e of CH4 per unit,0.19599
32125,Unknown,kg CO2e of CH4 per unit,0.16725
32126,Unknown,kg CO2e of CH4 per unit,0.10461
32127,Unknown,kg CO2e of CH4 per unit,0.04047
32120,Unknown,kg CO2e of N2O per unit,0.27849
32121,Unknown,kg CO2e of N2O per unit,0.26187
32122,Unknown,kg CO2e of N2O per unit,0.20639
32123,Unknown,kg CO2e of N2O per unit,0.28025
32124,Unknown,kg CO2e of N2O per unit,0.31541
32125,Unknown,kg CO2e of N2O per unit,0.26915
32126,Unknown,kg CO2e of N2O per unit,0.16834
32127,Unknown,kg CO2e of N2O per unit,0.06512
32120,Plug-in Hybrid Electric Vehicle,kg CO2e,0.14172
32121,Plug-in Hybrid Electric Vehicle,kg CO2e,0.1424
32122,Plug-in Hybrid Electric Vehicle,kg CO2e,0.11312
32123,Plug-in Hybrid Electric Vehicle,kg CO2e,
32124,Plug-in Hybrid Electric Vehicle,kg CO2e,
32125,Plug-in Hybrid Electric Vehicle,kg CO2e,0.14221
32126,Plug-in Hybrid Electric Vehicle,kg CO2e,0.05622
32127,Plug-in Hybrid Electric Vehicle,kg CO2e,0.03643
32120,Plug-in Hybrid Electric Vehicle,kg CO2e of CO2 per unit,0.22807
32121,Plug-in Hybrid Electric Vehicle,kg CO2e of CO2 per unit,0.22918
32122,Plug-in Hybrid Electric Vehicle,kg CO2e of CO2 per unit,0.18205
32123,Plug-in Hybrid Electric Vehicle,kg CO2e of CO2 per unit,
32124,Plug-in Hybrid Electric Vehicle,kg CO2e of CO2 per unit,
32125,Plug-in Hybrid Electric Vehicle,kg CO2e of CO2 per unit,0.22886
32126,Plug-in Hybrid Electric Vehicle,kg CO2e of CO2 per unit,0.09047
32127,Plug-in Hybrid Electric Vehicle,kg CO2e of CO2 per unit,0.05863
32120,Plug-in Hybrid Electric Vehicle,kg CO2e of CH4 per unit,0.17006
32121,Plug-in Hybrid Electric Vehicle,kg CO2e of CH4 per unit,0.17406
32122,Plug-in Hybrid Electric Vehicle,kg CO2e of CH4 per unit,0.11603
32123,Plug-in Hybrid Electric Vehicle,kg CO2e of CH4 per unit,0.15291
32124,Plug-in Hybrid Electric Vehicle,kg CO2e of CH4 per unit,0.17385
32125,Plug-in Hybrid Electric Vehicle,kg CO2e of CH4 per unit,0.17201
32126,Plug-in Hybrid Electric Vehicle,kg CO2e of CH4 per unit,0.08753
32127,Plug-in Hybrid Electric Vehicle,kg CO2e of CH4 per unit,0.03829
32120,Plug-in Hybrid Electric Vehicle,kg CO2e of N2O per unit,0.27368
32121,Plug-in Hybrid Electric Vehicle,kg CO2e of N2O per unit,0.28012
32122,Plug-in Hybrid Electric Vehicle,kg CO2e of N2O per unit,0.18674
32123,Plug-in Hybrid Electric Vehicle,kg CO2e of N2O per unit,0.24609
32124,Plug-in Hybrid Electric Vehicle,kg CO2e of N2O per unit,0.27979
32125,Plug-in Hybrid Electric Vehicle,kg CO2e of N2O per unit,0.27682
32126,Plug-in Hybrid Electric Vehicle,kg CO2e of N2O per unit,0.14087
32127,Plug-in Hybrid Electric Vehicle,kg CO2e of N2O per unit,0.06162
32120,Battery Electric Vehicle,kg CO2e,0.20839
32121,Battery Electric Vehicle,kg CO2e,0.2676
32122,Battery Electric Vehicle,kg CO2e,0.15507
32123,Battery Electric Vehicle,kg CO2e,0.23509
32124,Battery Electric Vehicle,kg CO2e,0.26729
32125,Battery Electric Vehicle,kg CO2e,0.22535
32126,Battery Electric Vehicle,kg CO2e,0.11353
32127,Battery Electric Vehicle,kg CO2e,0.04145
32120,Battery Electric Vehicle,kg CO2e of CO2 per unit,0.33537
32121,Battery Electric Vehicle,kg CO2e of CO2 per unit,0.43066
32122,Battery Electric Vehicle,kg CO2e of CO2 per unit,0.24956
32123,Battery Electric Vehicle,kg CO2e of CO2 per unit,0.37834
32124,Battery Electric Vehicle,kg CO2e of CO2 per unit,0.43015
32125,Battery Electric Vehicle,kg CO2e of CO2 per unit,0.36267
32126,Battery Electric Vehicle,kg CO2e of CO2 per unit,0.18271
32127,Battery Electric Vehicle,kg CO2e of CO2 per unit,0.0667
32120,Battery Electric Vehicle,kg CO2e of CH4 per unit,0.17136
32121,Battery Electric Vehicle,kg CO2e of CH4 per unit,0.16204
32122,Battery Electric Vehicle,kg CO2e of CH4 per unit,0.12708
32123,Battery Electric Vehicle,kg CO2e of CH4 per unit,0.17201
32124,Battery Electric Vehicle,kg CO2e of CH4 per unit,0.19557
32125,Battery Electric Vehicle,kg CO2e of CH4 per unit,0.16608
32126,Battery Electric Vehicle,kg CO2e of CH4 per unit,0.10389
32127,Battery Electric Vehicle,kg CO2e of CH4 per unit,0.03992
32120,Battery Electric Vehicle,kg CO2e of N2O per unit,0.27578
32121,Battery Electric Vehicle,kg CO2e of N2O per unit,0.26078
32122,Battery Electric Vehicle,kg CO2e of N2O per unit,0.20452
32123,Battery Electric Vehicle,kg CO2e of N2O per unit,0.27682
32124,Battery Electric Vehicle,kg CO2e of N2O per unit,0.31474
32125,Battery Electric Vehicle,kg CO2e of N2O per unit,0.26728
32126,Battery Electric Vehicle,kg CO2e of N2O per unit,0.16719
32127,Battery Electric Vehicle,kg CO2e of N2O per unit,0.06424
32130,Diesel,kg CO2e,0.00165
32131,Diesel,kg CO2e,0.00044
32132,Diesel,kg CO2e,
32133,Diesel,kg CO2e,
32130,Diesel,kg CO2e of CO2 per unit,
32131,Diesel,kg CO2e of CO2 per unit,
32132,Diesel,kg CO2e of CO2 per unit,0.00022
32133,Diesel,kg CO2e of CO2 per unit,0.00165
32130,Diesel,kg CO2e of CH4 per unit,0.00044
32131,Diesel,kg CO2e of CH4 per unit,
32132,Diesel,kg CO2e of CH4 per unit,
32133,Diesel,kg CO2e of CH4 per unit,
32130,Diesel,kg CO2e of N2O per unit,
32131,Diesel,kg CO2e of N2O per unit,0.00031
32132,Diesel,kg CO2e of N2O per unit,0.00165
32133,Diesel,kg CO2e of N2O per unit,0.00044
32130,Petrol,kg CO2e,
32131,Petrol,kg CO2e,
32132,Petrol,kg CO2e,
32133,Petrol,kg CO2e,0.00189
32130,Petrol,kg CO2e of CO2 per unit,0.00044
32131,Petrol,kg CO2e of CO2 per unit,0.00165
32132,Petrol,kg CO2e of CO2 per unit,0.00044
32133,Petrol,kg CO2e of CO2 per unit,0.0005
32130,Petrol,kg CO2e of CH4 per unit,0.0005
32131,Petrol,kg CO2e of CH4 per unit,0.00162
32132,Petrol,kg CO2e of CH4 per unit,0.00189
32133,Petrol,kg CO2e of CH4 per unit,0.00031
32130,Petrol,kg CO2e of N2O per unit,4.860776705385985e-06
32131,Petrol,kg CO2e of N2O per unit,0.00027
32132,Petrol,kg CO2e of N2O per unit,
32133,Petrol,kg CO2e of N2O per unit,
32130,CNG,kg CO2e,
32131,CNG,kg CO2e,
32132,CNG,kg CO2e,0.00017
32133,CNG,kg CO2e,4.860776705385985e-06
32130,CNG,kg CO2e of CO2 per unit,0.00027
32131,CNG,kg CO2e of CO2 per unit,
32132,CNG,kg CO2e of CO2 per unit,
32133,CNG,kg CO2e of CO2 per unit,
32130,CNG,kg CO2e of CH4 per unit,
32131,CNG,kg CO2e of CH4 per unit,0.00022
32132,CNG,kg CO2e of CH4 per unit,4.860776705385985e-06
32133,CNG,kg CO2e of CH4 per unit,0.00027
32130,CNG,kg CO2e of N2O per unit,
32131,CNG,kg CO2e of N2O per unit,
32132,CNG,kg CO2e of N2O per unit,
32133,CNG,kg CO2e of N2O per unit,9e-05
32130,LPG,kg CO2e,0.00032
32131,LPG,kg CO2e,4.860776705385985e-06
32132,LPG,kg CO2e,0.00027
32133,LPG,kg CO2e,0.00132
32130,LPG,kg CO2e of CO2 per unit,4e-05
32131,LPG,kg CO2e of CO2 per unit,1e-05
32132,LPG,kg CO2e of CO2 per unit,9e-05
32133,LPG,kg CO2e of CO2 per unit,0.00022
32130,LPG,kg CO2e of CH4 per unit,0.15738
32131,LPG,kg CO2e of CH4 per unit,0.20188
32132,LPG,kg CO2e of CH4 per unit,
32133,LPG,kg CO2e of CH4 per unit,
32130,LPG,kg CO2e of N2O per unit,
32131,LPG,kg CO2e of N2O per unit,
32132,LPG,kg CO2e of N2O per unit,0.03798
32133,LPG,kg CO2e of N2O per unit,0.1926
32130,Unknown,kg CO2e,0.20874
32131,Unknown,kg CO2e,
32132,Unknown,kg CO2e,
32133,Unknown,kg CO2e,
32130,Unknown,kg CO2e of CO2 per unit,
32131,Unknown,kg CO2e of CO2 per unit,0.05777
32132,Unknown,kg CO2e of CO2 per unit,0.27878
32133,Unknown,kg CO2e of CO2 per unit,0.33845
32130,Unknown,kg CO2e of CH4 per unit,
32131,Unknown,kg CO2e of CH4 per unit,
32132,Unknown,kg CO2e of CH4 per unit,
32133,Unknown,kg CO2e of CH4 per unit,0.14592
32130,Unknown,kg CO2e of N2O per unit,0.07609
32131,Unknown,kg CO2e of N2O per unit,0.25561
32132,Unknown,kg CO2e of N2O per unit,0.21335
32133,Unknown,kg CO2e of N2O per unit,0.25113
32130,Plug-in Hybrid Electric Vehicle,kg CO2e,0.2761
32131,Plug-in Hybrid Electric Vehicle,kg CO2e,0.2543
32132,Plug-in Hybrid Electric Vehicle,kg CO2e,0.14592
32133,Plug-in Hybrid Electric Vehicle,kg CO2e,0.06976
32130,Plug-in Hybrid Electric Vehicle,kg CO2e of CO2 per unit,0.15572
32131,Plug-in Hybrid Electric Vehicle,kg CO2e of CO2 per unit,0.20118
32132,Plug-in Hybrid Electric Vehicle,kg CO2e of CO2 per unit,
32133,Plug-in Hybrid Electric Vehicle,kg CO2e of CO2 per unit,
32130,Plug-in Hybrid Electric Vehicle,kg CO2e of CH4 per unit,
32131,Plug-in Hybrid Electric Vehicle,kg CO2e of CH4 per unit,
32132,Plug-in Hybrid Electric Vehicle,kg CO2e of CH4 per unit,0.03759
32133,Plug-in Hybrid Electric Vehicle,kg CO2e of CH4 per unit,0.19094
32130,Plug-in Hybrid Electric Vehicle,kg CO2e of N2O per unit,0.20804
32131,Plug-in Hybrid Electric Vehicle,kg CO2e of N2O per unit,
32132,Plug-in Hybrid Electric Vehicle,kg CO2e of N2O per unit,
32133,Plug-in Hybrid Electric Vehicle,kg CO2e of N2O per unit,
32130,Battery Electric Vehicle,kg CO2e,
32131,Battery Electric Vehicle,kg CO2e,0.05723
32132,Battery Electric Vehicle,kg CO2e,0.27712
32133,Battery Electric Vehicle,kg CO2e,0.33775
32130,Battery Electric Vehicle,kg CO2e of CO2 per unit,
32131,Battery Electric Vehicle,kg CO2e of CO2 per unit,
32132,Battery Electric Vehicle,kg CO2e of CO2 per unit,
32133,Battery Electric Vehicle,kg CO2e of CO2 per unit,0.14395
32130,Battery Electric Vehicle,kg CO2e of CH4 per unit,0.07533
32131,Battery Electric Vehicle,kg CO2e of CH4 per unit,0.25395
32132,Battery Electric Vehicle,kg CO2e of CH4 per unit,0.21265
32133,Battery Electric Vehicle,kg CO2e of CH4 per unit,0.24931
32130,Battery Electric Vehicle,kg CO2e of N2O per unit,0.27556
32131,Battery Electric Vehicle,kg CO2e of N2O per unit,0.25267
32132,Battery Electric Vehicle,kg CO2e of N2O per unit,0.14395
32133,Battery Electric Vehicle,kg CO2e of N2O per unit,0.06922
32140,0% Laden,kg CO2e,0.00532
32141,0% Laden,kg CO2e,0.00532
32142,0% Laden,kg CO2e,0.00532
32143,0% Laden,kg CO2e,0.00532
32144,0% Laden,kg CO2e,0.00648
32145,0% Laden,kg CO2e,0.00648
32146,0% Laden,kg CO2e,0.00648
32147,0% Laden,kg CO2e,0.00648
32140,0% Laden,kg CO2e of CO2 per unit,0.01059
32141,0% Laden,kg CO2e of CO2 per unit,0.01059
32142,0% Laden,kg CO2e of CO2 per unit,0.01059
32143,0% Laden,kg CO2e of CO2 per unit,0.01059
32144,0% Laden,kg CO2e of CO2 per unit,0.00888
32145,0% Laden,kg CO2e of CO2 per unit,0.00888
32146,0% Laden,kg CO2e of CO2 per unit,0.00888
32147,0% Laden,kg CO2e of CO2 per unit,0.00888
32140,0% Laden,kg CO2e of CH4 per unit,0.01209
32141,0% Laden,kg CO2e of CH4 per unit,0.01209
32142,0% Laden,kg CO2e of CH4 per unit,0.01209
32143,0% Laden,kg CO2e of CH4 per unit,0.01209
32144,0% Laden,kg CO2e of CH4 per unit,0.01438
32145,0% Laden,kg CO2e of CH4 per unit,0.01438
32146,0% Laden,kg CO2e of CH4 per unit,0.01438
32147,0% Laden,kg CO2e of CH4 per unit,0.01438
32140,0% Laden,kg CO2e of N2O per unit,0.01428
32141,0% Laden,kg CO2e of N2O per unit,0.01428
32142,0% Laden,kg CO2e of N2O per unit,0.01428
32143,0% Laden,kg CO2e of N2O per unit,0.01428
32144,0% Laden,kg CO2e of N2O per unit,0.01195
32145,0% Laden,kg CO2e of N2O per unit,0.01195
32146,0% Laden,kg CO2e of N2O per unit,0.01195
32147,0% Laden,kg CO2e of N2O per unit,0.01195
32140,50% Laden,kg CO2e,0.00011
32141,50% Laden,kg CO2e,0.00011
32142,50% Laden,kg CO2e,0.00011
32143,50% Laden,kg CO2e,0.00011
32144,50% Laden,kg CO2e,0.00013
32145,50% Laden,kg CO2e,0.00013
32146,50% Laden,kg CO2e,0.00013
32147,50% Laden,kg CO2e,0.00013
32140,50% Laden,kg CO2e of CO2 per unit,0.00022
32141,50% Laden,kg CO2e of CO2 per unit,0.00022
32142,50% Laden,kg CO2e of CO2 per unit,0.00022
32143,50% Laden,kg CO2e of CO2 per unit,0.00022
32144,50% Laden,kg CO2e of CO2 per unit,0.00019
32145,50% Laden,kg CO2e of CO2 per unit,0.00019
32146,50% Laden,kg CO2e of CO2 per unit,0.00019
32147,50% Laden,kg CO2e of CO2 per unit,0.00019
32140,50% Laden,kg CO2e of CH4 per unit,0.00012
32141,50% Laden,kg CO2e of CH4 per unit,0.00012
32142,50% Laden,kg CO2e of CH4 per unit,0.00012
32143,50% Laden,kg CO2e of CH4 per unit,0.00012
32144,50% Laden,kg CO2e of CH4 per unit,0.00015
32145,50% Laden,kg CO2e of CH4 per unit,0.00015
32146,50% Laden,kg CO2e of CH4 per unit,0.00015
32147,50% Laden,kg CO2e of CH4 per unit,0.00015
32140,50% Laden,kg CO2e of N2O per unit,0.00015
32141,50% Laden,kg CO2e of N2O per unit,0.00015
32142,50% Laden,kg CO2e of N2O per unit,0.00015
32143,50% Laden,kg CO2e of N2O per unit,0.00015
32144,50% Laden,kg CO2e of N2O per unit,0.00016
32145,50% Laden,kg CO2e of N2O per unit,0.00016
32146,50% Laden,kg CO2e of N2O per unit,0.00016
32147,50% Laden,kg CO2e of N2O per unit,0.00016
32140,100% Laden,kg CO2e,0.46138
32141,100% Laden,kg CO2e,0.50103
32142,100% Laden,kg CO2e,0.54068
32143,100% Laden,kg CO2e,0.49548
32144,100% Laden,kg CO2e,0.55061
32145,100% Laden,kg CO2e,0.62832
32146,100% Laden,kg CO2e,0.70603
32147,100% Laden,kg CO2e,0.60501
32140,100% Laden,kg CO2e of CO2 per unit,0.774
32141,100% Laden,kg CO2e of CO2 per unit,0.94152
32142,100% Laden,kg CO2e of CO2 per unit,1.10905
32143,100% Laden,kg CO2e of CO2 per unit,0.99156
32144,100% Laden,kg CO2e of CO2 per unit,0.67912
32145,100% Laden,kg CO2e of CO2 per unit,0.80803
32146,100% Laden,kg CO2e of CO2 per unit,0.93695
32147,100% Laden,kg CO2e of CO2 per unit,0.83751
32140,100% Laden,kg CO2e of CH4 per unit,0.62775
32141,100% Laden,kg CO2e of CH4 per unit,0.78163
32142,100% Laden,kg CO2e of CH4 per unit,0.93552
32143,100% Laden,kg CO2e of CH4 per unit,0.78471
32144,100% Laden,kg CO2e of CH4 per unit,0.64734
32145,100% Laden,kg CO2e of CH4 per unit,0.85827
32146,100% Laden,kg CO2e of CH4 per unit,1.06921
32147,100% Laden,kg CO2e of CH4 per unit,0.93421
32140,100% Laden,kg CO2e of N2O per unit,0.64659
32141,100% Laden,kg CO2e of N2O per unit,0.85536
32142,100% Laden,kg CO2e of N2O per unit,1.06414
32143,100% Laden,kg CO2e of N2O per unit,0.92854
32144,100% Laden,kg CO2e of N2O per unit,0.65975
32145,100% Laden,kg CO2e of N2O per unit,0.83589
32146,100% Laden,kg CO2e of N2O per unit,1.01203
32147,100% Laden,kg CO2e of N2O per unit,0.89121
32140,Average laden,kg CO2e,0.45595
32141,Average laden,kg CO2e,0.4956
32142,Average laden,kg CO2e,0.53525
32143,Average laden,kg CO2e,0.49005
32144,Average laden,kg CO2e,0.54399
32145,Average laden,kg CO2e,0.6217
32146,Average laden,kg CO2e,0.69941
32147,Average laden,kg CO2e,0.59839
32140,Average laden,kg CO2e of CO2 per unit,0.76318
32141,Average laden,kg CO2e of CO2 per unit,0.9307
32142,Average laden,kg CO2e of CO2 per unit,1.09823
32143,Average laden,kg CO2e of CO2 per unit,0.98074
32144,Average laden,kg CO2e of CO2 per unit,0.67005
32145,Average laden,kg CO2e of CO2 per unit,0.79896
32146,Average laden,kg CO2e of CO2 per unit,0.92788
32147,Average laden,kg CO2e of CO2 per unit,0.82844
32140,Average laden,kg CO2e of CH4 per unit,0.61554
32141,Average laden,kg CO2e of CH4 per unit,0.76942
32142,Average laden,kg CO2e of CH4 per unit,0.92331
32143,Average laden,kg CO2e of CH4 per unit,0.7725
32144,Average laden,kg CO2e of CH4 per unit,0.63282
32145,Average laden,kg CO2e of CH4 per unit,0.84375
32146,Average laden,kg CO2e of CH4 per unit,1.05469
32147,Average laden,kg CO2e of CH4 per unit,0.91969
32140,Average laden,kg CO2e of N2O per unit,0.63216
32141,Average laden,kg CO2e of N2O per unit,0.84093
32142,Average laden,kg CO2e of N2O per unit,1.04971
32143,Average laden,kg CO2e of N2O per unit,0.91411
32144,Average laden,kg CO2e of N2O per unit,0.64764
32145,Average laden,kg CO2e of N2O per unit,0.82378
32146,Average laden,kg CO2e of N2O per unit,0.99992
32147,Average laden,kg CO2e of N2O per unit,0.8791
32150,0% Laden,kg CO2e,0.00532
32151,0% Laden,kg CO2e,0.00532
32152,0% Laden,kg CO2e,0.00532
32153,0% Laden,kg CO2e,0.00532
32154,0% Laden,kg CO2e,0.00648
32155,0% Laden,kg CO2e,0.00648
32156,0% Laden,kg CO2e,0.00648
32157,0% Laden,kg CO2e,0.00648
32150,0% Laden,kg CO2e of CO2 per unit,0.01059
32151,0% Laden,kg CO2e of CO2 per unit,0.01059
32152,0% Laden,kg CO2e of CO2 per unit,0.01059
32153,0% Laden,kg CO2e of CO2 per unit,0.01059
32154,0% Laden,kg CO2e of CO2 per unit,0.00888
32155,0% Laden,kg CO2e of CO2 per unit,0.00888
32156,0% Laden,kg CO2e of CO2 per unit,0.00888
32157,0% Laden,kg CO2e of CO2 per unit,0.00888
32150,0% Laden,kg CO2e of CH4 per unit,0.01209
32151,0% Laden,kg CO2e of CH4 per unit,0.01209
32152,0% Laden,kg CO2e of CH4 per unit,0.01209
32153,0% Laden,kg CO2e of CH4 per unit,0.01209
32154,0% Laden,kg CO2e of CH4 per unit,0.01438
32155,0% Laden,kg CO2e of CH4 per unit,0.01438
32156,0% Laden,kg CO2e of CH4 per unit,0.01438
32157,0% Laden,kg CO2e of CH4 per unit,0.01438
32150,0% Laden,kg CO2e of N2O per unit,0.01428
32151,0% Laden,kg CO2e of N2O per unit,0.01428
32152,0% Laden,kg CO2e of N2O per unit,0.01428
32153,0% Laden,kg CO2e of N2O per unit,0.01428
32154,0% Laden,kg CO2e of N2O per unit,0.01195
32155,0% Laden,kg CO2e of N2O per unit,0.01195
32156,0% Laden,kg CO2e of N2O per unit,0.01195
32157,0% Laden,kg CO2e of N2O per unit,0.01195
32150,50% Laden,kg CO2e,0.00011
32151,50% Laden,kg CO2e,0.00011
32152,50% Laden,kg CO2e,0.00011
32153,50% Laden,kg CO2e,0.00011
32154,50% Laden,kg CO2e,0.00013
32155,50% Laden,kg CO2e,0.00013
32156,50% Laden,kg CO2e,0.00013
32157,50% Laden,kg CO2e,0.00013
32150,50% Laden,kg CO2e of CO2 per unit,0.00022
32151,50% Laden,kg CO2e of CO2 per unit,0.00022
32152,50% Laden,kg CO2e of CO2 per unit,0.00022
32153,50% Laden,kg CO2e of CO2 per unit,0.00022
32154,50% Laden,kg CO2e of CO2 per unit,0.00019
32155,50% Laden,kg CO2e of CO2 per unit,0.00019
32156,50% Laden,kg CO2e of CO2 per unit,0.00019
32157,50% Laden,kg CO2e of CO2 per unit,0.00019
32150,50% Laden,kg CO2e of CH4 per unit,0.00012
32151,50% Laden,kg CO2e of CH4 per unit,0.00012
32152,50% Laden,kg CO2e of CH4 per unit,0.00012
32153,50% Laden,kg CO2e of CH4 per unit,0.00012
32154,50% Laden,kg CO2e of CH4 per unit,0.00015
32155,50% Laden,kg CO2e of CH4 per unit,0.00015
32156,50% Laden,kg CO2e of CH4 per unit,0.00015
32157,50% Laden,kg CO2e of CH4 per unit,0.00015
32150,50% Laden,kg CO2e of N2O per unit,0.00015
32151,50% Laden,kg CO2e of N2O per unit,0.00015
32152,50% Laden,kg CO2e of N2O per unit,0.00015
32153,50% Laden,kg CO2e of N2O per unit,0.00015
32154,50% Laden,kg CO2e of N2O per unit,0.00016
32155,50% Laden,kg CO2e of N2O per unit,0.00016
32156,50% Laden,kg CO2e of N2O per unit,0.00016
32157,50% Laden,kg CO2e of N2O per unit,0.00016
32150,100% Laden,kg CO2e,0.54937
32151,100% Laden,kg CO2e,0.59667
32152,100% Laden,kg CO2e,0.64397
32153,100% Laden,kg CO2e,0.59005
32154,100% Laden,kg CO2e,0.65559
32155,100% Laden,kg CO2e,0.7483
32156,100% Laden,kg CO2e,0.84101
32157,100% Laden,kg CO2e,0.72049
32150,100% Laden,kg CO2e of CO2 per unit,0.92128
32151,100% Laden,kg CO2e of CO2 per unit,1.12114
32152,100% Laden,kg CO2e of CO2 per unit,1.321
32153,100% Laden,kg CO2e of CO2 per unit,1.18083
32154,100% Laden,kg CO2e of CO2 per unit,0.80843
32155,100% Laden,kg CO2e of CO2 per unit,0.96223
32156,100% Laden,kg CO2e of CO2 per unit,1.11603
32157,100% Laden,kg CO2e of CO2 per unit,0.99739
32150,100% Laden,kg CO2e of CH4 per unit,0.72566
32151,100% Laden,kg CO2e of CH4 per unit,0.90403
32152,100% Laden,kg CO2e of CH4 per unit,1.08239
32153,100% Laden,kg CO2e of CH4 per unit,0.90759
32154,100% Laden,kg CO2e of CH4 per unit,0.748
32155,100% Laden,kg CO2e of CH4 per unit,0.99249
32156,100% Laden,kg CO2e of CH4 per unit,1.23699
32157,100% Laden,kg CO2e of CH4 per unit,1.08051
32150,100% Laden,kg CO2e of N2O per unit,0.74715
32151,100% Laden,kg CO2e of N2O per unit,0.98913
32152,100% Laden,kg CO2e of N2O per unit,1.23112
32153,100% Laden,kg CO2e of N2O per unit,1.07395
32154,100% Laden,kg CO2e of N2O per unit,0.77175
32155,100% Laden,kg CO2e of N2O per unit,0.97835
32156,100% Laden,kg CO2e of N2O per unit,1.18495
32157,100% Laden,kg CO2e of N2O per unit,1.04323
32150,Average laden,kg CO2e,0.54394
32151,Average laden,kg CO2e,0.59124
32152,Average laden,kg CO2e,0.63854
32153,Average laden,kg CO2e,0.58462
32154,Average laden,kg CO2e,0.64897
32155,Average laden,kg CO2e,0.74168
32156,Average laden,kg CO2e,0.83439
32157,Average laden,kg CO2e,0.71387
32150,Average laden,kg CO2e of CO2 per unit,0.91046
32151,Average laden,kg CO2e of CO2 per unit,1.11032
32152,Average laden,kg CO2e of CO2 per unit,1.31018
32153,Average laden,kg CO2e of CO2 per unit,1.17001
32154,Average laden,kg CO2e of CO2 per unit,0.79936
32155,Average laden,kg CO2e of CO2 per unit,0.95316
32156,Average laden,kg CO2e of CO2 per unit,1.10696
32157,Average laden,kg CO2e of CO2 per unit,0.98832
32150,Average laden,kg CO2e of CH4 per unit,0.71345
32151,Average laden,kg CO2e of CH4 per unit,0.89182
32152,Average laden,kg CO2e of CH4 per unit,1.07018
32153,Average laden,kg CO2e of CH4 per unit,0.89538
32154,Average laden,kg CO2e of CH4 per unit,0.73348
32155,Average laden,kg CO2e of CH4 per unit,0.97797
32156,Average laden,kg CO2e of CH4 per unit,1.22247
32157,Average laden,kg CO2e of CH4 per unit,1.06599
32150,Average laden,kg CO2e of N2O per unit,0.73272
32151,Average laden,kg CO2e of N2O per unit,0.9747
32152,Average laden,kg CO2e of N2O per unit,1.21669
32153,Average laden,kg CO2e of N2O per unit,1.05952
32154,Average laden,kg CO2e of N2O per unit,0.75964
32155,Average laden,kg CO2e of N2O per unit,0.96624
32156,Average laden,kg CO2e of N2O per unit,1.17284
32157,Average laden,kg CO2e of N2O per unit,1.03112
32160,,kg CO2e,0.0005
32161,,kg CO2e,0.0008
32162,,kg CO2e,0.00053
32163,,kg CO2e,0.00085
32164,,kg CO2e,0.00053
32165,,kg CO2e,0.00085
32166,,kg CO2e,0.00052
32167,,kg CO2e,0.00084
32160,,kg CO2e of CO2 per unit,0.00175
32161,,kg CO2e of CO2 per unit,0.00282
32162,,kg CO2e of CO2 per unit,0.00228
32163,,kg CO2e of CO2 per unit,0.00367
32164,,kg CO2e of CO2 per unit,0.00127
32165,,kg CO2e of CO2 per unit,0.00204
32166,,kg CO2e of CO2 per unit,0.00177
32167,,kg CO2e of CO2 per unit,0.00284
32160,,kg CO2e of CH4 per unit,0.08319
32161,,kg CO2e of CH4 per unit,0.13389
32162,,kg CO2e of CH4 per unit,0.10108
32163,,kg CO2e of CH4 per unit,0.16266
32164,,kg CO2e of CH4 per unit,0.13252
32165,,kg CO2e of CH4 per unit,0.21326
32166,,kg CO2e of CH4 per unit,0.11367
32167,,kg CO2e of CH4 per unit,0.18294
32160,,kg CO2e of N2O per unit,0.08094
32161,,kg CO2e of N2O per unit,0.13027
32162,,kg CO2e of N2O per unit,0.09826
32163,,kg CO2e of N2O per unit,0.15813
32164,,kg CO2e of N2O per unit,0.13072
32165,,kg CO2e of N2O per unit,0.21037
32166,,kg CO2e of N2O per unit,0.11138
32167,,kg CO2e of N2O per unit,0.17925
