index,Scope,Level 1,Activity,Type,Last level,UOM,GHG/Unit,GHG Conversion Factor
1610,Scope 1,SECR kWh pass & delivery vehs,Cars (by market segment),Mini,Diesel,km,kWh (Net CV),0.42263
1611,Scope 1,SECR kWh pass & delivery vehs,Cars (by market segment),Mini,Diesel,miles,kWh (Net CV),0.68015
1612,Scope 1,SECR kWh pass & delivery vehs,Cars (by market segment),Supermini,Diesel,km,kWh (Net CV),0.51849
1613,Scope 1,SECR kWh pass & delivery vehs,Cars (by market segment),Supermini,Diesel,miles,kWh (Net CV),0.83443
1614,Scope 1,SECR kWh pass & delivery vehs,Cars (by market segment),Lower medium,Diesel,km,kWh (Net CV),0.56007
1615,Scope 1,SECR kWh pass & delivery vehs,Cars (by market segment),Lower medium,Diesel,miles,kWh (Net CV),0.90135
1616,Scope 1,SECR kWh pass & delivery vehs,Cars (by market segment),Upper medium,Diesel,km,kWh (Net CV),0.62553
1617,Scope 1,SECR kWh pass & delivery vehs,Cars (by market segment),Upper medium,Diesel,miles,kWh (Net CV),1.0067
1618,Scope 1,SECR kWh pass & delivery vehs,Cars (by market segment),Executive,Diesel,km,kWh (Net CV),0.66042
1619,Scope 1,SECR kWh pass & delivery vehs,Cars (by market segment),Executive,Diesel,miles,kWh (Net CV),1.06284
16110,Scope 1,SECR kWh pass & delivery vehs,Cars (by market segment),Luxury,Diesel,km,kWh (Net CV),0.79877
16111,Scope 1,SECR kWh pass & delivery vehs,Cars (by market segment),Luxury,Diesel,miles,kWh (Net CV),1.28549
16112,Scope 1,SECR kWh pass & delivery vehs,Cars (by market segment),Sports,Diesel,km,kWh (Net CV),0.66959
16113,Scope 1,SECR kWh pass & delivery vehs,Cars (by market segment),Sports,Diesel,miles,kWh (Net CV),1.0776
16114,Scope 1,SECR kWh pass & delivery vehs,Cars (by market segment),Dual purpose 4X4,Diesel,km,kWh (Net CV),0.77304
16115,Scope 1,SECR kWh pass & delivery vehs,Cars (by market segment),Dual purpose 4X4,Diesel,miles,kWh (Net CV),1.24409
16116,Scope 1,SECR kWh pass & delivery vehs,Cars (by market segment),MPV,Diesel,km,kWh (Net CV),0.69884
16117,Scope 1,SECR kWh pass & delivery vehs,Cars (by market segment),MPV,Diesel,miles,kWh (Net CV),1.12468
1610,Scope 1,SECR kWh pass & delivery vehs,Cars (by market segment),Mini,Petrol,km,kWh (Net CV),0.56434
1611,Scope 1,SECR kWh pass & delivery vehs,Cars (by market segment),Mini,Petrol,miles,kWh (Net CV),0.90821
1612,Scope 1,SECR kWh pass & delivery vehs,Cars (by market segment),Supermini,Petrol,km,kWh (Net CV),0.61702
1613,Scope 1,SECR kWh pass & delivery vehs,Cars (by market segment),Supermini,Petrol,miles,kWh (Net CV),0.993
1614,Scope 1,SECR kWh pass & delivery vehs,Cars (by market segment),Lower medium,Petrol,km,kWh (Net CV),0.69727
1615,Scope 1,SECR kWh pass & delivery vehs,Cars (by market segment),Lower medium,Petrol,miles,kWh (Net CV),1.12214
1616,Scope 1,SECR kWh pass & delivery vehs,Cars (by market segment),Upper medium,Petrol,km,kWh (Net CV),0.80198
1617,Scope 1,SECR kWh pass & delivery vehs,Cars (by market segment),Upper medium,Petrol,miles,kWh (Net CV),1.29067
1618,Scope 1,SECR kWh pass & delivery vehs,Cars (by market segment),Executive,Petrol,km,kWh (Net CV),0.86881
1619,Scope 1,SECR kWh pass & delivery vehs,Cars (by market segment),Executive,Petrol,miles,kWh (Net CV),1.39821
16110,Scope 1,SECR kWh pass & delivery vehs,Cars (by market segment),Luxury,Petrol,km,kWh (Net CV),1.33257
16111,Scope 1,SECR kWh pass & delivery vehs,Cars (by market segment),Luxury,Petrol,miles,kWh (Net CV),2.14457
16112,Scope 1,SECR kWh pass & delivery vehs,Cars (by market segment),Sports,Petrol,km,kWh (Net CV),1.01311
16113,Scope 1,SECR kWh pass & delivery vehs,Cars (by market segment),Sports,Petrol,miles,kWh (Net CV),1.63044
16114,Scope 1,SECR kWh pass & delivery vehs,Cars (by market segment),Dual purpose 4X4,Petrol,km,kWh (Net CV),0.83171
16115,Scope 1,SECR kWh pass & delivery vehs,Cars (by market segment),Dual purpose 4X4,Petrol,miles,kWh (Net CV),1.33851
16116,Scope 1,SECR kWh pass & delivery vehs,Cars (by market segment),MPV,Petrol,km,kWh (Net CV),0.77457
16117,Scope 1,SECR kWh pass & delivery vehs,Cars (by market segment),MPV,Petrol,miles,kWh (Net CV),1.24655
1610,Scope 1,SECR kWh pass & delivery vehs,Cars (by market segment),Mini,Unknown,km,kWh (Net CV),0.56341
1611,Scope 1,SECR kWh pass & delivery vehs,Cars (by market segment),Mini,Unknown,miles,kWh (Net CV),0.90672
1612,Scope 1,SECR kWh pass & delivery vehs,Cars (by market segment),Supermini,Unknown,km,kWh (Net CV),0.60573
1613,Scope 1,SECR kWh pass & delivery vehs,Cars (by market segment),Supermini,Unknown,miles,kWh (Net CV),0.97482
1614,Scope 1,SECR kWh pass & delivery vehs,Cars (by market segment),Lower medium,Unknown,km,kWh (Net CV),0.63734
1615,Scope 1,SECR kWh pass & delivery vehs,Cars (by market segment),Lower medium,Unknown,miles,kWh (Net CV),1.0257
1616,Scope 1,SECR kWh pass & delivery vehs,Cars (by market segment),Upper medium,Unknown,km,kWh (Net CV),0.66409
1617,Scope 1,SECR kWh pass & delivery vehs,Cars (by market segment),Upper medium,Unknown,miles,kWh (Net CV),1.06875
1618,Scope 1,SECR kWh pass & delivery vehs,Cars (by market segment),Executive,Unknown,km,kWh (Net CV),0.70911
1619,Scope 1,SECR kWh pass & delivery vehs,Cars (by market segment),Executive,Unknown,miles,kWh (Net CV),1.14121
16110,Scope 1,SECR kWh pass & delivery vehs,Cars (by market segment),Luxury,Unknown,km,kWh (Net CV),1.02561
16111,Scope 1,SECR kWh pass & delivery vehs,Cars (by market segment),Luxury,Unknown,miles,kWh (Net CV),1.65056
16112,Scope 1,SECR kWh pass & delivery vehs,Cars (by market segment),Sports,Unknown,km,kWh (Net CV),0.95159
16113,Scope 1,SECR kWh pass & delivery vehs,Cars (by market segment),Sports,Unknown,miles,kWh (Net CV),1.53144
16114,Scope 1,SECR kWh pass & delivery vehs,Cars (by market segment),Dual purpose 4X4,Unknown,km,kWh (Net CV),0.79464
16115,Scope 1,SECR kWh pass & delivery vehs,Cars (by market segment),Dual purpose 4X4,Unknown,miles,kWh (Net CV),1.27885
16116,Scope 1,SECR kWh pass & delivery vehs,Cars (by market segment),MPV,Unknown,km,kWh (Net CV),0.71496
16117,Scope 1,SECR kWh pass & delivery vehs,Cars (by market segment),MPV,Unknown,miles,kWh (Net CV),1.15062
1610,Scope 1,SECR kWh pass & delivery vehs,Cars (by market segment),Mini,Plug-in Hybrid Electric Vehicle,km,kWh (Net CV),
1611,Scope 1,SECR kWh pass & delivery vehs,Cars (by market segment),Mini,Plug-in Hybrid Electric Vehicle,miles,kWh (Net CV),
1612,Scope 1,SECR kWh pass & delivery vehs,Cars (by market segment),Supermini,Plug-in Hybrid Electric Vehicle,km,kWh (Net CV),0.13002
1613,Scope 1,SECR kWh pass & delivery vehs,Cars (by market segment),Supermini,Plug-in Hybrid Electric Vehicle,miles,kWh (Net CV),0.20924
1614,Scope 1,SECR kWh pass & delivery vehs,Cars (by market segment),Lower medium,Plug-in Hybrid Electric Vehicle,km,kWh (Net CV),0.32312
1615,Scope 1,SECR kWh pass & delivery vehs,Cars (by market segment),Lower medium,Plug-in Hybrid Electric Vehicle,miles,kWh (Net CV),0.52001
1616,Scope 1,SECR kWh pass & delivery vehs,Cars (by market segment),Upper medium,Plug-in Hybrid Electric Vehicle,km,kWh (Net CV),0.3492
1617,Scope 1,SECR kWh pass & delivery vehs,Cars (by market segment),Upper medium,Plug-in Hybrid Electric Vehicle,miles,kWh (Net CV),0.56198
1618,Scope 1,SECR kWh pass & delivery vehs,Cars (by market segment),Executive,Plug-in Hybrid Electric Vehicle,km,kWh (Net CV),0.35254
1619,Scope 1,SECR kWh pass & delivery vehs,Cars (by market segment),Executive,Plug-in Hybrid Electric Vehicle,miles,kWh (Net CV),0.56736
16110,Scope 1,SECR kWh pass & delivery vehs,Cars (by market segment),Luxury,Plug-in Hybrid Electric Vehicle,km,kWh (Net CV),0.49634
16111,Scope 1,SECR kWh pass & delivery vehs,Cars (by market segment),Luxury,Plug-in Hybrid Electric Vehicle,miles,kWh (Net CV),0.79878
16112,Scope 1,SECR kWh pass & delivery vehs,Cars (by market segment),Sports,Plug-in Hybrid Electric Vehicle,km,kWh (Net CV),0.61275
16113,Scope 1,SECR kWh pass & delivery vehs,Cars (by market segment),Sports,Plug-in Hybrid Electric Vehicle,miles,kWh (Net CV),0.98612
16114,Scope 1,SECR kWh pass & delivery vehs,Cars (by market segment),Dual purpose 4X4,Plug-in Hybrid Electric Vehicle,km,kWh (Net CV),0.44006
16115,Scope 1,SECR kWh pass & delivery vehs,Cars (by market segment),Dual purpose 4X4,Plug-in Hybrid Electric Vehicle,miles,kWh (Net CV),0.70822
16116,Scope 1,SECR kWh pass & delivery vehs,Cars (by market segment),MPV,Plug-in Hybrid Electric Vehicle,km,kWh (Net CV),0.36092
16117,Scope 1,SECR kWh pass & delivery vehs,Cars (by market segment),MPV,Plug-in Hybrid Electric Vehicle,miles,kWh (Net CV),0.58085
1610,Scope 1,SECR kWh pass & delivery vehs,Cars (by market segment),Mini,Battery Electric Vehicle,km,kWh (Net CV),0.0
1611,Scope 1,SECR kWh pass & delivery vehs,Cars (by market segment),Mini,Battery Electric Vehicle,miles,kWh (Net CV),0.0
1612,Scope 1,SECR kWh pass & delivery vehs,Cars (by market segment),Supermini,Battery Electric Vehicle,km,kWh (Net CV),0.0
1613,Scope 1,SECR kWh pass & delivery vehs,Cars (by market segment),Supermini,Battery Electric Vehicle,miles,kWh (Net CV),0.0
1614,Scope 1,SECR kWh pass & delivery vehs,Cars (by market segment),Lower medium,Battery Electric Vehicle,km,kWh (Net CV),0.0
1615,Scope 1,SECR kWh pass & delivery vehs,Cars (by market segment),Lower medium,Battery Electric Vehicle,miles,kWh (Net CV),0.0
1616,Scope 1,SECR kWh pass & delivery vehs,Cars (by market segment),Upper medium,Battery Electric Vehicle,km,kWh (Net CV),0.0
1617,Scope 1,SECR kWh pass & delivery vehs,Cars (by market segment),Upper medium,Battery Electric Vehicle,miles,kWh (Net CV),0.0
1618,Scope 1,SECR kWh pass & delivery vehs,Cars (by market segment),Executive,Battery Electric Vehicle,km,kWh (Net CV),0.0
1619,Scope 1,SECR kWh pass & delivery vehs,Cars (by market segment),Executive,Battery Electric Vehicle,miles,kWh (Net CV),0.0
16110,Scope 1,SECR kWh pass & delivery vehs,Cars (by market segment),Luxury,Battery Electric Vehicle,km,kWh (Net CV),0.0
16111,Scope 1,SECR kWh pass & delivery vehs,Cars (by market segment),Luxury,Battery Electric Vehicle,miles,kWh (Net CV),0.0
16112,Scope 1,SECR kWh pass & delivery vehs,Cars (by market segment),Sports,Battery Electric Vehicle,km,kWh (Net CV),0.0
16113,Scope 1,SECR kWh pass & delivery vehs,Cars (by market segment),Sports,Battery Electric Vehicle,miles,kWh (Net CV),0.0
16114,Scope 1,SECR kWh pass & delivery vehs,Cars (by market segment),Dual purpose 4X4,Battery Electric Vehicle,km,kWh (Net CV),0.0
16115,Scope 1,SECR kWh pass & delivery vehs,Cars (by market segment),Dual purpose 4X4,Battery Electric Vehicle,miles,kWh (Net CV),0.0
16116,Scope 1,SECR kWh pass & delivery vehs,Cars (by market segment),MPV,Battery Electric Vehicle,km,kWh (Net CV),0.0
16117,Scope 1,SECR kWh pass & delivery vehs,Cars (by market segment),MPV,Battery Electric Vehicle,miles,kWh (Net CV),0.0
1620,Scope 1,SECR kWh pass & delivery vehs,Cars (by size),Small car,Diesel,km,kWh (Net CV),0.55315
1621,Scope 1,SECR kWh pass & delivery vehs,Cars (by size),Small car,Diesel,miles,kWh (Net CV),0.8902
1622,Scope 1,SECR kWh pass & delivery vehs,Cars (by size),Medium car,Diesel,km,kWh (Net CV),0.66377
1623,Scope 1,SECR kWh pass & delivery vehs,Cars (by size),Medium car,Diesel,miles,kWh (Net CV),1.06824
1624,Scope 1,SECR kWh pass & delivery vehs,Cars (by size),Large car,Diesel,km,kWh (Net CV),0.8134
1625,Scope 1,SECR kWh pass & delivery vehs,Cars (by size),Large car,Diesel,miles,kWh (Net CV),1.30903
1626,Scope 1,SECR kWh pass & delivery vehs,Cars (by size),Average car,Diesel,km,kWh (Net CV),0.66887
1627,Scope 1,SECR kWh pass & delivery vehs,Cars (by size),Average car,Diesel,miles,kWh (Net CV),1.07644
1620,Scope 1,SECR kWh pass & delivery vehs,Cars (by size),Small car,Petrol,km,kWh (Net CV),0.61844
1621,Scope 1,SECR kWh pass & delivery vehs,Cars (by size),Small car,Petrol,miles,kWh (Net CV),0.99529
1622,Scope 1,SECR kWh pass & delivery vehs,Cars (by size),Medium car,Petrol,km,kWh (Net CV),0.75592
1623,Scope 1,SECR kWh pass & delivery vehs,Cars (by size),Medium car,Petrol,miles,kWh (Net CV),1.21653
1624,Scope 1,SECR kWh pass & delivery vehs,Cars (by size),Large car,Petrol,km,kWh (Net CV),1.16215
1625,Scope 1,SECR kWh pass & delivery vehs,Cars (by size),Large car,Petrol,miles,kWh (Net CV),1.87031
1626,Scope 1,SECR kWh pass & delivery vehs,Cars (by size),Average car,Petrol,km,kWh (Net CV),0.70374
1627,Scope 1,SECR kWh pass & delivery vehs,Cars (by size),Average car,Petrol,miles,kWh (Net CV),1.13256
1620,Scope 1,SECR kWh pass & delivery vehs,Cars (by size),Small car,Hybrid,km,kWh (Net CV),0.47595
1621,Scope 1,SECR kWh pass & delivery vehs,Cars (by size),Small car,Hybrid,miles,kWh (Net CV),0.76596
1622,Scope 1,SECR kWh pass & delivery vehs,Cars (by size),Medium car,Hybrid,km,kWh (Net CV),0.47641
1623,Scope 1,SECR kWh pass & delivery vehs,Cars (by size),Medium car,Hybrid,miles,kWh (Net CV),0.7667
1624,Scope 1,SECR kWh pass & delivery vehs,Cars (by size),Large car,Hybrid,km,kWh (Net CV),0.62334
1625,Scope 1,SECR kWh pass & delivery vehs,Cars (by size),Large car,Hybrid,miles,kWh (Net CV),1.00316
1626,Scope 1,SECR kWh pass & delivery vehs,Cars (by size),Average car,Hybrid,km,kWh (Net CV),0.52624
1627,Scope 1,SECR kWh pass & delivery vehs,Cars (by size),Average car,Hybrid,miles,kWh (Net CV),0.8469
1620,Scope 1,SECR kWh pass & delivery vehs,Cars (by size),Small car,CNG,km,kWh (Net CV),
1621,Scope 1,SECR kWh pass & delivery vehs,Cars (by size),Small car,CNG,miles,kWh (Net CV),
1622,Scope 1,SECR kWh pass & delivery vehs,Cars (by size),Medium car,CNG,km,kWh (Net CV),0.75592
1623,Scope 1,SECR kWh pass & delivery vehs,Cars (by size),Medium car,CNG,miles,kWh (Net CV),1.21653
1624,Scope 1,SECR kWh pass & delivery vehs,Cars (by size),Large car,CNG,km,kWh (Net CV),1.16215
1625,Scope 1,SECR kWh pass & delivery vehs,Cars (by size),Large car,CNG,miles,kWh (Net CV),1.87031
1626,Scope 1,SECR kWh pass & delivery vehs,Cars (by size),Average car,CNG,km,kWh (Net CV),0.85033
1627,Scope 1,SECR kWh pass & delivery vehs,Cars (by size),Average car,CNG,miles,kWh (Net CV),1.36847
1620,Scope 1,SECR kWh pass & delivery vehs,Cars (by size),Small car,LPG,km,kWh (Net CV),
1621,Scope 1,SECR kWh pass & delivery vehs,Cars (by size),Small car,LPG,miles,kWh (Net CV),
1622,Scope 1,SECR kWh pass & delivery vehs,Cars (by size),Medium car,LPG,km,kWh (Net CV),0.75592
1623,Scope 1,SECR kWh pass & delivery vehs,Cars (by size),Medium car,LPG,miles,kWh (Net CV),1.21653
1624,Scope 1,SECR kWh pass & delivery vehs,Cars (by size),Large car,LPG,km,kWh (Net CV),1.16215
1625,Scope 1,SECR kWh pass & delivery vehs,Cars (by size),Large car,LPG,miles,kWh (Net CV),1.87031
1626,Scope 1,SECR kWh pass & delivery vehs,Cars (by size),Average car,LPG,km,kWh (Net CV),0.85033
1627,Scope 1,SECR kWh pass & delivery vehs,Cars (by size),Average car,LPG,miles,kWh (Net CV),1.36847
1620,Scope 1,SECR kWh pass & delivery vehs,Cars (by size),Small car,Unknown,km,kWh (Net CV),0.59833
1621,Scope 1,SECR kWh pass & delivery vehs,Cars (by size),Small car,Unknown,miles,kWh (Net CV),0.96292
1622,Scope 1,SECR kWh pass & delivery vehs,Cars (by size),Medium car,Unknown,km,kWh (Net CV),0.70622
1623,Scope 1,SECR kWh pass & delivery vehs,Cars (by size),Medium car,Unknown,miles,kWh (Net CV),1.13655
1624,Scope 1,SECR kWh pass & delivery vehs,Cars (by size),Large car,Unknown,km,kWh (Net CV),0.90586
1625,Scope 1,SECR kWh pass & delivery vehs,Cars (by size),Large car,Unknown,miles,kWh (Net CV),1.45784
1626,Scope 1,SECR kWh pass & delivery vehs,Cars (by size),Average car,Unknown,km,kWh (Net CV),0.68773
1627,Scope 1,SECR kWh pass & delivery vehs,Cars (by size),Average car,Unknown,miles,kWh (Net CV),1.10679
1620,Scope 1,SECR kWh pass & delivery vehs,Cars (by size),Small car,Plug-in Hybrid Electric Vehicle,km,kWh (Net CV),0.13002
1621,Scope 1,SECR kWh pass & delivery vehs,Cars (by size),Small car,Plug-in Hybrid Electric Vehicle,miles,kWh (Net CV),0.20924
1622,Scope 1,SECR kWh pass & delivery vehs,Cars (by size),Medium car,Plug-in Hybrid Electric Vehicle,km,kWh (Net CV),0.33596
1623,Scope 1,SECR kWh pass & delivery vehs,Cars (by size),Medium car,Plug-in Hybrid Electric Vehicle,miles,kWh (Net CV),0.54068
1624,Scope 1,SECR kWh pass & delivery vehs,Cars (by size),Large car,Plug-in Hybrid Electric Vehicle,km,kWh (Net CV),0.43227
1625,Scope 1,SECR kWh pass & delivery vehs,Cars (by size),Large car,Plug-in Hybrid Electric Vehicle,miles,kWh (Net CV),0.69566
1626,Scope 1,SECR kWh pass & delivery vehs,Cars (by size),Average car,Plug-in Hybrid Electric Vehicle,km,kWh (Net CV),0.39517
1627,Scope 1,SECR kWh pass & delivery vehs,Cars (by size),Average car,Plug-in Hybrid Electric Vehicle,miles,kWh (Net CV),0.63596
1620,Scope 1,SECR kWh pass & delivery vehs,Cars (by size),Small car,Battery Electric Vehicle,km,kWh (Net CV),0.0
1621,Scope 1,SECR kWh pass & delivery vehs,Cars (by size),Small car,Battery Electric Vehicle,miles,kWh (Net CV),0.0
1622,Scope 1,SECR kWh pass & delivery vehs,Cars (by size),Medium car,Battery Electric Vehicle,km,kWh (Net CV),0.0
1623,Scope 1,SECR kWh pass & delivery vehs,Cars (by size),Medium car,Battery Electric Vehicle,miles,kWh (Net CV),0.0
1624,Scope 1,SECR kWh pass & delivery vehs,Cars (by size),Large car,Battery Electric Vehicle,km,kWh (Net CV),0.0
1625,Scope 1,SECR kWh pass & delivery vehs,Cars (by size),Large car,Battery Electric Vehicle,miles,kWh (Net CV),0.0
1626,Scope 1,SECR kWh pass & delivery vehs,Cars (by size),Average car,Battery Electric Vehicle,km,kWh (Net CV),0.0
1627,Scope 1,SECR kWh pass & delivery vehs,Cars (by size),Average car,Battery Electric Vehicle,miles,kWh (Net CV),0.0
1630,Scope 1,SECR kWh pass & delivery vehs,Motorbike,Small,,km,kWh (Net CV),0.33622
1631,Scope 1,SECR kWh pass & delivery vehs,Motorbike,Small,,miles,kWh (Net CV),0.5411
1632,Scope 1,SECR kWh pass & delivery vehs,Motorbike,Medium,,km,kWh (Net CV),0.40813
1633,Scope 1,SECR kWh pass & delivery vehs,Motorbike,Medium,,miles,kWh (Net CV),0.65682
1634,Scope 1,SECR kWh pass & delivery vehs,Motorbike,Large,,km,kWh (Net CV),0.54296
1635,Scope 1,SECR kWh pass & delivery vehs,Motorbike,Large,,miles,kWh (Net CV),0.8738
1636,Scope 1,SECR kWh pass & delivery vehs,Motorbike,Average,,km,kWh (Net CV),0.46265
1637,Scope 1,SECR kWh pass & delivery vehs,Motorbike,Average,,miles,kWh (Net CV),0.74456
1640,Scope 1,SECR kWh pass & delivery vehs,Vans,Class I (up to 1.305 tonnes),Diesel,tonne.km,kWh (Net CV),3.37629
1641,Scope 1,SECR kWh pass & delivery vehs,Vans,Class I (up to 1.305 tonnes),Diesel,km,kWh (Net CV),0.60782
1642,Scope 1,SECR kWh pass & delivery vehs,Vans,Class I (up to 1.305 tonnes),Diesel,miles,kWh (Net CV),0.97819
1643,Scope 1,SECR kWh pass & delivery vehs,Vans,Class II (1.305 to 1.74 tonnes),Diesel,tonne.km,kWh (Net CV),2.4197
1644,Scope 1,SECR kWh pass & delivery vehs,Vans,Class II (1.305 to 1.74 tonnes),Diesel,km,kWh (Net CV),0.74527
1645,Scope 1,SECR kWh pass & delivery vehs,Vans,Class II (1.305 to 1.74 tonnes),Diesel,miles,kWh (Net CV),1.19939
1646,Scope 1,SECR kWh pass & delivery vehs,Vans,Class III (1.74 to 3.5 tonnes),Diesel,tonne.km,kWh (Net CV),2.43865
1647,Scope 1,SECR kWh pass & delivery vehs,Vans,Class III (1.74 to 3.5 tonnes),Diesel,km,kWh (Net CV),1.08164
1648,Scope 1,SECR kWh pass & delivery vehs,Vans,Class III (1.74 to 3.5 tonnes),Diesel,miles,kWh (Net CV),1.74073
1649,Scope 1,SECR kWh pass & delivery vehs,Vans,Average (up to 3.5 tonnes),Diesel,tonne.km,kWh (Net CV),2.44788
16410,Scope 1,SECR kWh pass & delivery vehs,Vans,Average (up to 3.5 tonnes),Diesel,km,kWh (Net CV),0.99123
16411,Scope 1,SECR kWh pass & delivery vehs,Vans,Average (up to 3.5 tonnes),Diesel,miles,kWh (Net CV),1.59524
1640,Scope 1,SECR kWh pass & delivery vehs,Vans,Class I (up to 1.305 tonnes),Petrol,tonne.km,kWh (Net CV),6.18982
1641,Scope 1,SECR kWh pass & delivery vehs,Vans,Class I (up to 1.305 tonnes),Petrol,km,kWh (Net CV),0.8737
1642,Scope 1,SECR kWh pass & delivery vehs,Vans,Class I (up to 1.305 tonnes),Petrol,miles,kWh (Net CV),1.40608
1643,Scope 1,SECR kWh pass & delivery vehs,Vans,Class II (1.305 to 1.74 tonnes),Petrol,tonne.km,kWh (Net CV),3.52978
1644,Scope 1,SECR kWh pass & delivery vehs,Vans,Class II (1.305 to 1.74 tonnes),Petrol,km,kWh (Net CV),0.90349
1645,Scope 1,SECR kWh pass & delivery vehs,Vans,Class II (1.305 to 1.74 tonnes),Petrol,miles,kWh (Net CV),1.45403
1646,Scope 1,SECR kWh pass & delivery vehs,Vans,Class III (1.74 to 3.5 tonnes),Petrol,tonne.km,kWh (Net CV),3.62274
1647,Scope 1,SECR kWh pass & delivery vehs,Vans,Class III (1.74 to 3.5 tonnes),Petrol,km,kWh (Net CV),1.46679
1648,Scope 1,SECR kWh pass & delivery vehs,Vans,Class III (1.74 to 3.5 tonnes),Petrol,miles,kWh (Net CV),2.36057
1649,Scope 1,SECR kWh pass & delivery vehs,Vans,Average (up to 3.5 tonnes),Petrol,tonne.km,kWh (Net CV),3.70436
16410,Scope 1,SECR kWh pass & delivery vehs,Vans,Average (up to 3.5 tonnes),Petrol,km,kWh (Net CV),0.92352
16411,Scope 1,SECR kWh pass & delivery vehs,Vans,Average (up to 3.5 tonnes),Petrol,miles,kWh (Net CV),1.48626
1640,Scope 1,SECR kWh pass & delivery vehs,Vans,Class I (up to 1.305 tonnes),CNG,tonne.km,kWh (Net CV),
1641,Scope 1,SECR kWh pass & delivery vehs,Vans,Class I (up to 1.305 tonnes),CNG,km,kWh (Net CV),
1642,Scope 1,SECR kWh pass & delivery vehs,Vans,Class I (up to 1.305 tonnes),CNG,miles,kWh (Net CV),
1643,Scope 1,SECR kWh pass & delivery vehs,Vans,Class II (1.305 to 1.74 tonnes),CNG,tonne.km,kWh (Net CV),
1644,Scope 1,SECR kWh pass & delivery vehs,Vans,Class II (1.305 to 1.74 tonnes),CNG,km,kWh (Net CV),
1645,Scope 1,SECR kWh pass & delivery vehs,Vans,Class II (1.305 to 1.74 tonnes),CNG,miles,kWh (Net CV),
1646,Scope 1,SECR kWh pass & delivery vehs,Vans,Class III (1.74 to 3.5 tonnes),CNG,tonne.km,kWh (Net CV),
1647,Scope 1,SECR kWh pass & delivery vehs,Vans,Class III (1.74 to 3.5 tonnes),CNG,km,kWh (Net CV),
1648,Scope 1,SECR kWh pass & delivery vehs,Vans,Class III (1.74 to 3.5 tonnes),CNG,miles,kWh (Net CV),
1649,Scope 1,SECR kWh pass & delivery vehs,Vans,Average (up to 3.5 tonnes),CNG,tonne.km,kWh (Net CV),3.06318
16410,Scope 1,SECR kWh pass & delivery vehs,Vans,Average (up to 3.5 tonnes),CNG,km,kWh (Net CV),1.23247
16411,Scope 1,SECR kWh pass & delivery vehs,Vans,Average (up to 3.5 tonnes),CNG,miles,kWh (Net CV),1.98347
1640,Scope 1,SECR kWh pass & delivery vehs,Vans,Class I (up to 1.305 tonnes),LPG,tonne.km,kWh (Net CV),
1641,Scope 1,SECR kWh pass & delivery vehs,Vans,Class I (up to 1.305 tonnes),LPG,km,kWh (Net CV),
1642,Scope 1,SECR kWh pass & delivery vehs,Vans,Class I (up to 1.305 tonnes),LPG,miles,kWh (Net CV),
1643,Scope 1,SECR kWh pass & delivery vehs,Vans,Class II (1.305 to 1.74 tonnes),LPG,tonne.km,kWh (Net CV),
1644,Scope 1,SECR kWh pass & delivery vehs,Vans,Class II (1.305 to 1.74 tonnes),LPG,km,kWh (Net CV),
1645,Scope 1,SECR kWh pass & delivery vehs,Vans,Class II (1.305 to 1.74 tonnes),LPG,miles,kWh (Net CV),
1646,Scope 1,SECR kWh pass & delivery vehs,Vans,Class III (1.74 to 3.5 tonnes),LPG,tonne.km,kWh (Net CV),
1647,Scope 1,SECR kWh pass & delivery vehs,Vans,Class III (1.74 to 3.5 tonnes),LPG,km,kWh (Net CV),
1648,Scope 1,SECR kWh pass & delivery vehs,Vans,Class III (1.74 to 3.5 tonnes),LPG,miles,kWh (Net CV),
1649,Scope 1,SECR kWh pass & delivery vehs,Vans,Average (up to 3.5 tonnes),LPG,tonne.km,kWh (Net CV),2.84474
16410,Scope 1,SECR kWh pass & delivery vehs,Vans,Average (up to 3.5 tonnes),LPG,km,kWh (Net CV),1.14458
16411,Scope 1,SECR kWh pass & delivery vehs,Vans,Average (up to 3.5 tonnes),LPG,miles,kWh (Net CV),1.84203
1640,Scope 1,SECR kWh pass & delivery vehs,Vans,Class I (up to 1.305 tonnes),Unknown,tonne.km,kWh (Net CV),
1641,Scope 1,SECR kWh pass & delivery vehs,Vans,Class I (up to 1.305 tonnes),Unknown,km,kWh (Net CV),
1642,Scope 1,SECR kWh pass & delivery vehs,Vans,Class I (up to 1.305 tonnes),Unknown,miles,kWh (Net CV),
1643,Scope 1,SECR kWh pass & delivery vehs,Vans,Class II (1.305 to 1.74 tonnes),Unknown,tonne.km,kWh (Net CV),
1644,Scope 1,SECR kWh pass & delivery vehs,Vans,Class II (1.305 to 1.74 tonnes),Unknown,km,kWh (Net CV),
1645,Scope 1,SECR kWh pass & delivery vehs,Vans,Class II (1.305 to 1.74 tonnes),Unknown,miles,kWh (Net CV),
1646,Scope 1,SECR kWh pass & delivery vehs,Vans,Class III (1.74 to 3.5 tonnes),Unknown,tonne.km,kWh (Net CV),
1647,Scope 1,SECR kWh pass & delivery vehs,Vans,Class III (1.74 to 3.5 tonnes),Unknown,km,kWh (Net CV),
1648,Scope 1,SECR kWh pass & delivery vehs,Vans,Class III (1.74 to 3.5 tonnes),Unknown,miles,kWh (Net CV),
1649,Scope 1,SECR kWh pass & delivery vehs,Vans,Average (up to 3.5 tonnes),Unknown,tonne.km,kWh (Net CV),2.48303
16410,Scope 1,SECR kWh pass & delivery vehs,Vans,Average (up to 3.5 tonnes),Unknown,km,kWh (Net CV),0.98934
16411,Scope 1,SECR kWh pass & delivery vehs,Vans,Average (up to 3.5 tonnes),Unknown,miles,kWh (Net CV),1.59219
1640,Scope 1,SECR kWh pass & delivery vehs,Vans,Class I (up to 1.305 tonnes),Plug-in Hybrid Electric Vehicle,tonne.km,kWh (Net CV),
1641,Scope 1,SECR kWh pass & delivery vehs,Vans,Class I (up to 1.305 tonnes),Plug-in Hybrid Electric Vehicle,km,kWh (Net CV),
1642,Scope 1,SECR kWh pass & delivery vehs,Vans,Class I (up to 1.305 tonnes),Plug-in Hybrid Electric Vehicle,miles,kWh (Net CV),
1643,Scope 1,SECR kWh pass & delivery vehs,Vans,Class II (1.305 to 1.74 tonnes),Plug-in Hybrid Electric Vehicle,tonne.km,kWh (Net CV),
1644,Scope 1,SECR kWh pass & delivery vehs,Vans,Class II (1.305 to 1.74 tonnes),Plug-in Hybrid Electric Vehicle,km,kWh (Net CV),
1645,Scope 1,SECR kWh pass & delivery vehs,Vans,Class II (1.305 to 1.74 tonnes),Plug-in Hybrid Electric Vehicle,miles,kWh (Net CV),
1646,Scope 1,SECR kWh pass & delivery vehs,Vans,Class III (1.74 to 3.5 tonnes),Plug-in Hybrid Electric Vehicle,tonne.km,kWh (Net CV),1.41725
1647,Scope 1,SECR kWh pass & delivery vehs,Vans,Class III (1.74 to 3.5 tonnes),Plug-in Hybrid Electric Vehicle,km,kWh (Net CV),0.55914
1648,Scope 1,SECR kWh pass & delivery vehs,Vans,Class III (1.74 to 3.5 tonnes),Plug-in Hybrid Electric Vehicle,miles,kWh (Net CV),0.89985
1649,Scope 1,SECR kWh pass & delivery vehs,Vans,Average (up to 3.5 tonnes),Plug-in Hybrid Electric Vehicle,tonne.km,kWh (Net CV),1.41725
16410,Scope 1,SECR kWh pass & delivery vehs,Vans,Average (up to 3.5 tonnes),Plug-in Hybrid Electric Vehicle,km,kWh (Net CV),0.55914
16411,Scope 1,SECR kWh pass & delivery vehs,Vans,Average (up to 3.5 tonnes),Plug-in Hybrid Electric Vehicle,miles,kWh (Net CV),0.89985
1640,Scope 1,SECR kWh pass & delivery vehs,Vans,Class I (up to 1.305 tonnes),Battery Electric Vehicle,tonne.km,kWh (Net CV),0.0
1641,Scope 1,SECR kWh pass & delivery vehs,Vans,Class I (up to 1.305 tonnes),Battery Electric Vehicle,km,kWh (Net CV),0.0
1642,Scope 1,SECR kWh pass & delivery vehs,Vans,Class I (up to 1.305 tonnes),Battery Electric Vehicle,miles,kWh (Net CV),0.0
1643,Scope 1,SECR kWh pass & delivery vehs,Vans,Class II (1.305 to 1.74 tonnes),Battery Electric Vehicle,tonne.km,kWh (Net CV),0.0
1644,Scope 1,SECR kWh pass & delivery vehs,Vans,Class II (1.305 to 1.74 tonnes),Battery Electric Vehicle,km,kWh (Net CV),0.0
1645,Scope 1,SECR kWh pass & delivery vehs,Vans,Class II (1.305 to 1.74 tonnes),Battery Electric Vehicle,miles,kWh (Net CV),0.0
1646,Scope 1,SECR kWh pass & delivery vehs,Vans,Class III (1.74 to 3.5 tonnes),Battery Electric Vehicle,tonne.km,kWh (Net CV),0.0
1647,Scope 1,SECR kWh pass & delivery vehs,Vans,Class III (1.74 to 3.5 tonnes),Battery Electric Vehicle,km,kWh (Net CV),0.0
1648,Scope 1,SECR kWh pass & delivery vehs,Vans,Class III (1.74 to 3.5 tonnes),Battery Electric Vehicle,miles,kWh (Net CV),0.0
1649,Scope 1,SECR kWh pass & delivery vehs,Vans,Average (up to 3.5 tonnes),Battery Electric Vehicle,tonne.km,kWh (Net CV),0.0
16410,Scope 1,SECR kWh pass & delivery vehs,Vans,Average (up to 3.5 tonnes),Battery Electric Vehicle,km,kWh (Net CV),0.0
16411,Scope 1,SECR kWh pass & delivery vehs,Vans,Average (up to 3.5 tonnes),Battery Electric Vehicle,miles,kWh (Net CV),0.0
1650,Scope 1,SECR kWh pass & delivery vehs,HGV (all diesel),Rigid (>3.5 - 7.5 tonnes),0% Laden,tonne.km,kWh (Net CV),
1651,Scope 1,SECR kWh pass & delivery vehs,HGV (all diesel),Rigid (>3.5 - 7.5 tonnes),0% Laden,km,kWh (Net CV),1.77572
1652,Scope 1,SECR kWh pass & delivery vehs,HGV (all diesel),Rigid (>3.5 - 7.5 tonnes),0% Laden,miles,kWh (Net CV),2.85774
1653,Scope 1,SECR kWh pass & delivery vehs,HGV (all diesel),Rigid (>7.5 tonnes-17 tonnes),0% Laden,tonne.km,kWh (Net CV),
1654,Scope 1,SECR kWh pass & delivery vehs,HGV (all diesel),Rigid (>7.5 tonnes-17 tonnes),0% Laden,km,kWh (Net CV),2.11587
1655,Scope 1,SECR kWh pass & delivery vehs,HGV (all diesel),Rigid (>7.5 tonnes-17 tonnes),0% Laden,miles,kWh (Net CV),3.40516
1656,Scope 1,SECR kWh pass & delivery vehs,HGV (all diesel),Rigid (>17 tonnes),0% Laden,tonne.km,kWh (Net CV),
1657,Scope 1,SECR kWh pass & delivery vehs,HGV (all diesel),Rigid (>17 tonnes),0% Laden,km,kWh (Net CV),2.97151
1658,Scope 1,SECR kWh pass & delivery vehs,HGV (all diesel),Rigid (>17 tonnes),0% Laden,miles,kWh (Net CV),4.78218
1659,Scope 1,SECR kWh pass & delivery vehs,HGV (all diesel),All rigids,0% Laden,tonne.km,kWh (Net CV),
16510,Scope 1,SECR kWh pass & delivery vehs,HGV (all diesel),All rigids,0% Laden,km,kWh (Net CV),2.60875
16511,Scope 1,SECR kWh pass & delivery vehs,HGV (all diesel),All rigids,0% Laden,miles,kWh (Net CV),4.19838
16512,Scope 1,SECR kWh pass & delivery vehs,HGV (all diesel),Articulated (>3.5 - 33t),0% Laden,tonne.km,kWh (Net CV),
16513,Scope 1,SECR kWh pass & delivery vehs,HGV (all diesel),Articulated (>3.5 - 33t),0% Laden,km,kWh (Net CV),2.39668
16514,Scope 1,SECR kWh pass & delivery vehs,HGV (all diesel),Articulated (>3.5 - 33t),0% Laden,miles,kWh (Net CV),3.85708
16515,Scope 1,SECR kWh pass & delivery vehs,HGV (all diesel),Articulated (>33t),0% Laden,tonne.km,kWh (Net CV),
16516,Scope 1,SECR kWh pass & delivery vehs,HGV (all diesel),Articulated (>33t),0% Laden,km,kWh (Net CV),2.46257
16517,Scope 1,SECR kWh pass & delivery vehs,HGV (all diesel),Articulated (>33t),0% Laden,miles,kWh (Net CV),3.96313
16518,Scope 1,SECR kWh pass & delivery vehs,HGV (all diesel),All artics,0% Laden,tonne.km,kWh (Net CV),
16519,Scope 1,SECR kWh pass & delivery vehs,HGV (all diesel),All artics,0% Laden,km,kWh (Net CV),2.46007
16520,Scope 1,SECR kWh pass & delivery vehs,HGV (all diesel),All artics,0% Laden,miles,kWh (Net CV),3.9591
16521,Scope 1,SECR kWh pass & delivery vehs,HGV (all diesel),All HGVs,0% Laden,tonne.km,kWh (Net CV),
16522,Scope 1,SECR kWh pass & delivery vehs,HGV (all diesel),All HGVs,0% Laden,km,kWh (Net CV),2.52083
16523,Scope 1,SECR kWh pass & delivery vehs,HGV (all diesel),All HGVs,0% Laden,miles,kWh (Net CV),4.05688
1650,Scope 1,SECR kWh pass & delivery vehs,HGV (all diesel),Rigid (>3.5 - 7.5 tonnes),50% Laden,tonne.km,kWh (Net CV),1.76854
1651,Scope 1,SECR kWh pass & delivery vehs,HGV (all diesel),Rigid (>3.5 - 7.5 tonnes),50% Laden,km,kWh (Net CV),1.93013
1652,Scope 1,SECR kWh pass & delivery vehs,HGV (all diesel),Rigid (>3.5 - 7.5 tonnes),50% Laden,miles,kWh (Net CV),3.10624
1653,Scope 1,SECR kWh pass & delivery vehs,HGV (all diesel),Rigid (>7.5 tonnes-17 tonnes),50% Laden,tonne.km,kWh (Net CV),1.01776
1654,Scope 1,SECR kWh pass & delivery vehs,HGV (all diesel),Rigid (>7.5 tonnes-17 tonnes),50% Laden,km,kWh (Net CV),2.41813
1655,Scope 1,SECR kWh pass & delivery vehs,HGV (all diesel),Rigid (>7.5 tonnes-17 tonnes),50% Laden,miles,kWh (Net CV),3.89161
1656,Scope 1,SECR kWh pass & delivery vehs,HGV (all diesel),Rigid (>17 tonnes),50% Laden,tonne.km,kWh (Net CV),0.81294
1657,Scope 1,SECR kWh pass & delivery vehs,HGV (all diesel),Rigid (>17 tonnes),50% Laden,km,kWh (Net CV),3.62379
1658,Scope 1,SECR kWh pass & delivery vehs,HGV (all diesel),Rigid (>17 tonnes),50% Laden,miles,kWh (Net CV),5.83193
1659,Scope 1,SECR kWh pass & delivery vehs,HGV (all diesel),All rigids,50% Laden,tonne.km,kWh (Net CV),0.86921
16510,Scope 1,SECR kWh pass & delivery vehs,HGV (all diesel),All rigids,50% Laden,km,kWh (Net CV),3.11069
16511,Scope 1,SECR kWh pass & delivery vehs,HGV (all diesel),All rigids,50% Laden,miles,kWh (Net CV),5.00616
16512,Scope 1,SECR kWh pass & delivery vehs,HGV (all diesel),Articulated (>3.5 - 33t),50% Laden,tonne.km,kWh (Net CV),0.49179
16513,Scope 1,SECR kWh pass & delivery vehs,HGV (all diesel),Articulated (>3.5 - 33t),50% Laden,km,kWh (Net CV),2.99585
16514,Scope 1,SECR kWh pass & delivery vehs,HGV (all diesel),Articulated (>3.5 - 33t),50% Laden,miles,kWh (Net CV),4.82135
16515,Scope 1,SECR kWh pass & delivery vehs,HGV (all diesel),Articulated (>33t),50% Laden,tonne.km,kWh (Net CV),0.36784
16516,Scope 1,SECR kWh pass & delivery vehs,HGV (all diesel),Articulated (>33t),50% Laden,km,kWh (Net CV),3.28343
16517,Scope 1,SECR kWh pass & delivery vehs,HGV (all diesel),Articulated (>33t),50% Laden,miles,kWh (Net CV),5.28417
16518,Scope 1,SECR kWh pass & delivery vehs,HGV (all diesel),All artics,50% Laden,tonne.km,kWh (Net CV),0.37029
16519,Scope 1,SECR kWh pass & delivery vehs,HGV (all diesel),All artics,50% Laden,km,kWh (Net CV),3.27252
16520,Scope 1,SECR kWh pass & delivery vehs,HGV (all diesel),All artics,50% Laden,miles,kWh (Net CV),5.26661
16521,Scope 1,SECR kWh pass & delivery vehs,HGV (all diesel),All HGVs,50% Laden,tonne.km,kWh (Net CV),0.46887
16522,Scope 1,SECR kWh pass & delivery vehs,HGV (all diesel),All HGVs,50% Laden,km,kWh (Net CV),3.20639
16523,Scope 1,SECR kWh pass & delivery vehs,HGV (all diesel),All HGVs,50% Laden,miles,kWh (Net CV),5.16018
1650,Scope 1,SECR kWh pass & delivery vehs,HGV (all diesel),Rigid (>3.5 - 7.5 tonnes),100% Laden,tonne.km,kWh (Net CV),0.95501
1651,Scope 1,SECR kWh pass & delivery vehs,HGV (all diesel),Rigid (>3.5 - 7.5 tonnes),100% Laden,km,kWh (Net CV),2.08454
1652,Scope 1,SECR kWh pass & delivery vehs,HGV (all diesel),Rigid (>3.5 - 7.5 tonnes),100% Laden,miles,kWh (Net CV),3.35474
1653,Scope 1,SECR kWh pass & delivery vehs,HGV (all diesel),Rigid (>7.5 tonnes-17 tonnes),100% Laden,tonne.km,kWh (Net CV),0.57249
1654,Scope 1,SECR kWh pass & delivery vehs,HGV (all diesel),Rigid (>7.5 tonnes-17 tonnes),100% Laden,km,kWh (Net CV),2.7204
1655,Scope 1,SECR kWh pass & delivery vehs,HGV (all diesel),Rigid (>7.5 tonnes-17 tonnes),100% Laden,miles,kWh (Net CV),4.37806
1656,Scope 1,SECR kWh pass & delivery vehs,HGV (all diesel),Rigid (>17 tonnes),100% Laden,tonne.km,kWh (Net CV),0.47963
1657,Scope 1,SECR kWh pass & delivery vehs,HGV (all diesel),Rigid (>17 tonnes),100% Laden,km,kWh (Net CV),4.27608
1658,Scope 1,SECR kWh pass & delivery vehs,HGV (all diesel),Rigid (>17 tonnes),100% Laden,miles,kWh (Net CV),6.88168
1659,Scope 1,SECR kWh pass & delivery vehs,HGV (all diesel),All rigids,100% Laden,tonne.km,kWh (Net CV),0.50724
16510,Scope 1,SECR kWh pass & delivery vehs,HGV (all diesel),All rigids,100% Laden,km,kWh (Net CV),3.61262
16511,Scope 1,SECR kWh pass & delivery vehs,HGV (all diesel),All rigids,100% Laden,miles,kWh (Net CV),5.81395
16512,Scope 1,SECR kWh pass & delivery vehs,HGV (all diesel),Articulated (>3.5 - 33t),100% Laden,tonne.km,kWh (Net CV),0.29507
16513,Scope 1,SECR kWh pass & delivery vehs,HGV (all diesel),Articulated (>3.5 - 33t),100% Laden,km,kWh (Net CV),3.59502
16514,Scope 1,SECR kWh pass & delivery vehs,HGV (all diesel),Articulated (>3.5 - 33t),100% Laden,miles,kWh (Net CV),5.78562
16515,Scope 1,SECR kWh pass & delivery vehs,HGV (all diesel),Articulated (>33t),100% Laden,tonne.km,kWh (Net CV),0.2299
16516,Scope 1,SECR kWh pass & delivery vehs,HGV (all diesel),Articulated (>33t),100% Laden,km,kWh (Net CV),4.10429
16517,Scope 1,SECR kWh pass & delivery vehs,HGV (all diesel),Articulated (>33t),100% Laden,miles,kWh (Net CV),6.60521
16518,Scope 1,SECR kWh pass & delivery vehs,HGV (all diesel),All artics,100% Laden,tonne.km,kWh (Net CV),0.23119
16519,Scope 1,SECR kWh pass & delivery vehs,HGV (all diesel),All artics,100% Laden,km,kWh (Net CV),4.08496
16520,Scope 1,SECR kWh pass & delivery vehs,HGV (all diesel),All artics,100% Laden,miles,kWh (Net CV),6.57411
16521,Scope 1,SECR kWh pass & delivery vehs,HGV (all diesel),All HGVs,100% Laden,tonne.km,kWh (Net CV),0.28573
16522,Scope 1,SECR kWh pass & delivery vehs,HGV (all diesel),All HGVs,100% Laden,km,kWh (Net CV),3.89194
16523,Scope 1,SECR kWh pass & delivery vehs,HGV (all diesel),All HGVs,100% Laden,miles,kWh (Net CV),6.26347
1650,Scope 1,SECR kWh pass & delivery vehs,HGV (all diesel),Rigid (>3.5 - 7.5 tonnes),Average Laden,tonne.km,kWh (Net CV),2.03341
1651,Scope 1,SECR kWh pass & delivery vehs,HGV (all diesel),Rigid (>3.5 - 7.5 tonnes),Average Laden,km,kWh (Net CV),1.90851
1652,Scope 1,SECR kWh pass & delivery vehs,HGV (all diesel),Rigid (>3.5 - 7.5 tonnes),Average Laden,miles,kWh (Net CV),3.07145
1653,Scope 1,SECR kWh pass & delivery vehs,HGV (all diesel),Rigid (>7.5 tonnes-17 tonnes),Average Laden,tonne.km,kWh (Net CV),1.39942
1654,Scope 1,SECR kWh pass & delivery vehs,HGV (all diesel),Rigid (>7.5 tonnes-17 tonnes),Average Laden,km,kWh (Net CV),2.32745
1655,Scope 1,SECR kWh pass & delivery vehs,HGV (all diesel),Rigid (>7.5 tonnes-17 tonnes),Average Laden,miles,kWh (Net CV),3.74567
1656,Scope 1,SECR kWh pass & delivery vehs,HGV (all diesel),Rigid (>17 tonnes),Average Laden,tonne.km,kWh (Net CV),0.65963
1657,Scope 1,SECR kWh pass & delivery vehs,HGV (all diesel),Rigid (>17 tonnes),Average Laden,km,kWh (Net CV),3.81861
1658,Scope 1,SECR kWh pass & delivery vehs,HGV (all diesel),Rigid (>17 tonnes),Average Laden,miles,kWh (Net CV),6.14546
1659,Scope 1,SECR kWh pass & delivery vehs,HGV (all diesel),All rigids,Average Laden,tonne.km,kWh (Net CV),0.75975
16510,Scope 1,SECR kWh pass & delivery vehs,HGV (all diesel),All rigids,Average Laden,km,kWh (Net CV),3.22545
16511,Scope 1,SECR kWh pass & delivery vehs,HGV (all diesel),All rigids,Average Laden,miles,kWh (Net CV),5.19086
16512,Scope 1,SECR kWh pass & delivery vehs,HGV (all diesel),Articulated (>3.5 - 33t),Average Laden,tonne.km,kWh (Net CV),0.48407
16513,Scope 1,SECR kWh pass & delivery vehs,HGV (all diesel),Articulated (>3.5 - 33t),Average Laden,km,kWh (Net CV),3.00783
16514,Scope 1,SECR kWh pass & delivery vehs,HGV (all diesel),Articulated (>3.5 - 33t),Average Laden,miles,kWh (Net CV),4.84063
16515,Scope 1,SECR kWh pass & delivery vehs,HGV (all diesel),Articulated (>33t),Average Laden,tonne.km,kWh (Net CV),0.29481
16516,Scope 1,SECR kWh pass & delivery vehs,HGV (all diesel),Articulated (>33t),Average Laden,km,kWh (Net CV),3.57894
16517,Scope 1,SECR kWh pass & delivery vehs,HGV (all diesel),Articulated (>33t),Average Laden,miles,kWh (Net CV),5.75974
16518,Scope 1,SECR kWh pass & delivery vehs,HGV (all diesel),All artics,Average Laden,tonne.km,kWh (Net CV),0.29856
16519,Scope 1,SECR kWh pass & delivery vehs,HGV (all diesel),All artics,Average Laden,km,kWh (Net CV),3.55727
16520,Scope 1,SECR kWh pass & delivery vehs,HGV (all diesel),All artics,Average Laden,miles,kWh (Net CV),5.72487
16521,Scope 1,SECR kWh pass & delivery vehs,HGV (all diesel),All HGVs,Average Laden,tonne.km,kWh (Net CV),0.38968
16522,Scope 1,SECR kWh pass & delivery vehs,HGV (all diesel),All HGVs,Average Laden,km,kWh (Net CV),3.42167
16523,Scope 1,SECR kWh pass & delivery vehs,HGV (all diesel),All HGVs,Average Laden,miles,kWh (Net CV),5.50665
1660,Scope 1,SECR kWh pass & delivery vehs,HGV refrigerated (all diesel),Rigid (>3.5 - 7.5 tonnes),0% Laden,tonne.km,kWh (Net CV),
1661,Scope 1,SECR kWh pass & delivery vehs,HGV refrigerated (all diesel),Rigid (>3.5 - 7.5 tonnes),0% Laden,km,kWh (Net CV),2.11842
1662,Scope 1,SECR kWh pass & delivery vehs,HGV refrigerated (all diesel),Rigid (>3.5 - 7.5 tonnes),0% Laden,miles,kWh (Net CV),3.40926
1663,Scope 1,SECR kWh pass & delivery vehs,HGV refrigerated (all diesel),Rigid (>7.5 tonnes-17 tonnes),0% Laden,tonne.km,kWh (Net CV),
1664,Scope 1,SECR kWh pass & delivery vehs,HGV refrigerated (all diesel),Rigid (>7.5 tonnes-17 tonnes),0% Laden,km,kWh (Net CV),2.52421
1665,Scope 1,SECR kWh pass & delivery vehs,HGV refrigerated (all diesel),Rigid (>7.5 tonnes-17 tonnes),0% Laden,miles,kWh (Net CV),4.06232
1666,Scope 1,SECR kWh pass & delivery vehs,HGV refrigerated (all diesel),Rigid (>17 tonnes),0% Laden,tonne.km,kWh (Net CV),
1667,Scope 1,SECR kWh pass & delivery vehs,HGV refrigerated (all diesel),Rigid (>17 tonnes),0% Laden,km,kWh (Net CV),3.54499
1668,Scope 1,SECR kWh pass & delivery vehs,HGV refrigerated (all diesel),Rigid (>17 tonnes),0% Laden,miles,kWh (Net CV),5.70511
1669,Scope 1,SECR kWh pass & delivery vehs,HGV refrigerated (all diesel),All rigids,0% Laden,tonne.km,kWh (Net CV),
16610,Scope 1,SECR kWh pass & delivery vehs,HGV refrigerated (all diesel),All rigids,0% Laden,km,kWh (Net CV),3.11222
16611,Scope 1,SECR kWh pass & delivery vehs,HGV refrigerated (all diesel),All rigids,0% Laden,miles,kWh (Net CV),5.00863
16612,Scope 1,SECR kWh pass & delivery vehs,HGV refrigerated (all diesel),Articulated (>3.5 - 33t),0% Laden,tonne.km,kWh (Net CV),
16613,Scope 1,SECR kWh pass & delivery vehs,HGV refrigerated (all diesel),Articulated (>3.5 - 33t),0% Laden,km,kWh (Net CV),2.77793
16614,Scope 1,SECR kWh pass & delivery vehs,HGV refrigerated (all diesel),Articulated (>3.5 - 33t),0% Laden,miles,kWh (Net CV),4.47064
16615,Scope 1,SECR kWh pass & delivery vehs,HGV refrigerated (all diesel),Articulated (>33t),0% Laden,tonne.km,kWh (Net CV),
16616,Scope 1,SECR kWh pass & delivery vehs,HGV refrigerated (all diesel),Articulated (>33t),0% Laden,km,kWh (Net CV),2.8543
16617,Scope 1,SECR kWh pass & delivery vehs,HGV refrigerated (all diesel),Articulated (>33t),0% Laden,miles,kWh (Net CV),4.59355
16618,Scope 1,SECR kWh pass & delivery vehs,HGV refrigerated (all diesel),All artics,0% Laden,tonne.km,kWh (Net CV),
16619,Scope 1,SECR kWh pass & delivery vehs,HGV refrigerated (all diesel),All artics,0% Laden,km,kWh (Net CV),2.8514
16620,Scope 1,SECR kWh pass & delivery vehs,HGV refrigerated (all diesel),All artics,0% Laden,miles,kWh (Net CV),4.58889
16621,Scope 1,SECR kWh pass & delivery vehs,HGV refrigerated (all diesel),All HGVs,0% Laden,tonne.km,kWh (Net CV),
16622,Scope 1,SECR kWh pass & delivery vehs,HGV refrigerated (all diesel),All HGVs,0% Laden,km,kWh (Net CV),2.95677
16623,Scope 1,SECR kWh pass & delivery vehs,HGV refrigerated (all diesel),All HGVs,0% Laden,miles,kWh (Net CV),4.75846
1660,Scope 1,SECR kWh pass & delivery vehs,HGV refrigerated (all diesel),Rigid (>3.5 - 7.5 tonnes),50% Laden,tonne.km,kWh (Net CV),2.10985
1661,Scope 1,SECR kWh pass & delivery vehs,HGV refrigerated (all diesel),Rigid (>3.5 - 7.5 tonnes),50% Laden,km,kWh (Net CV),2.30263
1662,Scope 1,SECR kWh pass & delivery vehs,HGV refrigerated (all diesel),Rigid (>3.5 - 7.5 tonnes),50% Laden,miles,kWh (Net CV),3.70572
1663,Scope 1,SECR kWh pass & delivery vehs,HGV refrigerated (all diesel),Rigid (>7.5 tonnes-17 tonnes),50% Laden,tonne.km,kWh (Net CV),1.21418
1664,Scope 1,SECR kWh pass & delivery vehs,HGV refrigerated (all diesel),Rigid (>7.5 tonnes-17 tonnes),50% Laden,km,kWh (Net CV),2.88481
1665,Scope 1,SECR kWh pass & delivery vehs,HGV refrigerated (all diesel),Rigid (>7.5 tonnes-17 tonnes),50% Laden,miles,kWh (Net CV),4.64265
1666,Scope 1,SECR kWh pass & delivery vehs,HGV refrigerated (all diesel),Rigid (>17 tonnes),50% Laden,tonne.km,kWh (Net CV),0.96983
1667,Scope 1,SECR kWh pass & delivery vehs,HGV refrigerated (all diesel),Rigid (>17 tonnes),50% Laden,km,kWh (Net CV),4.32316
1668,Scope 1,SECR kWh pass & delivery vehs,HGV refrigerated (all diesel),Rigid (>17 tonnes),50% Laden,miles,kWh (Net CV),6.95745
1669,Scope 1,SECR kWh pass & delivery vehs,HGV refrigerated (all diesel),All rigids,50% Laden,tonne.km,kWh (Net CV),1.03696
16610,Scope 1,SECR kWh pass & delivery vehs,HGV refrigerated (all diesel),All rigids,50% Laden,km,kWh (Net CV),3.71102
16611,Scope 1,SECR kWh pass & delivery vehs,HGV refrigerated (all diesel),All rigids,50% Laden,miles,kWh (Net CV),5.97231
16612,Scope 1,SECR kWh pass & delivery vehs,HGV refrigerated (all diesel),Articulated (>3.5 - 33t),50% Laden,tonne.km,kWh (Net CV),0.57002
16613,Scope 1,SECR kWh pass & delivery vehs,HGV refrigerated (all diesel),Articulated (>3.5 - 33t),50% Laden,km,kWh (Net CV),3.47241
16614,Scope 1,SECR kWh pass & delivery vehs,HGV refrigerated (all diesel),Articulated (>3.5 - 33t),50% Laden,miles,kWh (Net CV),5.5883
16615,Scope 1,SECR kWh pass & delivery vehs,HGV refrigerated (all diesel),Articulated (>33t),50% Laden,tonne.km,kWh (Net CV),0.42635
16616,Scope 1,SECR kWh pass & delivery vehs,HGV refrigerated (all diesel),Articulated (>33t),50% Laden,km,kWh (Net CV),3.80574
16617,Scope 1,SECR kWh pass & delivery vehs,HGV refrigerated (all diesel),Articulated (>33t),50% Laden,miles,kWh (Net CV),6.12474
16618,Scope 1,SECR kWh pass & delivery vehs,HGV refrigerated (all diesel),All artics,50% Laden,tonne.km,kWh (Net CV),0.4292
16619,Scope 1,SECR kWh pass & delivery vehs,HGV refrigerated (all diesel),All artics,50% Laden,km,kWh (Net CV),3.79309
16620,Scope 1,SECR kWh pass & delivery vehs,HGV refrigerated (all diesel),All artics,50% Laden,miles,kWh (Net CV),6.10438
16621,Scope 1,SECR kWh pass & delivery vehs,HGV refrigerated (all diesel),All HGVs,50% Laden,tonne.km,kWh (Net CV),0.54995
16622,Scope 1,SECR kWh pass & delivery vehs,HGV refrigerated (all diesel),All HGVs,50% Laden,km,kWh (Net CV),3.76088
16623,Scope 1,SECR kWh pass & delivery vehs,HGV refrigerated (all diesel),All HGVs,50% Laden,miles,kWh (Net CV),6.05255
1660,Scope 1,SECR kWh pass & delivery vehs,HGV refrigerated (all diesel),Rigid (>3.5 - 7.5 tonnes),100% Laden,tonne.km,kWh (Net CV),1.13932
1661,Scope 1,SECR kWh pass & delivery vehs,HGV refrigerated (all diesel),Rigid (>3.5 - 7.5 tonnes),100% Laden,km,kWh (Net CV),2.48684
1662,Scope 1,SECR kWh pass & delivery vehs,HGV refrigerated (all diesel),Rigid (>3.5 - 7.5 tonnes),100% Laden,miles,kWh (Net CV),4.00218
1663,Scope 1,SECR kWh pass & delivery vehs,HGV refrigerated (all diesel),Rigid (>7.5 tonnes-17 tonnes),100% Laden,tonne.km,kWh (Net CV),0.68297
1664,Scope 1,SECR kWh pass & delivery vehs,HGV refrigerated (all diesel),Rigid (>7.5 tonnes-17 tonnes),100% Laden,km,kWh (Net CV),3.24541
1665,Scope 1,SECR kWh pass & delivery vehs,HGV refrigerated (all diesel),Rigid (>7.5 tonnes-17 tonnes),100% Laden,miles,kWh (Net CV),5.22299
1666,Scope 1,SECR kWh pass & delivery vehs,HGV refrigerated (all diesel),Rigid (>17 tonnes),100% Laden,tonne.km,kWh (Net CV),0.5722
1667,Scope 1,SECR kWh pass & delivery vehs,HGV refrigerated (all diesel),Rigid (>17 tonnes),100% Laden,km,kWh (Net CV),5.10133
1668,Scope 1,SECR kWh pass & delivery vehs,HGV refrigerated (all diesel),Rigid (>17 tonnes),100% Laden,miles,kWh (Net CV),8.20979
1669,Scope 1,SECR kWh pass & delivery vehs,HGV refrigerated (all diesel),All rigids,100% Laden,tonne.km,kWh (Net CV),0.60513
16610,Scope 1,SECR kWh pass & delivery vehs,HGV refrigerated (all diesel),All rigids,100% Laden,km,kWh (Net CV),4.30983
16611,Scope 1,SECR kWh pass & delivery vehs,HGV refrigerated (all diesel),All rigids,100% Laden,miles,kWh (Net CV),6.93599
16612,Scope 1,SECR kWh pass & delivery vehs,HGV refrigerated (all diesel),Articulated (>3.5 - 33t),100% Laden,tonne.km,kWh (Net CV),0.34201
16613,Scope 1,SECR kWh pass & delivery vehs,HGV refrigerated (all diesel),Articulated (>3.5 - 33t),100% Laden,km,kWh (Net CV),4.16689
16614,Scope 1,SECR kWh pass & delivery vehs,HGV refrigerated (all diesel),Articulated (>3.5 - 33t),100% Laden,miles,kWh (Net CV),6.70596
16615,Scope 1,SECR kWh pass & delivery vehs,HGV refrigerated (all diesel),Articulated (>33t),100% Laden,tonne.km,kWh (Net CV),0.26647
16616,Scope 1,SECR kWh pass & delivery vehs,HGV refrigerated (all diesel),Articulated (>33t),100% Laden,km,kWh (Net CV),4.75717
16617,Scope 1,SECR kWh pass & delivery vehs,HGV refrigerated (all diesel),Articulated (>33t),100% Laden,miles,kWh (Net CV),7.65592
16618,Scope 1,SECR kWh pass & delivery vehs,HGV refrigerated (all diesel),All artics,100% Laden,tonne.km,kWh (Net CV),0.26797
16619,Scope 1,SECR kWh pass & delivery vehs,HGV refrigerated (all diesel),All artics,100% Laden,km,kWh (Net CV),4.73477
16620,Scope 1,SECR kWh pass & delivery vehs,HGV refrigerated (all diesel),All artics,100% Laden,miles,kWh (Net CV),7.61988
16621,Scope 1,SECR kWh pass & delivery vehs,HGV refrigerated (all diesel),All HGVs,100% Laden,tonne.km,kWh (Net CV),0.33514
16622,Scope 1,SECR kWh pass & delivery vehs,HGV refrigerated (all diesel),All HGVs,100% Laden,km,kWh (Net CV),4.56499
16623,Scope 1,SECR kWh pass & delivery vehs,HGV refrigerated (all diesel),All HGVs,100% Laden,miles,kWh (Net CV),7.34664
1660,Scope 1,SECR kWh pass & delivery vehs,HGV refrigerated (all diesel),Rigid (>3.5 - 7.5 tonnes),Average Laden,tonne.km,kWh (Net CV),2.42584
1661,Scope 1,SECR kWh pass & delivery vehs,HGV refrigerated (all diesel),Rigid (>3.5 - 7.5 tonnes),Average Laden,km,kWh (Net CV),2.27684
1662,Scope 1,SECR kWh pass & delivery vehs,HGV refrigerated (all diesel),Rigid (>3.5 - 7.5 tonnes),Average Laden,miles,kWh (Net CV),3.66421
1663,Scope 1,SECR kWh pass & delivery vehs,HGV refrigerated (all diesel),Rigid (>7.5 tonnes-17 tonnes),Average Laden,tonne.km,kWh (Net CV),1.66949
1664,Scope 1,SECR kWh pass & delivery vehs,HGV refrigerated (all diesel),Rigid (>7.5 tonnes-17 tonnes),Average Laden,km,kWh (Net CV),2.77663
1665,Scope 1,SECR kWh pass & delivery vehs,HGV refrigerated (all diesel),Rigid (>7.5 tonnes-17 tonnes),Average Laden,miles,kWh (Net CV),4.46855
1666,Scope 1,SECR kWh pass & delivery vehs,HGV refrigerated (all diesel),Rigid (>17 tonnes),Average Laden,tonne.km,kWh (Net CV),0.78693
1667,Scope 1,SECR kWh pass & delivery vehs,HGV refrigerated (all diesel),Rigid (>17 tonnes),Average Laden,km,kWh (Net CV),4.55557
1668,Scope 1,SECR kWh pass & delivery vehs,HGV refrigerated (all diesel),Rigid (>17 tonnes),Average Laden,miles,kWh (Net CV),7.33148
1669,Scope 1,SECR kWh pass & delivery vehs,HGV refrigerated (all diesel),All rigids,Average Laden,tonne.km,kWh (Net CV),0.90638
16610,Scope 1,SECR kWh pass & delivery vehs,HGV refrigerated (all diesel),All rigids,Average Laden,km,kWh (Net CV),3.84794
16611,Scope 1,SECR kWh pass & delivery vehs,HGV refrigerated (all diesel),All rigids,Average Laden,miles,kWh (Net CV),6.19265
16612,Scope 1,SECR kWh pass & delivery vehs,HGV refrigerated (all diesel),Articulated (>3.5 - 33t),Average Laden,tonne.km,kWh (Net CV),0.56107
16613,Scope 1,SECR kWh pass & delivery vehs,HGV refrigerated (all diesel),Articulated (>3.5 - 33t),Average Laden,km,kWh (Net CV),3.4863
16614,Scope 1,SECR kWh pass & delivery vehs,HGV refrigerated (all diesel),Articulated (>3.5 - 33t),Average Laden,miles,kWh (Net CV),5.61065
16615,Scope 1,SECR kWh pass & delivery vehs,HGV refrigerated (all diesel),Articulated (>33t),Average Laden,tonne.km,kWh (Net CV),0.34171
16616,Scope 1,SECR kWh pass & delivery vehs,HGV refrigerated (all diesel),Articulated (>33t),Average Laden,km,kWh (Net CV),4.14825
16617,Scope 1,SECR kWh pass & delivery vehs,HGV refrigerated (all diesel),Articulated (>33t),Average Laden,miles,kWh (Net CV),6.67596
16618,Scope 1,SECR kWh pass & delivery vehs,HGV refrigerated (all diesel),All artics,Average Laden,tonne.km,kWh (Net CV),0.34605
16619,Scope 1,SECR kWh pass & delivery vehs,HGV refrigerated (all diesel),All artics,Average Laden,km,kWh (Net CV),4.12314
16620,Scope 1,SECR kWh pass & delivery vehs,HGV refrigerated (all diesel),All artics,Average Laden,miles,kWh (Net CV),6.63554
16621,Scope 1,SECR kWh pass & delivery vehs,HGV refrigerated (all diesel),All HGVs,Average Laden,tonne.km,kWh (Net CV),0.45707
16622,Scope 1,SECR kWh pass & delivery vehs,HGV refrigerated (all diesel),All HGVs,Average Laden,km,kWh (Net CV),4.0134
16623,Scope 1,SECR kWh pass & delivery vehs,HGV refrigerated (all diesel),All HGVs,Average Laden,miles,kWh (Net CV),6.45893
