index,Level 4,GHG/Unit,GHG Conversion Factor
2410,Plug-in Hybrid Electric Vehicle,kWh (net),
2411,Plug-in Hybrid Electric Vehicle,kWh (net),0.16955
2412,Plug-in Hybrid Electric Vehicle,kWh (net),
2413,Plug-in Hybrid Electric Vehicle,kWh (net),0.27286
2414,Plug-in Hybrid Electric Vehicle,kWh (net),0.13599
2415,Plug-in Hybrid Electric Vehicle,kWh (net),0.19308
2416,Plug-in Hybrid Electric Vehicle,kWh (net),0.21885
2417,Plug-in Hybrid Electric Vehicle,kWh (net),0.31072
2418,Plug-in Hybrid Electric Vehicle,kWh (net),0.05035
2419,Plug-in Hybrid Electric Vehicle,kWh (net),0.19642
24110,Plug-in Hybrid Electric Vehicle,kWh (net),0.08103
24111,Plug-in Hybrid Electric Vehicle,kWh (net),0.31611
24112,Plug-in Hybrid Electric Vehicle,kWh (net),0.05403
24113,Plug-in Hybrid Electric Vehicle,kWh (net),0.21417
24114,Plug-in Hybrid Electric Vehicle,kWh (net),0.08696
24115,Plug-in Hybrid Electric Vehicle,kWh (net),0.34468
24116,Plug-in Hybrid Electric Vehicle,kWh (net),0.04412
24117,Plug-in Hybrid Electric Vehicle,kWh (net),0.18891
2410,Battery Electric Vehicle,kWh (net),0.07101
2411,Battery Electric Vehicle,kWh (net),0.30403
2412,Battery Electric Vehicle,kWh (net),0.05159
2413,Battery Electric Vehicle,kWh (net),0.2506
2414,Battery Electric Vehicle,kWh (net),0.08303
2415,Battery Electric Vehicle,kWh (net),0.4033
2416,Battery Electric Vehicle,kWh (net),0.03764
2417,Battery Electric Vehicle,kWh (net),0.32014
2418,Battery Electric Vehicle,kWh (net),0.06057
2419,Battery Electric Vehicle,kWh (net),0.51521
24110,Battery Electric Vehicle,kWh (net),0.07385
24111,Battery Electric Vehicle,kWh (net),0.21529
24112,Battery Electric Vehicle,kWh (net),0.11886
24113,Battery Electric Vehicle,kWh (net),0.34648
24114,Battery Electric Vehicle,kWh (net),0.09345
24115,Battery Electric Vehicle,kWh (net),0.26566
24116,Battery Electric Vehicle,kWh (net),0.15039
24117,Battery Electric Vehicle,kWh (net),0.42754
2420,Plug-in Hybrid Electric Vehicle,kWh (net),0.13599
2421,Plug-in Hybrid Electric Vehicle,kWh (net),0.18852
2422,Plug-in Hybrid Electric Vehicle,kWh (net),0.21885
2423,Plug-in Hybrid Electric Vehicle,kWh (net),0.30339
2424,Plug-in Hybrid Electric Vehicle,kWh (net),0.05216
2425,Plug-in Hybrid Electric Vehicle,kWh (net),0.19814
2426,Plug-in Hybrid Electric Vehicle,kWh (net),0.08394
2427,Plug-in Hybrid Electric Vehicle,kWh (net),0.31888
2420,Battery Electric Vehicle,kWh (net),0.07088
2421,Battery Electric Vehicle,kWh (net),0.21449
2422,Battery Electric Vehicle,kWh (net),0.11406
2423,Battery Electric Vehicle,kWh (net),0.34519
2424,Battery Electric Vehicle,kWh (net),0.06562
2425,Battery Electric Vehicle,kWh (net),0.20656
2426,Battery Electric Vehicle,kWh (net),0.10561
2427,Battery Electric Vehicle,kWh (net),0.33243
2430,Plug-in Hybrid Electric Vehicle,kWh (net),
2431,Plug-in Hybrid Electric Vehicle,kWh (net),0.6359
2432,Plug-in Hybrid Electric Vehicle,kWh (net),
2433,Plug-in Hybrid Electric Vehicle,kWh (net),0.19454
2434,Plug-in Hybrid Electric Vehicle,kWh (net),
2435,Plug-in Hybrid Electric Vehicle,kWh (net),0.31308
2436,Plug-in Hybrid Electric Vehicle,kWh (net),
2437,Plug-in Hybrid Electric Vehicle,kWh (net),1.27672
2438,Plug-in Hybrid Electric Vehicle,kWh (net),
2439,Plug-in Hybrid Electric Vehicle,kWh (net),0.29614
24310,Plug-in Hybrid Electric Vehicle,kWh (net),
24311,Plug-in Hybrid Electric Vehicle,kWh (net),0.47659
2430,Battery Electric Vehicle,kWh (net),0.19938
2431,Battery Electric Vehicle,kWh (net),1.05006
2432,Battery Electric Vehicle,kWh (net),0.07866
2433,Battery Electric Vehicle,kWh (net),0.38984
2434,Battery Electric Vehicle,kWh (net),0.12659
2435,Battery Electric Vehicle,kWh (net),0.62739
2436,Battery Electric Vehicle,kWh (net),0.19938
2437,Battery Electric Vehicle,kWh (net),1.12547
2438,Battery Electric Vehicle,kWh (net),0.07866
2439,Battery Electric Vehicle,kWh (net),0.3582
24310,Battery Electric Vehicle,kWh (net),0.12659
24311,Battery Electric Vehicle,kWh (net),0.57647
