index,Level 4,GHG/Unit,GHG Conversion Factor
1410,Diesel,kg CO2e,0.00167
1411,Diesel,kg CO2e,0.00032
1412,Diesel,kg CO2e,
1413,Diesel,kg CO2e,
1414,Diesel,kg CO2e,
1415,Diesel,kg CO2e,0.00034
1416,Diesel,kg CO2e,
1417,Diesel,kg CO2e,0.0
1418,Diesel,kg CO2e,0.00269
1419,Diesel,kg CO2e,0.00052
14110,Diesel,kg CO2e,
14111,Diesel,kg CO2e,
14112,Diesel,kg CO2e,
14113,Diesel,kg CO2e,0.00054
14114,Diesel,kg CO2e,
14115,Diesel,kg CO2e,0.0
14116,Diesel,kg CO2e,0.00167
14117,Diesel,kg CO2e,0.00032
1410,Diesel,kg CO2e of CO2 per unit,
1411,Diesel,kg CO2e of CO2 per unit,
1412,Diesel,kg CO2e of CO2 per unit,
1413,Diesel,kg CO2e of CO2 per unit,0.00052
1414,Diesel,kg CO2e of CO2 per unit,6e-05
1415,Diesel,kg CO2e of CO2 per unit,0.0
1416,Diesel,kg CO2e of CO2 per unit,0.00269
1417,Diesel,kg CO2e of CO2 per unit,0.00052
1418,Diesel,kg CO2e of CO2 per unit,
1419,Diesel,kg CO2e of CO2 per unit,
14110,Diesel,kg CO2e of CO2 per unit,
14111,Diesel,kg CO2e of CO2 per unit,0.00084
14112,Diesel,kg CO2e of CO2 per unit,0.0001
14113,Diesel,kg CO2e of CO2 per unit,0.0
14114,Diesel,kg CO2e of CO2 per unit,0.00167
14115,Diesel,kg CO2e of CO2 per unit,0.00032
14116,Diesel,kg CO2e of CO2 per unit,
14117,Diesel,kg CO2e of CO2 per unit,
1410,Diesel,kg CO2e of CH4 per unit,
1411,Diesel,kg CO2e of CH4 per unit,0.001
1412,Diesel,kg CO2e of CH4 per unit,0.00018
1413,Diesel,kg CO2e of CH4 per unit,0.0
1414,Diesel,kg CO2e of CH4 per unit,0.00269
1415,Diesel,kg CO2e of CH4 per unit,0.00052
1416,Diesel,kg CO2e of CH4 per unit,
1417,Diesel,kg CO2e of CH4 per unit,
1418,Diesel,kg CO2e of CH4 per unit,
1419,Diesel,kg CO2e of CH4 per unit,0.0016
14110,Diesel,kg CO2e of CH4 per unit,0.00029
14111,Diesel,kg CO2e of CH4 per unit,0.0
14112,Diesel,kg CO2e of CH4 per unit,0.00167
14113,Diesel,kg CO2e of CH4 per unit,0.00032
14114,Diesel,kg CO2e of CH4 per unit,
14115,Diesel,kg CO2e of CH4 per unit,
14116,Diesel,kg CO2e of CH4 per unit,
14117,Diesel,kg CO2e of CH4 per unit,0.00139
1410,Diesel,kg CO2e of N2O per unit,0.0002
1411,Diesel,kg CO2e of N2O per unit,0.0
1412,Diesel,kg CO2e of N2O per unit,0.00269
1413,Diesel,kg CO2e of N2O per unit,0.00052
1414,Diesel,kg CO2e of N2O per unit,
1415,Diesel,kg CO2e of N2O per unit,
1416,Diesel,kg CO2e of N2O per unit,
1417,Diesel,kg CO2e of N2O per unit,0.00222
1418,Diesel,kg CO2e of N2O per unit,0.00034
1419,Diesel,kg CO2e of N2O per unit,0.0
14110,Diesel,kg CO2e of N2O per unit,0.00167
14111,Diesel,kg CO2e of N2O per unit,0.00032
14112,Diesel,kg CO2e of N2O per unit,
14113,Diesel,kg CO2e of N2O per unit,
14114,Diesel,kg CO2e of N2O per unit,
14115,Diesel,kg CO2e of N2O per unit,0.00135
14116,Diesel,kg CO2e of N2O per unit,0.00024
14117,Diesel,kg CO2e of N2O per unit,0.0
1410,Petrol,kg CO2e,0.00269
1411,Petrol,kg CO2e,0.00052
1412,Petrol,kg CO2e,
1413,Petrol,kg CO2e,
1414,Petrol,kg CO2e,
1415,Petrol,kg CO2e,0.00218
1416,Petrol,kg CO2e,0.00038
1417,Petrol,kg CO2e,0.0
1418,Petrol,kg CO2e,0.00167
1419,Petrol,kg CO2e,0.00032
14110,Petrol,kg CO2e,
14111,Petrol,kg CO2e,
14112,Petrol,kg CO2e,
14113,Petrol,kg CO2e,0.00103
14114,Petrol,kg CO2e,0.00025
14115,Petrol,kg CO2e,0.0
14116,Petrol,kg CO2e,0.00269
14117,Petrol,kg CO2e,0.00052
1410,Petrol,kg CO2e of CO2 per unit,
1411,Petrol,kg CO2e of CO2 per unit,
1412,Petrol,kg CO2e of CO2 per unit,
1413,Petrol,kg CO2e of CO2 per unit,0.00166
1414,Petrol,kg CO2e of CO2 per unit,0.0004
1415,Petrol,kg CO2e of CO2 per unit,0.0
1416,Petrol,kg CO2e of CO2 per unit,0.00167
1417,Petrol,kg CO2e of CO2 per unit,0.00032
1418,Petrol,kg CO2e of CO2 per unit,
1419,Petrol,kg CO2e of CO2 per unit,
14110,Petrol,kg CO2e of CO2 per unit,
14111,Petrol,kg CO2e of CO2 per unit,0.00053
14112,Petrol,kg CO2e of CO2 per unit,0.0002
14113,Petrol,kg CO2e of CO2 per unit,0.0
14114,Petrol,kg CO2e of CO2 per unit,0.00269
14115,Petrol,kg CO2e of CO2 per unit,0.00052
14116,Petrol,kg CO2e of CO2 per unit,
14117,Petrol,kg CO2e of CO2 per unit,
1410,Petrol,kg CO2e of CH4 per unit,
1411,Petrol,kg CO2e of CH4 per unit,0.00086
1412,Petrol,kg CO2e of CH4 per unit,0.00033
1413,Petrol,kg CO2e of CH4 per unit,0.0
1414,Petrol,kg CO2e of CH4 per unit,0.00167
1415,Petrol,kg CO2e of CH4 per unit,0.00032
1416,Petrol,kg CO2e of CH4 per unit,
1417,Petrol,kg CO2e of CH4 per unit,
1418,Petrol,kg CO2e of CH4 per unit,
1419,Petrol,kg CO2e of CH4 per unit,0.00132
14110,Petrol,kg CO2e of CH4 per unit,0.00021
14111,Petrol,kg CO2e of CH4 per unit,0.0
14112,Petrol,kg CO2e of CH4 per unit,0.00269
14113,Petrol,kg CO2e of CH4 per unit,0.00052
14114,Petrol,kg CO2e of CH4 per unit,
14115,Petrol,kg CO2e of CH4 per unit,
14116,Petrol,kg CO2e of CH4 per unit,
14117,Petrol,kg CO2e of CH4 per unit,0.00212
1410,Petrol,kg CO2e of N2O per unit,0.00034
1411,Petrol,kg CO2e of N2O per unit,0.0
1412,Petrol,kg CO2e of N2O per unit,0.00167
1413,Petrol,kg CO2e of N2O per unit,0.00032
1414,Petrol,kg CO2e of N2O per unit,
1415,Petrol,kg CO2e of N2O per unit,
1416,Petrol,kg CO2e of N2O per unit,
1417,Petrol,kg CO2e of N2O per unit,0.00132
1418,Petrol,kg CO2e of N2O per unit,0.00014
1419,Petrol,kg CO2e of N2O per unit,0.0
14110,Petrol,kg CO2e of N2O per unit,0.00269
14111,Petrol,kg CO2e of N2O per unit,0.00052
14112,Petrol,kg CO2e of N2O per unit,
14113,Petrol,kg CO2e of N2O per unit,
14114,Petrol,kg CO2e of N2O per unit,
14115,Petrol,kg CO2e of N2O per unit,0.00212
14116,Petrol,kg CO2e of N2O per unit,0.00022
14117,Petrol,kg CO2e of N2O per unit,0.0
1410,Hybrid,kg CO2e,4.6368e-06
1411,Hybrid,kg CO2e,0.00036
1412,Hybrid,kg CO2e,
1413,Hybrid,kg CO2e,
1414,Hybrid,kg CO2e,
1415,Hybrid,kg CO2e,0.00035
1416,Hybrid,kg CO2e,
1417,Hybrid,kg CO2e,0.0
1418,Hybrid,kg CO2e,1e-05
1419,Hybrid,kg CO2e,0.00057
14110,Hybrid,kg CO2e,
14111,Hybrid,kg CO2e,
14112,Hybrid,kg CO2e,
14113,Hybrid,kg CO2e,0.00056
14114,Hybrid,kg CO2e,
14115,Hybrid,kg CO2e,0.0
14116,Hybrid,kg CO2e,4.6368e-06
14117,Hybrid,kg CO2e,0.00036
1410,Hybrid,kg CO2e of CO2 per unit,
1411,Hybrid,kg CO2e of CO2 per unit,
1412,Hybrid,kg CO2e of CO2 per unit,
1413,Hybrid,kg CO2e of CO2 per unit,0.0003
1414,Hybrid,kg CO2e of CO2 per unit,8e-05
1415,Hybrid,kg CO2e of CO2 per unit,0.0
1416,Hybrid,kg CO2e of CO2 per unit,1e-05
1417,Hybrid,kg CO2e of CO2 per unit,0.00057
1418,Hybrid,kg CO2e of CO2 per unit,
1419,Hybrid,kg CO2e of CO2 per unit,
14110,Hybrid,kg CO2e of CO2 per unit,
14111,Hybrid,kg CO2e of CO2 per unit,0.00048
14112,Hybrid,kg CO2e of CO2 per unit,0.00013
14113,Hybrid,kg CO2e of CO2 per unit,0.0
14114,Hybrid,kg CO2e of CO2 per unit,4.6368e-06
14115,Hybrid,kg CO2e of CO2 per unit,0.00036
14116,Hybrid,kg CO2e of CO2 per unit,
14117,Hybrid,kg CO2e of CO2 per unit,
1410,Hybrid,kg CO2e of CH4 per unit,
1411,Hybrid,kg CO2e of CH4 per unit,0.00018
1412,Hybrid,kg CO2e of CH4 per unit,0.00025
1413,Hybrid,kg CO2e of CH4 per unit,0.0
1414,Hybrid,kg CO2e of CH4 per unit,1e-05
1415,Hybrid,kg CO2e of CH4 per unit,0.00057
1416,Hybrid,kg CO2e of CH4 per unit,
1417,Hybrid,kg CO2e of CH4 per unit,
1418,Hybrid,kg CO2e of CH4 per unit,
1419,Hybrid,kg CO2e of CH4 per unit,0.00029
14110,Hybrid,kg CO2e of CH4 per unit,0.0004
14111,Hybrid,kg CO2e of CH4 per unit,0.0
14112,Hybrid,kg CO2e of CH4 per unit,4.6368e-06
14113,Hybrid,kg CO2e of CH4 per unit,0.00036
14114,Hybrid,kg CO2e of CH4 per unit,
14115,Hybrid,kg CO2e of CH4 per unit,
14116,Hybrid,kg CO2e of CH4 per unit,
14117,Hybrid,kg CO2e of CH4 per unit,8e-05
1410,Hybrid,kg CO2e of N2O per unit,0.00026
1411,Hybrid,kg CO2e of N2O per unit,0.0
1412,Hybrid,kg CO2e of N2O per unit,1e-05
1413,Hybrid,kg CO2e of N2O per unit,0.00057
1414,Hybrid,kg CO2e of N2O per unit,
1415,Hybrid,kg CO2e of N2O per unit,
1416,Hybrid,kg CO2e of N2O per unit,
1417,Hybrid,kg CO2e of N2O per unit,0.00012
1418,Hybrid,kg CO2e of N2O per unit,0.00041
1419,Hybrid,kg CO2e of N2O per unit,0.0
14110,Hybrid,kg CO2e of N2O per unit,4.6368e-06
14111,Hybrid,kg CO2e of N2O per unit,0.00036
14112,Hybrid,kg CO2e of N2O per unit,
14113,Hybrid,kg CO2e of N2O per unit,
14114,Hybrid,kg CO2e of N2O per unit,
14115,Hybrid,kg CO2e of N2O per unit,9e-05
14116,Hybrid,kg CO2e of N2O per unit,0.00025
14117,Hybrid,kg CO2e of N2O per unit,0.0
1410,CNG,kg CO2e,1e-05
1411,CNG,kg CO2e,0.00057
1412,CNG,kg CO2e,
1413,CNG,kg CO2e,
1414,CNG,kg CO2e,
1415,CNG,kg CO2e,0.00015
1416,CNG,kg CO2e,0.0004
1417,CNG,kg CO2e,0.0
1418,CNG,kg CO2e,4.6368e-06
1419,CNG,kg CO2e,0.00036
14110,CNG,kg CO2e,
14111,CNG,kg CO2e,
14112,CNG,kg CO2e,
14113,CNG,kg CO2e,0.00017
14114,CNG,kg CO2e,0.00035
14115,CNG,kg CO2e,0.0
14116,CNG,kg CO2e,1e-05
14117,CNG,kg CO2e,0.00057
1410,CNG,kg CO2e of CO2 per unit,
1411,CNG,kg CO2e of CO2 per unit,
1412,CNG,kg CO2e of CO2 per unit,
1413,CNG,kg CO2e of CO2 per unit,0.00028
1414,CNG,kg CO2e of CO2 per unit,0.00055
1415,CNG,kg CO2e of CO2 per unit,0.0
1416,CNG,kg CO2e of CO2 per unit,4.6368e-06
1417,CNG,kg CO2e of CO2 per unit,0.00036
1418,CNG,kg CO2e of CO2 per unit,
1419,CNG,kg CO2e of CO2 per unit,
14110,CNG,kg CO2e of CO2 per unit,
14111,CNG,kg CO2e of CO2 per unit,0.0003
14112,CNG,kg CO2e of CO2 per unit,0.00028
14113,CNG,kg CO2e of CO2 per unit,0.0
14114,CNG,kg CO2e of CO2 per unit,1e-05
14115,CNG,kg CO2e of CO2 per unit,0.00057
14116,CNG,kg CO2e of CO2 per unit,
14117,CNG,kg CO2e of CO2 per unit,
1410,CNG,kg CO2e of CH4 per unit,
1411,CNG,kg CO2e of CH4 per unit,0.00048
1412,CNG,kg CO2e of CH4 per unit,0.00045
1413,CNG,kg CO2e of CH4 per unit,0.0
1414,CNG,kg CO2e of CH4 per unit,4.6368e-06
1415,CNG,kg CO2e of CH4 per unit,0.00036
1416,CNG,kg CO2e of CH4 per unit,
1417,CNG,kg CO2e of CH4 per unit,
1418,CNG,kg CO2e of CH4 per unit,
1419,CNG,kg CO2e of CH4 per unit,0.0001
14110,CNG,kg CO2e of CH4 per unit,0.00028
14111,CNG,kg CO2e of CH4 per unit,0.0
14112,CNG,kg CO2e of CH4 per unit,1e-05
14113,CNG,kg CO2e of CH4 per unit,0.00057
14114,CNG,kg CO2e of CH4 per unit,
14115,CNG,kg CO2e of CH4 per unit,
14116,CNG,kg CO2e of CH4 per unit,
14117,CNG,kg CO2e of CH4 per unit,0.00016
1410,CNG,kg CO2e of N2O per unit,0.00045
1411,CNG,kg CO2e of N2O per unit,0.0
1412,CNG,kg CO2e of N2O per unit,4.6368e-06
1413,CNG,kg CO2e of N2O per unit,0.00036
1414,CNG,kg CO2e of N2O per unit,
1415,CNG,kg CO2e of N2O per unit,
1416,CNG,kg CO2e of N2O per unit,
1417,CNG,kg CO2e of N2O per unit,0.0001
1418,CNG,kg CO2e of N2O per unit,0.00019
1419,CNG,kg CO2e of N2O per unit,0.0
14110,CNG,kg CO2e of N2O per unit,1e-05
14111,CNG,kg CO2e of N2O per unit,0.00057
14112,CNG,kg CO2e of N2O per unit,
14113,CNG,kg CO2e of N2O per unit,
14114,CNG,kg CO2e of N2O per unit,
14115,CNG,kg CO2e of N2O per unit,0.00016
14116,CNG,kg CO2e of N2O per unit,0.00031
14117,CNG,kg CO2e of N2O per unit,0.0
1410,LPG,kg CO2e,0.10996
1411,LPG,kg CO2e,0.13063
1412,LPG,kg CO2e,
1413,LPG,kg CO2e,
1414,LPG,kg CO2e,
1415,LPG,kg CO2e,0.13051
1416,LPG,kg CO2e,
1417,LPG,kg CO2e,0.0
1418,LPG,kg CO2e,0.17696
1419,LPG,kg CO2e,0.21022
14110,LPG,kg CO2e,
14111,LPG,kg CO2e,
14112,LPG,kg CO2e,
14113,LPG,kg CO2e,0.21002
14114,LPG,kg CO2e,
14115,LPG,kg CO2e,0.0
14116,LPG,kg CO2e,0.13452
14117,LPG,kg CO2e,0.14276
1410,LPG,kg CO2e of CO2 per unit,
1411,LPG,kg CO2e of CO2 per unit,
1412,LPG,kg CO2e of CO2 per unit,
1413,LPG,kg CO2e of CO2 per unit,0.14194
1414,LPG,kg CO2e of CO2 per unit,0.03008
1415,LPG,kg CO2e of CO2 per unit,0.0
1416,LPG,kg CO2e of CO2 per unit,0.21649
1417,LPG,kg CO2e of CO2 per unit,0.22974
1418,LPG,kg CO2e of CO2 per unit,
1419,LPG,kg CO2e of CO2 per unit,
14110,LPG,kg CO2e of CO2 per unit,
14111,LPG,kg CO2e of CO2 per unit,0.22843
14112,LPG,kg CO2e of CO2 per unit,0.04841
14113,LPG,kg CO2e of CO2 per unit,0.0
14114,LPG,kg CO2e of CO2 per unit,0.14517
14115,LPG,kg CO2e of CO2 per unit,0.16123
14116,LPG,kg CO2e of CO2 per unit,
14117,LPG,kg CO2e of CO2 per unit,
1410,LPG,kg CO2e of CH4 per unit,
1411,LPG,kg CO2e of CH4 per unit,0.15473
1412,LPG,kg CO2e of CH4 per unit,0.07482
1413,LPG,kg CO2e of CH4 per unit,0.0
1414,LPG,kg CO2e of CH4 per unit,0.23363
1415,LPG,kg CO2e of CH4 per unit,0.25948
1416,LPG,kg CO2e of CH4 per unit,
1417,LPG,kg CO2e of CH4 per unit,
1418,LPG,kg CO2e of CH4 per unit,
1419,LPG,kg CO2e of CH4 per unit,0.249
14110,LPG,kg CO2e of CH4 per unit,0.12044
14111,LPG,kg CO2e of CH4 per unit,0.0
14112,LPG,kg CO2e of CH4 per unit,0.16194
14113,LPG,kg CO2e of CH4 per unit,0.18535
14114,LPG,kg CO2e of CH4 per unit,
14115,LPG,kg CO2e of CH4 per unit,
14116,LPG,kg CO2e of CH4 per unit,
14117,LPG,kg CO2e of CH4 per unit,0.16752
1410,LPG,kg CO2e of N2O per unit,0.08106
1411,LPG,kg CO2e of N2O per unit,0.0
1412,LPG,kg CO2e of N2O per unit,0.26063
1413,LPG,kg CO2e of N2O per unit,0.29828
1414,LPG,kg CO2e of N2O per unit,
1415,LPG,kg CO2e of N2O per unit,
1416,LPG,kg CO2e of N2O per unit,
1417,LPG,kg CO2e of N2O per unit,0.26959
1418,LPG,kg CO2e of N2O per unit,0.13047
1419,LPG,kg CO2e of N2O per unit,0.0
14110,LPG,kg CO2e of N2O per unit,0.17088
14111,LPG,kg CO2e of N2O per unit,0.20073
14112,LPG,kg CO2e of N2O per unit,
14113,LPG,kg CO2e of N2O per unit,
14114,LPG,kg CO2e of N2O per unit,
14115,LPG,kg CO2e of N2O per unit,0.17846
14116,LPG,kg CO2e of N2O per unit,0.08258
14117,LPG,kg CO2e of N2O per unit,0.0
1410,Unknown,kg CO2e,0.27501
1411,Unknown,kg CO2e,0.32304
1412,Unknown,kg CO2e,
1413,Unknown,kg CO2e,
1414,Unknown,kg CO2e,
1415,Unknown,kg CO2e,0.2872
1416,Unknown,kg CO2e,0.13291
1417,Unknown,kg CO2e,0.0
1418,Unknown,kg CO2e,0.20632
1419,Unknown,kg CO2e,0.30752
14110,Unknown,kg CO2e,
14111,Unknown,kg CO2e,
14112,Unknown,kg CO2e,
14113,Unknown,kg CO2e,0.25196
14114,Unknown,kg CO2e,0.11489
14115,Unknown,kg CO2e,0.0
14116,Unknown,kg CO2e,0.33205
14117,Unknown,kg CO2e,0.4949
1410,Unknown,kg CO2e of CO2 per unit,
1411,Unknown,kg CO2e of CO2 per unit,
1412,Unknown,kg CO2e of CO2 per unit,
1413,Unknown,kg CO2e of CO2 per unit,0.4055
1414,Unknown,kg CO2e of CO2 per unit,0.18488
1415,Unknown,kg CO2e of CO2 per unit,0.0
1416,Unknown,kg CO2e of CO2 per unit,0.17323
1417,Unknown,kg CO2e of CO2 per unit,0.23396
1418,Unknown,kg CO2e of CO2 per unit,
1419,Unknown,kg CO2e of CO2 per unit,
14110,Unknown,kg CO2e of CO2 per unit,
14111,Unknown,kg CO2e of CO2 per unit,0.224
14112,Unknown,kg CO2e of CO2 per unit,0.14157
14113,Unknown,kg CO2e of CO2 per unit,0.0
14114,Unknown,kg CO2e of CO2 per unit,0.27879
14115,Unknown,kg CO2e of CO2 per unit,0.37652
14116,Unknown,kg CO2e of CO2 per unit,
14117,Unknown,kg CO2e of CO2 per unit,
1410,Unknown,kg CO2e of CH4 per unit,
1411,Unknown,kg CO2e of CH4 per unit,0.36048
1412,Unknown,kg CO2e of CH4 per unit,0.22785
1413,Unknown,kg CO2e of CH4 per unit,0.0
1414,Unknown,kg CO2e of CH4 per unit,0.19973
1415,Unknown,kg CO2e of CH4 per unit,0.19219
1416,Unknown,kg CO2e of CH4 per unit,
1417,Unknown,kg CO2e of CH4 per unit,
1418,Unknown,kg CO2e of CH4 per unit,
1419,Unknown,kg CO2e of CH4 per unit,0.1969
14110,Unknown,kg CO2e of CH4 per unit,0.10205
14111,Unknown,kg CO2e of CH4 per unit,0.0
14112,Unknown,kg CO2e of CH4 per unit,0.32145
14113,Unknown,kg CO2e of CH4 per unit,0.3093
14114,Unknown,kg CO2e of CH4 per unit,
14115,Unknown,kg CO2e of CH4 per unit,
14116,Unknown,kg CO2e of CH4 per unit,
14117,Unknown,kg CO2e of CH4 per unit,0.31687
1410,Unknown,kg CO2e of N2O per unit,0.16424
1411,Unknown,kg CO2e of N2O per unit,0.0
1412,Unknown,kg CO2e of N2O per unit,0.18072
1413,Unknown,kg CO2e of N2O per unit,0.17903
1414,Unknown,kg CO2e of N2O per unit,
1415,Unknown,kg CO2e of N2O per unit,
1416,Unknown,kg CO2e of N2O per unit,
1417,Unknown,kg CO2e of N2O per unit,0.1803
1418,Unknown,kg CO2e of N2O per unit,0.08344
1419,Unknown,kg CO2e of N2O per unit,0.0
14110,Unknown,kg CO2e of N2O per unit,0.29085
14111,Unknown,kg CO2e of N2O per unit,0.28812
14112,Unknown,kg CO2e of N2O per unit,
14113,Unknown,kg CO2e of N2O per unit,
14114,Unknown,kg CO2e of N2O per unit,
14115,Unknown,kg CO2e of N2O per unit,0.29016
14116,Unknown,kg CO2e of N2O per unit,0.13429
14117,Unknown,kg CO2e of N2O per unit,0.0
1410,Plug-in Hybrid Electric Vehicle,kg CO2e,0.10828
1411,Plug-in Hybrid Electric Vehicle,kg CO2e,0.12995
1412,Plug-in Hybrid Electric Vehicle,kg CO2e,
1413,Plug-in Hybrid Electric Vehicle,kg CO2e,
1414,Plug-in Hybrid Electric Vehicle,kg CO2e,
1415,Plug-in Hybrid Electric Vehicle,kg CO2e,0.12982
1416,Plug-in Hybrid Electric Vehicle,kg CO2e,
1417,Plug-in Hybrid Electric Vehicle,kg CO2e,0.0
1418,Plug-in Hybrid Electric Vehicle,kg CO2e,0.17425
1419,Plug-in Hybrid Electric Vehicle,kg CO2e,0.20913
14110,Plug-in Hybrid Electric Vehicle,kg CO2e,
14111,Plug-in Hybrid Electric Vehicle,kg CO2e,
14112,Plug-in Hybrid Electric Vehicle,kg CO2e,
14113,Plug-in Hybrid Electric Vehicle,kg CO2e,0.20892
14114,Plug-in Hybrid Electric Vehicle,kg CO2e,
14115,Plug-in Hybrid Electric Vehicle,kg CO2e,0.0
14116,Plug-in Hybrid Electric Vehicle,kg CO2e,0.13284
14117,Plug-in Hybrid Electric Vehicle,kg CO2e,0.14208
1410,Plug-in Hybrid Electric Vehicle,kg CO2e of CO2 per unit,
1411,Plug-in Hybrid Electric Vehicle,kg CO2e of CO2 per unit,
1412,Plug-in Hybrid Electric Vehicle,kg CO2e of CO2 per unit,
1413,Plug-in Hybrid Electric Vehicle,kg CO2e of CO2 per unit,0.14111
1414,Plug-in Hybrid Electric Vehicle,kg CO2e of CO2 per unit,0.02994
1415,Plug-in Hybrid Electric Vehicle,kg CO2e of CO2 per unit,0.0
1416,Plug-in Hybrid Electric Vehicle,kg CO2e of CO2 per unit,0.21378
1417,Plug-in Hybrid Electric Vehicle,kg CO2e of CO2 per unit,0.22865
1418,Plug-in Hybrid Electric Vehicle,kg CO2e of CO2 per unit,
1419,Plug-in Hybrid Electric Vehicle,kg CO2e of CO2 per unit,
14110,Plug-in Hybrid Electric Vehicle,kg CO2e of CO2 per unit,
14111,Plug-in Hybrid Electric Vehicle,kg CO2e of CO2 per unit,0.2271
14112,Plug-in Hybrid Electric Vehicle,kg CO2e of CO2 per unit,0.04818
14113,Plug-in Hybrid Electric Vehicle,kg CO2e of CO2 per unit,0.0
14114,Plug-in Hybrid Electric Vehicle,kg CO2e of CO2 per unit,0.14349
14115,Plug-in Hybrid Electric Vehicle,kg CO2e of CO2 per unit,0.16055
14116,Plug-in Hybrid Electric Vehicle,kg CO2e of CO2 per unit,
14117,Plug-in Hybrid Electric Vehicle,kg CO2e of CO2 per unit,
1410,Plug-in Hybrid Electric Vehicle,kg CO2e of CH4 per unit,
1411,Plug-in Hybrid Electric Vehicle,kg CO2e of CH4 per unit,0.15355
1412,Plug-in Hybrid Electric Vehicle,kg CO2e of CH4 per unit,0.0744
1413,Plug-in Hybrid Electric Vehicle,kg CO2e of CH4 per unit,0.0
1414,Plug-in Hybrid Electric Vehicle,kg CO2e of CH4 per unit,0.23092
1415,Plug-in Hybrid Electric Vehicle,kg CO2e of CH4 per unit,0.25839
1416,Plug-in Hybrid Electric Vehicle,kg CO2e of CH4 per unit,
1417,Plug-in Hybrid Electric Vehicle,kg CO2e of CH4 per unit,
1418,Plug-in Hybrid Electric Vehicle,kg CO2e of CH4 per unit,
1419,Plug-in Hybrid Electric Vehicle,kg CO2e of CH4 per unit,0.24711
14110,Plug-in Hybrid Electric Vehicle,kg CO2e of CH4 per unit,0.11974
14111,Plug-in Hybrid Electric Vehicle,kg CO2e of CH4 per unit,0.0
14112,Plug-in Hybrid Electric Vehicle,kg CO2e of CH4 per unit,0.16026
14113,Plug-in Hybrid Electric Vehicle,kg CO2e of CH4 per unit,0.18467
14114,Plug-in Hybrid Electric Vehicle,kg CO2e of CH4 per unit,
14115,Plug-in Hybrid Electric Vehicle,kg CO2e of CH4 per unit,
14116,Plug-in Hybrid Electric Vehicle,kg CO2e of CH4 per unit,
14117,Plug-in Hybrid Electric Vehicle,kg CO2e of CH4 per unit,0.16605
1410,Plug-in Hybrid Electric Vehicle,kg CO2e of N2O per unit,0.0806
1411,Plug-in Hybrid Electric Vehicle,kg CO2e of N2O per unit,0.0
1412,Plug-in Hybrid Electric Vehicle,kg CO2e of N2O per unit,0.25792
1413,Plug-in Hybrid Electric Vehicle,kg CO2e of N2O per unit,0.29719
1414,Plug-in Hybrid Electric Vehicle,kg CO2e of N2O per unit,
1415,Plug-in Hybrid Electric Vehicle,kg CO2e of N2O per unit,
1416,Plug-in Hybrid Electric Vehicle,kg CO2e of N2O per unit,
1417,Plug-in Hybrid Electric Vehicle,kg CO2e of N2O per unit,0.26724
1418,Plug-in Hybrid Electric Vehicle,kg CO2e of N2O per unit,0.12972
1419,Plug-in Hybrid Electric Vehicle,kg CO2e of N2O per unit,0.0
14110,Plug-in Hybrid Electric Vehicle,kg CO2e of N2O per unit,0.1692
14111,Plug-in Hybrid Electric Vehicle,kg CO2e of N2O per unit,0.20005
14112,Plug-in Hybrid Electric Vehicle,kg CO2e of N2O per unit,
14113,Plug-in Hybrid Electric Vehicle,kg CO2e of N2O per unit,
14114,Plug-in Hybrid Electric Vehicle,kg CO2e of N2O per unit,
14115,Plug-in Hybrid Electric Vehicle,kg CO2e of N2O per unit,0.17702
14116,Plug-in Hybrid Electric Vehicle,kg CO2e of N2O per unit,0.08209
14117,Plug-in Hybrid Electric Vehicle,kg CO2e of N2O per unit,0.0
1410,Battery Electric Vehicle,kg CO2e,0.2723
1411,Battery Electric Vehicle,kg CO2e,0.32195
1412,Battery Electric Vehicle,kg CO2e,
1413,Battery Electric Vehicle,kg CO2e,
1414,Battery Electric Vehicle,kg CO2e,
1415,Battery Electric Vehicle,kg CO2e,0.28488
1416,Battery Electric Vehicle,kg CO2e,0.13212
1417,Battery Electric Vehicle,kg CO2e,0.0
1418,Battery Electric Vehicle,kg CO2e,0.20464
1419,Battery Electric Vehicle,kg CO2e,0.30684
14110,Battery Electric Vehicle,kg CO2e,
14111,Battery Electric Vehicle,kg CO2e,
14112,Battery Electric Vehicle,kg CO2e,
14113,Battery Electric Vehicle,kg CO2e,0.25076
14114,Battery Electric Vehicle,kg CO2e,0.11429
14115,Battery Electric Vehicle,kg CO2e,0.0
14116,Battery Electric Vehicle,kg CO2e,0.32934
14117,Battery Electric Vehicle,kg CO2e,0.49381
1410,Battery Electric Vehicle,kg CO2e of CO2 per unit,
1411,Battery Electric Vehicle,kg CO2e of CO2 per unit,
1412,Battery Electric Vehicle,kg CO2e of CO2 per unit,
1413,Battery Electric Vehicle,kg CO2e of CO2 per unit,0.40356
1414,Battery Electric Vehicle,kg CO2e of CO2 per unit,0.18393
1415,Battery Electric Vehicle,kg CO2e of CO2 per unit,0.0
1416,Battery Electric Vehicle,kg CO2e of CO2 per unit,0.17155
1417,Battery Electric Vehicle,kg CO2e of CO2 per unit,0.23328
1418,Battery Electric Vehicle,kg CO2e of CO2 per unit,
1419,Battery Electric Vehicle,kg CO2e of CO2 per unit,
14110,Battery Electric Vehicle,kg CO2e of CO2 per unit,
14111,Battery Electric Vehicle,kg CO2e of CO2 per unit,0.22316
14112,Battery Electric Vehicle,kg CO2e of CO2 per unit,0.14109
14113,Battery Electric Vehicle,kg CO2e of CO2 per unit,0.0
14114,Battery Electric Vehicle,kg CO2e of CO2 per unit,0.27608
14115,Battery Electric Vehicle,kg CO2e of CO2 per unit,0.37543
14116,Battery Electric Vehicle,kg CO2e of CO2 per unit,
14117,Battery Electric Vehicle,kg CO2e of CO2 per unit,
1410,Battery Electric Vehicle,kg CO2e of CH4 per unit,
1411,Battery Electric Vehicle,kg CO2e of CH4 per unit,0.35914
1412,Battery Electric Vehicle,kg CO2e of CH4 per unit,0.22707
1413,Battery Electric Vehicle,kg CO2e of CH4 per unit,0.0
1414,Battery Electric Vehicle,kg CO2e of CH4 per unit,0.19805
1415,Battery Electric Vehicle,kg CO2e of CH4 per unit,0.19151
1416,Battery Electric Vehicle,kg CO2e of CH4 per unit,
1417,Battery Electric Vehicle,kg CO2e of CH4 per unit,
1418,Battery Electric Vehicle,kg CO2e of CH4 per unit,
1419,Battery Electric Vehicle,kg CO2e of CH4 per unit,0.19548
14110,Battery Electric Vehicle,kg CO2e of CH4 per unit,0.10156
14111,Battery Electric Vehicle,kg CO2e of CH4 per unit,0.0
14112,Battery Electric Vehicle,kg CO2e of CH4 per unit,0.31874
14113,Battery Electric Vehicle,kg CO2e of CH4 per unit,0.30821
14114,Battery Electric Vehicle,kg CO2e of CH4 per unit,
14115,Battery Electric Vehicle,kg CO2e of CH4 per unit,
14116,Battery Electric Vehicle,kg CO2e of CH4 per unit,
14117,Battery Electric Vehicle,kg CO2e of CH4 per unit,0.3146
1410,Battery Electric Vehicle,kg CO2e of N2O per unit,0.16345
1411,Battery Electric Vehicle,kg CO2e of N2O per unit,0.0
1412,Battery Electric Vehicle,kg CO2e of N2O per unit,0.17904
1413,Battery Electric Vehicle,kg CO2e of N2O per unit,0.17835
1414,Battery Electric Vehicle,kg CO2e of N2O per unit,
1415,Battery Electric Vehicle,kg CO2e of N2O per unit,
1416,Battery Electric Vehicle,kg CO2e of N2O per unit,
1417,Battery Electric Vehicle,kg CO2e of N2O per unit,0.17888
1418,Battery Electric Vehicle,kg CO2e of N2O per unit,0.08311
1419,Battery Electric Vehicle,kg CO2e of N2O per unit,0.0
14110,Battery Electric Vehicle,kg CO2e of N2O per unit,0.28814
14111,Battery Electric Vehicle,kg CO2e of N2O per unit,0.28703
14112,Battery Electric Vehicle,kg CO2e of N2O per unit,
14113,Battery Electric Vehicle,kg CO2e of N2O per unit,
14114,Battery Electric Vehicle,kg CO2e of N2O per unit,
14115,Battery Electric Vehicle,kg CO2e of N2O per unit,0.28789
14116,Battery Electric Vehicle,kg CO2e of N2O per unit,0.13375
14117,Battery Electric Vehicle,kg CO2e of N2O per unit,0.0
1420,Diesel,kg CO2e,0.00167
1421,Diesel,kg CO2e,0.00032
1422,Diesel,kg CO2e,0.00077
1423,Diesel,kg CO2e,
1424,Diesel,kg CO2e,
1425,Diesel,kg CO2e,0.00077
1426,Diesel,kg CO2e,6e-05
1427,Diesel,kg CO2e,0.0
1420,Diesel,kg CO2e of CO2 per unit,0.00269
1421,Diesel,kg CO2e of CO2 per unit,0.00052
1422,Diesel,kg CO2e of CO2 per unit,0.00124
1423,Diesel,kg CO2e of CO2 per unit,
1424,Diesel,kg CO2e of CO2 per unit,
1425,Diesel,kg CO2e of CO2 per unit,0.00124
1426,Diesel,kg CO2e of CO2 per unit,0.0001
1427,Diesel,kg CO2e of CO2 per unit,0.0
1420,Diesel,kg CO2e of CH4 per unit,0.00167
1421,Diesel,kg CO2e of CH4 per unit,0.00032
1422,Diesel,kg CO2e of CH4 per unit,0.00104
1423,Diesel,kg CO2e of CH4 per unit,0.00036
1424,Diesel,kg CO2e of CH4 per unit,0.00036
1425,Diesel,kg CO2e of CH4 per unit,0.00104
1426,Diesel,kg CO2e of CH4 per unit,0.0002
1427,Diesel,kg CO2e of CH4 per unit,0.0
1420,Diesel,kg CO2e of N2O per unit,0.00269
1421,Diesel,kg CO2e of N2O per unit,0.00052
1422,Diesel,kg CO2e of N2O per unit,0.00168
1423,Diesel,kg CO2e of N2O per unit,0.00058
1424,Diesel,kg CO2e of N2O per unit,0.00058
1425,Diesel,kg CO2e of N2O per unit,0.00168
1426,Diesel,kg CO2e of N2O per unit,0.00031
1427,Diesel,kg CO2e of N2O per unit,0.0
1420,Petrol,kg CO2e,0.00167
1421,Petrol,kg CO2e,0.00032
1422,Petrol,kg CO2e,0.00133
1423,Petrol,kg CO2e,0.00036
1424,Petrol,kg CO2e,0.00036
1425,Petrol,kg CO2e,0.00133
1426,Petrol,kg CO2e,0.00022
1427,Petrol,kg CO2e,0.0
1420,Petrol,kg CO2e of CO2 per unit,0.00269
1421,Petrol,kg CO2e of CO2 per unit,0.00052
1422,Petrol,kg CO2e of CO2 per unit,0.00213
1423,Petrol,kg CO2e of CO2 per unit,0.00058
1424,Petrol,kg CO2e of CO2 per unit,0.00058
1425,Petrol,kg CO2e of CO2 per unit,0.00213
1426,Petrol,kg CO2e of CO2 per unit,0.00036
1427,Petrol,kg CO2e of CO2 per unit,0.0
1420,Petrol,kg CO2e of CH4 per unit,0.00167
1421,Petrol,kg CO2e of CH4 per unit,0.00032
1422,Petrol,kg CO2e of CH4 per unit,0.00098
1423,Petrol,kg CO2e of CH4 per unit,0.00036
1424,Petrol,kg CO2e of CH4 per unit,0.00036
1425,Petrol,kg CO2e of CH4 per unit,0.00098
1426,Petrol,kg CO2e of CH4 per unit,0.0002
1427,Petrol,kg CO2e of CH4 per unit,0.0
1420,Petrol,kg CO2e of N2O per unit,0.00269
1421,Petrol,kg CO2e of N2O per unit,0.00052
1422,Petrol,kg CO2e of N2O per unit,0.00157
1423,Petrol,kg CO2e of N2O per unit,0.00058
1424,Petrol,kg CO2e of N2O per unit,0.00058
1425,Petrol,kg CO2e of N2O per unit,0.00157
1426,Petrol,kg CO2e of N2O per unit,0.00032
1427,Petrol,kg CO2e of N2O per unit,0.0
1420,Hybrid,kg CO2e,4.6368e-06
1421,Hybrid,kg CO2e,0.00036
1422,Hybrid,kg CO2e,0.00024
1423,Hybrid,kg CO2e,
1424,Hybrid,kg CO2e,
1425,Hybrid,kg CO2e,0.00024
1426,Hybrid,kg CO2e,8e-05
1427,Hybrid,kg CO2e,0.0
1420,Hybrid,kg CO2e of CO2 per unit,1e-05
1421,Hybrid,kg CO2e of CO2 per unit,0.00057
1422,Hybrid,kg CO2e of CO2 per unit,0.00038
1423,Hybrid,kg CO2e of CO2 per unit,
1424,Hybrid,kg CO2e of CO2 per unit,
1425,Hybrid,kg CO2e of CO2 per unit,0.00038
1426,Hybrid,kg CO2e of CO2 per unit,0.00013
1427,Hybrid,kg CO2e of CO2 per unit,0.0
1420,Hybrid,kg CO2e of CH4 per unit,4.6368e-06
1421,Hybrid,kg CO2e of CH4 per unit,0.00036
1422,Hybrid,kg CO2e of CH4 per unit,0.00017
1423,Hybrid,kg CO2e of CH4 per unit,0.00177
1424,Hybrid,kg CO2e of CH4 per unit,6e-05
1425,Hybrid,kg CO2e of CH4 per unit,0.00017
1426,Hybrid,kg CO2e of CH4 per unit,0.00025
1427,Hybrid,kg CO2e of CH4 per unit,0.0
1420,Hybrid,kg CO2e of N2O per unit,1e-05
1421,Hybrid,kg CO2e of N2O per unit,0.00057
1422,Hybrid,kg CO2e of N2O per unit,0.00027
1423,Hybrid,kg CO2e of N2O per unit,0.00286
1424,Hybrid,kg CO2e of N2O per unit,9e-05
1425,Hybrid,kg CO2e of N2O per unit,0.00027
1426,Hybrid,kg CO2e of N2O per unit,0.0004
1427,Hybrid,kg CO2e of N2O per unit,0.0
1420,CNG,kg CO2e,4.6368e-06
1421,CNG,kg CO2e,0.00036
1422,CNG,kg CO2e,0.0001
1423,CNG,kg CO2e,0.00177
1424,CNG,kg CO2e,6e-05
1425,CNG,kg CO2e,0.0001
1426,CNG,kg CO2e,0.00028
1427,CNG,kg CO2e,0.0
1420,CNG,kg CO2e of CO2 per unit,1e-05
1421,CNG,kg CO2e of CO2 per unit,0.00057
1422,CNG,kg CO2e of CO2 per unit,0.00016
1423,CNG,kg CO2e of CO2 per unit,0.00286
1424,CNG,kg CO2e of CO2 per unit,9e-05
1425,CNG,kg CO2e of CO2 per unit,0.00016
1426,CNG,kg CO2e of CO2 per unit,0.00045
1427,CNG,kg CO2e of CO2 per unit,0.0
1420,CNG,kg CO2e of CH4 per unit,4.6368e-06
1421,CNG,kg CO2e of CH4 per unit,0.00036
1422,CNG,kg CO2e of CH4 per unit,0.00019
1423,CNG,kg CO2e of CH4 per unit,0.00177
1424,CNG,kg CO2e of CH4 per unit,6e-05
1425,CNG,kg CO2e of CH4 per unit,0.00019
1426,CNG,kg CO2e of CH4 per unit,0.00026
1427,CNG,kg CO2e of CH4 per unit,0.0
1420,CNG,kg CO2e of N2O per unit,1e-05
1421,CNG,kg CO2e of N2O per unit,0.00057
1422,CNG,kg CO2e of N2O per unit,0.0003
1423,CNG,kg CO2e of N2O per unit,0.00286
1424,CNG,kg CO2e of N2O per unit,9e-05
1425,CNG,kg CO2e of N2O per unit,0.0003
1426,CNG,kg CO2e of N2O per unit,0.00041
1427,CNG,kg CO2e of N2O per unit,0.0
1420,LPG,kg CO2e,0.1434
1421,LPG,kg CO2e,0.14308
1422,LPG,kg CO2e,0.11413
1423,LPG,kg CO2e,
1424,LPG,kg CO2e,
1425,LPG,kg CO2e,0.14322
1426,LPG,kg CO2e,0.03008
1427,LPG,kg CO2e,0.0
1420,LPG,kg CO2e of CO2 per unit,0.23078
1421,LPG,kg CO2e of CO2 per unit,0.23027
1422,LPG,kg CO2e of CO2 per unit,0.18368
1423,LPG,kg CO2e of CO2 per unit,
1424,LPG,kg CO2e of CO2 per unit,
1425,LPG,kg CO2e of CO2 per unit,0.23049
1426,LPG,kg CO2e of CO2 per unit,0.04841
1427,LPG,kg CO2e of CO2 per unit,0.0
1420,LPG,kg CO2e of CH4 per unit,0.17174
1421,LPG,kg CO2e of CH4 per unit,0.17474
1422,LPG,kg CO2e of CH4 per unit,0.11724
1423,LPG,kg CO2e of CH4 per unit,0.15504
1424,LPG,kg CO2e of CH4 per unit,0.17427
1425,LPG,kg CO2e of CH4 per unit,0.17322
1426,LPG,kg CO2e of CH4 per unit,0.07789
1427,LPG,kg CO2e of CH4 per unit,0.0
1420,LPG,kg CO2e of N2O per unit,0.27639
1421,LPG,kg CO2e of N2O per unit,0.28121
1422,LPG,kg CO2e of N2O per unit,0.18869
1423,LPG,kg CO2e of N2O per unit,0.24952
1424,LPG,kg CO2e of N2O per unit,0.28046
1425,LPG,kg CO2e of N2O per unit,0.27877
1426,LPG,kg CO2e of N2O per unit,0.12536
1427,LPG,kg CO2e of N2O per unit,0.0
1420,Unknown,kg CO2e,0.21007
1421,Unknown,kg CO2e,0.26828
1422,Unknown,kg CO2e,0.1565
1423,Unknown,kg CO2e,0.23722
1424,Unknown,kg CO2e,0.26771
1425,Unknown,kg CO2e,0.22678
1426,Unknown,kg CO2e,0.10033
1427,Unknown,kg CO2e,0.0
1420,Unknown,kg CO2e of CO2 per unit,0.33808
1421,Unknown,kg CO2e of CO2 per unit,0.43175
1422,Unknown,kg CO2e of CO2 per unit,0.25184
1423,Unknown,kg CO2e of CO2 per unit,0.38177
1424,Unknown,kg CO2e of CO2 per unit,0.43082
1425,Unknown,kg CO2e of CO2 per unit,0.36495
1426,Unknown,kg CO2e of CO2 per unit,0.16146
1427,Unknown,kg CO2e of CO2 per unit,0.0
1420,Unknown,kg CO2e of CH4 per unit,0.17304
1421,Unknown,kg CO2e of CH4 per unit,0.16272
1422,Unknown,kg CO2e of CH4 per unit,0.12825
1423,Unknown,kg CO2e of CH4 per unit,0.17414
1424,Unknown,kg CO2e of CH4 per unit,0.19599
1425,Unknown,kg CO2e of CH4 per unit,0.16725
1426,Unknown,kg CO2e of CH4 per unit,0.09167
1427,Unknown,kg CO2e of CH4 per unit,0.0
1420,Unknown,kg CO2e of N2O per unit,0.27849
1421,Unknown,kg CO2e of N2O per unit,0.26187
1422,Unknown,kg CO2e of N2O per unit,0.20639
1423,Unknown,kg CO2e of N2O per unit,0.28025
1424,Unknown,kg CO2e of N2O per unit,0.31541
1425,Unknown,kg CO2e of N2O per unit,0.26915
1426,Unknown,kg CO2e of N2O per unit,0.14751
1427,Unknown,kg CO2e of N2O per unit,0.0
1420,Plug-in Hybrid Electric Vehicle,kg CO2e,0.14172
1421,Plug-in Hybrid Electric Vehicle,kg CO2e,0.1424
1422,Plug-in Hybrid Electric Vehicle,kg CO2e,0.11312
1423,Plug-in Hybrid Electric Vehicle,kg CO2e,
1424,Plug-in Hybrid Electric Vehicle,kg CO2e,
1425,Plug-in Hybrid Electric Vehicle,kg CO2e,0.14221
1426,Plug-in Hybrid Electric Vehicle,kg CO2e,0.02994
1427,Plug-in Hybrid Electric Vehicle,kg CO2e,0.0
1420,Plug-in Hybrid Electric Vehicle,kg CO2e of CO2 per unit,0.22807
1421,Plug-in Hybrid Electric Vehicle,kg CO2e of CO2 per unit,0.22918
1422,Plug-in Hybrid Electric Vehicle,kg CO2e of CO2 per unit,0.18205
1423,Plug-in Hybrid Electric Vehicle,kg CO2e of CO2 per unit,
1424,Plug-in Hybrid Electric Vehicle,kg CO2e of CO2 per unit,
1425,Plug-in Hybrid Electric Vehicle,kg CO2e of CO2 per unit,0.22886
1426,Plug-in Hybrid Electric Vehicle,kg CO2e of CO2 per unit,0.04818
1427,Plug-in Hybrid Electric Vehicle,kg CO2e of CO2 per unit,0.0
1420,Plug-in Hybrid Electric Vehicle,kg CO2e of CH4 per unit,0.17006
1421,Plug-in Hybrid Electric Vehicle,kg CO2e of CH4 per unit,0.17406
1422,Plug-in Hybrid Electric Vehicle,kg CO2e of CH4 per unit,0.11603
1423,Plug-in Hybrid Electric Vehicle,kg CO2e of CH4 per unit,0.15291
1424,Plug-in Hybrid Electric Vehicle,kg CO2e of CH4 per unit,0.17385
1425,Plug-in Hybrid Electric Vehicle,kg CO2e of CH4 per unit,0.17201
1426,Plug-in Hybrid Electric Vehicle,kg CO2e of CH4 per unit,0.07745
1427,Plug-in Hybrid Electric Vehicle,kg CO2e of CH4 per unit,0.0
1420,Plug-in Hybrid Electric Vehicle,kg CO2e of N2O per unit,0.27368
1421,Plug-in Hybrid Electric Vehicle,kg CO2e of N2O per unit,0.28012
1422,Plug-in Hybrid Electric Vehicle,kg CO2e of N2O per unit,0.18674
1423,Plug-in Hybrid Electric Vehicle,kg CO2e of N2O per unit,0.24609
1424,Plug-in Hybrid Electric Vehicle,kg CO2e of N2O per unit,0.27979
1425,Plug-in Hybrid Electric Vehicle,kg CO2e of N2O per unit,0.27682
1426,Plug-in Hybrid Electric Vehicle,kg CO2e of N2O per unit,0.12465
1427,Plug-in Hybrid Electric Vehicle,kg CO2e of N2O per unit,0.0
1420,Battery Electric Vehicle,kg CO2e,0.20839
1421,Battery Electric Vehicle,kg CO2e,0.2676
1422,Battery Electric Vehicle,kg CO2e,0.15507
1423,Battery Electric Vehicle,kg CO2e,0.23509
1424,Battery Electric Vehicle,kg CO2e,0.26729
1425,Battery Electric Vehicle,kg CO2e,0.22535
1426,Battery Electric Vehicle,kg CO2e,0.09983
1427,Battery Electric Vehicle,kg CO2e,0.0
1420,Battery Electric Vehicle,kg CO2e of CO2 per unit,0.33537
1421,Battery Electric Vehicle,kg CO2e of CO2 per unit,0.43066
1422,Battery Electric Vehicle,kg CO2e of CO2 per unit,0.24956
1423,Battery Electric Vehicle,kg CO2e of CO2 per unit,0.37834
1424,Battery Electric Vehicle,kg CO2e of CO2 per unit,0.43015
1425,Battery Electric Vehicle,kg CO2e of CO2 per unit,0.36267
1426,Battery Electric Vehicle,kg CO2e of CO2 per unit,0.16066
1427,Battery Electric Vehicle,kg CO2e of CO2 per unit,0.0
1420,Battery Electric Vehicle,kg CO2e of CH4 per unit,0.17136
1421,Battery Electric Vehicle,kg CO2e of CH4 per unit,0.16204
1422,Battery Electric Vehicle,kg CO2e of CH4 per unit,0.12708
1423,Battery Electric Vehicle,kg CO2e of CH4 per unit,0.17201
1424,Battery Electric Vehicle,kg CO2e of CH4 per unit,0.19557
1425,Battery Electric Vehicle,kg CO2e of CH4 per unit,0.16608
1426,Battery Electric Vehicle,kg CO2e of CH4 per unit,0.09121
1427,Battery Electric Vehicle,kg CO2e of CH4 per unit,0.0
1420,Battery Electric Vehicle,kg CO2e of N2O per unit,0.27578
1421,Battery Electric Vehicle,kg CO2e of N2O per unit,0.26078
1422,Battery Electric Vehicle,kg CO2e of N2O per unit,0.20452
1423,Battery Electric Vehicle,kg CO2e of N2O per unit,0.27682
1424,Battery Electric Vehicle,kg CO2e of N2O per unit,0.31474
1425,Battery Electric Vehicle,kg CO2e of N2O per unit,0.26728
1426,Battery Electric Vehicle,kg CO2e of N2O per unit,0.14678
1427,Battery Electric Vehicle,kg CO2e of N2O per unit,0.0
1430,,kg CO2e,0.0005
1431,,kg CO2e,0.0008
1432,,kg CO2e,0.00053
1433,,kg CO2e,0.00085
1434,,kg CO2e,0.00053
1435,,kg CO2e,0.00085
1436,,kg CO2e,0.00052
1437,,kg CO2e,0.00084
1430,,kg CO2e of CO2 per unit,0.00175
1431,,kg CO2e of CO2 per unit,0.00282
1432,,kg CO2e of CO2 per unit,0.00228
1433,,kg CO2e of CO2 per unit,0.00367
1434,,kg CO2e of CO2 per unit,0.00127
1435,,kg CO2e of CO2 per unit,0.00204
1436,,kg CO2e of CO2 per unit,0.00177
1437,,kg CO2e of CO2 per unit,0.00284
1430,,kg CO2e of CH4 per unit,0.08319
1431,,kg CO2e of CH4 per unit,0.13388999999999998
1432,,kg CO2e of CH4 per unit,0.10107000000000001
1433,,kg CO2e of CH4 per unit,0.16265
1434,,kg CO2e of CH4 per unit,0.13252
1435,,kg CO2e of CH4 per unit,0.21325999999999998
1436,,kg CO2e of CH4 per unit,0.11367000000000001
1437,,kg CO2e of CH4 per unit,0.18293
1430,,kg CO2e of N2O per unit,0.08094
1431,,kg CO2e of N2O per unit,0.13027
1432,,kg CO2e of N2O per unit,0.09826
1433,,kg CO2e of N2O per unit,0.15813
1434,,kg CO2e of N2O per unit,0.13072
1435,,kg CO2e of N2O per unit,0.21037
1436,,kg CO2e of N2O per unit,0.11138
1437,,kg CO2e of N2O per unit,0.17925
