index,Level 5,GHG/Unit,GHG Conversion Factor,Level 4
31010,Open-loop,kg CO2e,1.00835,
31011,Open-loop,kg CO2e,1.00835,
31012,Open-loop,kg CO2e,,
31013,Open-loop,kg CO2e,,
31014,Open-loop,kg CO2e,1.26338,
31015,Open-loop,kg CO2e,,
31016,Open-loop,kg CO2e,1.00835,
31017,Open-loop,kg CO2e,1.00835,
31018,Open-loop,kg CO2e,4.68568,
31019,Open-loop,kg CO2e,,
310110,Open-loop,kg CO2e,,
310111,Open-loop,kg CO2e,,
310112,Open-loop,kg CO2e,,
31010,Closed-loop,kg CO2e,,
31011,Closed-loop,kg CO2e,,
31012,Closed-loop,kg CO2e,,
31013,Closed-loop,kg CO2e,5.9416,
31014,Closed-loop,kg CO2e,,
31015,Closed-loop,kg CO2e,1.00835,
31016,Closed-loop,kg CO2e,1.00835,
31017,Closed-loop,kg CO2e,,
31018,Closed-loop,kg CO2e,,
31019,Closed-loop,kg CO2e,1.26338,
310110,Closed-loop,kg CO2e,,
310111,Closed-loop,kg CO2e,1.00835,
310112,Closed-loop,kg CO2e,,
31010,Incineration with energy recovery,kg CO2e,,
31011,Incineration with energy recovery,kg CO2e,,
31012,Incineration with energy recovery,kg CO2e,1.26338,
31013,Incineration with energy recovery,kg CO2e,,
31014,Incineration with energy recovery,kg CO2e,1.00835,
31015,Incineration with energy recovery,kg CO2e,1.00835,
31016,Incineration with energy recovery,kg CO2e,,
31017,Incineration with energy recovery,kg CO2e,,
31018,Incineration with energy recovery,kg CO2e,1.26338,
31019,Incineration with energy recovery,kg CO2e,,
310110,Incineration with energy recovery,kg CO2e,,
310111,Incineration with energy recovery,kg CO2e,1.00835,
310112,Incineration with energy recovery,kg CO2e,,
31010,Composting,kg CO2e,,
31011,Composting,kg CO2e,1.26338,
31012,Composting,kg CO2e,,
31013,Composting,kg CO2e,,
31014,Composting,kg CO2e,1.00835,
31015,Composting,kg CO2e,,
31016,Composting,kg CO2e,,
31017,Composting,kg CO2e,1.26435,
31018,Composting,kg CO2e,,
31019,Composting,kg CO2e,,
310110,Composting,kg CO2e,1.00835,
310111,Composting,kg CO2e,,
310112,Composting,kg CO2e,,
31010,Landfill,kg CO2e,19.54671,
31011,Landfill,kg CO2e,,
31012,Landfill,kg CO2e,,
31013,Landfill,kg CO2e,4.68568,
31014,Landfill,kg CO2e,4.68568,
31015,Landfill,kg CO2e,,
31016,Landfill,kg CO2e,,
31017,Landfill,kg CO2e,,
31018,Landfill,kg CO2e,,
31019,Landfill,kg CO2e,4.68568,
310110,Landfill,kg CO2e,,
310111,Landfill,kg CO2e,,
310112,Landfill,kg CO2e,71.95,
31010,Anaerobic digestion,kg CO2e,,
31011,Anaerobic digestion,kg CO2e,,
31012,Anaerobic digestion,kg CO2e,4.68568,
31013,Anaerobic digestion,kg CO2e,,
31014,Anaerobic digestion,kg CO2e,,
31015,Anaerobic digestion,kg CO2e,,
31016,Anaerobic digestion,kg CO2e,,
31017,Anaerobic digestion,kg CO2e,,
31018,Anaerobic digestion,kg CO2e,4.68568,
31019,Anaerobic digestion,kg CO2e,4.68568,
310110,Anaerobic digestion,kg CO2e,8.98311,
310111,Anaerobic digestion,kg CO2e,925.34348,
310112,Anaerobic digestion,kg CO2e,,
31020,,kg CO2e,,Open-loop
31021,,kg CO2e,4.68568,Open-loop
31022,,kg CO2e,4.68568,Open-loop
31020,,kg CO2e,8.98311,Closed-loop
31021,,kg CO2e,1164.4894,Closed-loop
31022,,kg CO2e,,Closed-loop
31020,,kg CO2e,4.68568,Incineration with energy recovery
31021,,kg CO2e,4.68568,Incineration with energy recovery
31022,,kg CO2e,4.68568,Incineration with energy recovery
31020,,kg CO2e,,Composting
31021,,kg CO2e,8.98311,Composting
31022,,kg CO2e,,Composting
31020,,kg CO2e,,Landfill
31021,,kg CO2e,4.68568,Landfill
31022,,kg CO2e,4.68568,Landfill
31020,,kg CO2e,,Anaerobic digestion
31021,,kg CO2e,496.78228,Anaerobic digestion
31022,,kg CO2e,,Anaerobic digestion
31030,,kg CO2e,,Open-loop
31031,,kg CO2e,,Open-loop
31032,,kg CO2e,4.68568,Open-loop
31033,,kg CO2e,,Open-loop
31034,,kg CO2e,497.24244,Open-loop
31030,,kg CO2e,,Closed-loop
31031,,kg CO2e,,Closed-loop
31032,,kg CO2e,,Closed-loop
31033,,kg CO2e,4.68568,Closed-loop
31034,,kg CO2e,8.98311,Closed-loop
31030,,kg CO2e,700.30886,Incineration with energy recovery
31031,,kg CO2e,8.98311,Incineration with energy recovery
31032,,kg CO2e,,Incineration with energy recovery
31033,,kg CO2e,,Incineration with energy recovery
31034,,kg CO2e,4.68568,Incineration with energy recovery
31030,,kg CO2e,8.98311,Composting
31031,,kg CO2e,646.70557,Composting
31032,,kg CO2e,8.98311,Composting
31033,,kg CO2e,,Composting
31034,,kg CO2e,,Composting
31030,,kg CO2e,4.68568,Landfill
31031,,kg CO2e,8.98311,Landfill
31032,,kg CO2e,656.08614,Landfill
31033,,kg CO2e,8.98311,Landfill
31034,,kg CO2e,,Landfill
31030,,kg CO2e,,Anaerobic digestion
31031,,kg CO2e,4.68568,Anaerobic digestion
31032,,kg CO2e,,Anaerobic digestion
31033,,kg CO2e,520.5327,Anaerobic digestion
31034,,kg CO2e,,Anaerobic digestion
31040,,kg CO2e,4.68568,Open-loop
31041,,kg CO2e,,Open-loop
31042,,kg CO2e,,Open-loop
31043,,kg CO2e,,Open-loop
31044,,kg CO2e,8.98311,Open-loop
31040,,kg CO2e,,Closed-loop
31041,,kg CO2e,4.68568,Closed-loop
31042,,kg CO2e,,Closed-loop
31043,,kg CO2e,4.68568,Closed-loop
31044,,kg CO2e,,Closed-loop
31040,,kg CO2e,8.98311,Incineration with energy recovery
31041,,kg CO2e,,Incineration with energy recovery
31042,,kg CO2e,4.68568,Incineration with energy recovery
31043,,kg CO2e,,Incineration with energy recovery
31044,,kg CO2e,4.68568,Incineration with energy recovery
31040,,kg CO2e,,Composting
31041,,kg CO2e,8.98311,Composting
31042,,kg CO2e,,Composting
31043,,kg CO2e,4.68568,Composting
31044,,kg CO2e,,Composting
31040,,kg CO2e,4.68568,Landfill
31041,,kg CO2e,,Landfill
31042,,kg CO2e,8.98311,Landfill
31043,,kg CO2e,,Landfill
31044,,kg CO2e,4.68568,Landfill
31040,,kg CO2e,,Anaerobic digestion
31041,,kg CO2e,,Anaerobic digestion
31042,,kg CO2e,,Anaerobic digestion
31043,,kg CO2e,8.98311,Anaerobic digestion
31044,,kg CO2e,,Anaerobic digestion
31050,,kg CO2e,4.68568,Open-loop
31051,,kg CO2e,4.68568,Open-loop
31052,,kg CO2e,4.68568,Open-loop
31053,,kg CO2e,,Open-loop
31050,,kg CO2e,8.98311,Closed-loop
31051,,kg CO2e,,Closed-loop
31052,,kg CO2e,4.68568,Closed-loop
31053,,kg CO2e,4.68568,Closed-loop
31050,,kg CO2e,4.68568,Incineration with energy recovery
31051,,kg CO2e,,Incineration with energy recovery
31052,,kg CO2e,8.98311,Incineration with energy recovery
31053,,kg CO2e,,Incineration with energy recovery
31050,,kg CO2e,4.68568,Composting
31051,,kg CO2e,4.68568,Composting
31052,,kg CO2e,4.68568,Composting
31053,,kg CO2e,,Composting
31050,,kg CO2e,8.98311,Landfill
31051,,kg CO2e,,Landfill
31052,,kg CO2e,4.68568,Landfill
31053,,kg CO2e,4.68568,Landfill
31050,,kg CO2e,4.68568,Anaerobic digestion
31051,,kg CO2e,,Anaerobic digestion
31052,,kg CO2e,8.98311,Anaerobic digestion
31053,,kg CO2e,,Anaerobic digestion
31060,,kg CO2e,4.68568,Open-loop
31061,,kg CO2e,4.68568,Open-loop
31062,,kg CO2e,4.68568,Open-loop
31063,,kg CO2e,,Open-loop
31064,,kg CO2e,8.98311,Open-loop
31065,,kg CO2e,,Open-loop
31066,,kg CO2e,4.68568,Open-loop
31067,,kg CO2e,4.68568,Open-loop
31068,,kg CO2e,4.68568,Open-loop
31060,,kg CO2e,,Closed-loop
31061,,kg CO2e,8.98311,Closed-loop
31062,,kg CO2e,,Closed-loop
31063,,kg CO2e,4.68568,Closed-loop
31064,,kg CO2e,4.68568,Closed-loop
31065,,kg CO2e,4.68568,Closed-loop
31066,,kg CO2e,,Closed-loop
31067,,kg CO2e,8.98311,Closed-loop
31068,,kg CO2e,,Closed-loop
31060,,kg CO2e,4.68568,Incineration with energy recovery
31061,,kg CO2e,4.68568,Incineration with energy recovery
31062,,kg CO2e,4.68568,Incineration with energy recovery
31063,,kg CO2e,,Incineration with energy recovery
31064,,kg CO2e,8.98311,Incineration with energy recovery
31065,,kg CO2e,,Incineration with energy recovery
31066,,kg CO2e,4.68568,Incineration with energy recovery
31067,,kg CO2e,4.68568,Incineration with energy recovery
31068,,kg CO2e,4.68568,Incineration with energy recovery
31060,,kg CO2e,,Composting
31061,,kg CO2e,8.98311,Composting
31062,,kg CO2e,,Composting
31063,,kg CO2e,4.68568,Composting
31064,,kg CO2e,4.68568,Composting
31065,,kg CO2e,4.68568,Composting
31066,,kg CO2e,,Composting
31067,,kg CO2e,8.98311,Composting
31068,,kg CO2e,,Composting
31060,,kg CO2e,4.68568,Landfill
31061,,kg CO2e,4.68568,Landfill
31062,,kg CO2e,4.68568,Landfill
31063,,kg CO2e,,Landfill
31064,,kg CO2e,8.98311,Landfill
31065,,kg CO2e,,Landfill
31066,,kg CO2e,4.68568,Landfill
31067,,kg CO2e,4.68568,Landfill
31068,,kg CO2e,4.68568,Landfill
31060,,kg CO2e,,Anaerobic digestion
31061,,kg CO2e,8.98311,Anaerobic digestion
31062,,kg CO2e,,Anaerobic digestion
31063,,kg CO2e,4.68568,Anaerobic digestion
31064,,kg CO2e,4.68568,Anaerobic digestion
31065,,kg CO2e,4.68568,Anaerobic digestion
31066,,kg CO2e,,Anaerobic digestion
31067,,kg CO2e,8.98311,Anaerobic digestion
31068,,kg CO2e,,Anaerobic digestion
31070,,kg CO2e,,Open-loop
31071,,kg CO2e,4.68568,Open-loop
31072,,kg CO2e,4.68568,Open-loop
31070,,kg CO2e,8.98311,Closed-loop
31071,,kg CO2e,1164.4894,Closed-loop
31072,,kg CO2e,,Closed-loop
31070,,kg CO2e,,Incineration with energy recovery
31071,,kg CO2e,4.68568,Incineration with energy recovery
31072,,kg CO2e,4.68568,Incineration with energy recovery
31070,,kg CO2e,8.98311,Composting
31071,,kg CO2e,1164.4894,Composting
31072,,kg CO2e,,Composting
31070,,kg CO2e,,Landfill
31071,,kg CO2e,4.68568,Landfill
31072,,kg CO2e,4.68568,Landfill
31070,,kg CO2e,8.98311,Anaerobic digestion
31071,,kg CO2e,1164.4894,Anaerobic digestion
31072,,kg CO2e,,Anaerobic digestion
