index,Level 4,GHG/Unit,GHG Conversion Factor
31710,Diesel,kg CO2e,0.00919
31711,Diesel,kg CO2e,0.00235
31712,Diesel,kg CO2e,
31713,Diesel,kg CO2e,
31714,Diesel,kg CO2e,
31715,Diesel,kg CO2e,
31716,Diesel,kg CO2e,0.00108
31717,Diesel,kg CO2e,0.00165
31718,Diesel,kg CO2e,0.00044
31719,Diesel,kg CO2e,
317110,Diesel,kg CO2e,
317111,Diesel,kg CO2e,
31710,Diesel,kg CO2e of CO2 per unit,
31711,Diesel,kg CO2e of CO2 per unit,0.00022
31712,Diesel,kg CO2e of CO2 per unit,0.00267
31713,Diesel,kg CO2e of CO2 per unit,0.0007
31714,Diesel,kg CO2e of CO2 per unit,
31715,Diesel,kg CO2e of CO2 per unit,
31716,Diesel,kg CO2e of CO2 per unit,
31717,Diesel,kg CO2e of CO2 per unit,
31718,Diesel,kg CO2e of CO2 per unit,0.00036
31719,Diesel,kg CO2e of CO2 per unit,0.00568
317110,Diesel,kg CO2e of CO2 per unit,0.00159
317111,Diesel,kg CO2e of CO2 per unit,
31710,Diesel,kg CO2e of CH4 per unit,
31711,Diesel,kg CO2e of CH4 per unit,
31712,Diesel,kg CO2e of CH4 per unit,
31713,Diesel,kg CO2e of CH4 per unit,0.00141
31714,Diesel,kg CO2e of CH4 per unit,0.00165
31715,Diesel,kg CO2e of CH4 per unit,0.00044
31716,Diesel,kg CO2e of CH4 per unit,
31717,Diesel,kg CO2e of CH4 per unit,
31718,Diesel,kg CO2e of CH4 per unit,
31719,Diesel,kg CO2e of CH4 per unit,
317110,Diesel,kg CO2e of CH4 per unit,0.00031
317111,Diesel,kg CO2e of CH4 per unit,0.00267
31710,Diesel,kg CO2e of N2O per unit,0.0007
31711,Diesel,kg CO2e of N2O per unit,
31712,Diesel,kg CO2e of N2O per unit,
31713,Diesel,kg CO2e of N2O per unit,
31714,Diesel,kg CO2e of N2O per unit,
31715,Diesel,kg CO2e of N2O per unit,0.00051
31716,Diesel,kg CO2e of N2O per unit,0.0037
31717,Diesel,kg CO2e of N2O per unit,0.00108
31718,Diesel,kg CO2e of N2O per unit,
31719,Diesel,kg CO2e of N2O per unit,
317110,Diesel,kg CO2e of N2O per unit,
317111,Diesel,kg CO2e of N2O per unit,0.00476
31710,Petrol,kg CO2e,0.00132
31711,Petrol,kg CO2e,0.00165
31712,Petrol,kg CO2e,0.00044
31713,Petrol,kg CO2e,
31714,Petrol,kg CO2e,
31715,Petrol,kg CO2e,
31716,Petrol,kg CO2e,0.00189
31717,Petrol,kg CO2e,0.00044
31718,Petrol,kg CO2e,0.00267
31719,Petrol,kg CO2e,0.0007
317110,Petrol,kg CO2e,
317111,Petrol,kg CO2e,
31710,Petrol,kg CO2e of CO2 per unit,
31711,Petrol,kg CO2e of CO2 per unit,0.00304
31712,Petrol,kg CO2e of CO2 per unit,0.0007
31713,Petrol,kg CO2e of CO2 per unit,0.00414
31714,Petrol,kg CO2e of CO2 per unit,0.00149
31715,Petrol,kg CO2e of CO2 per unit,0.00124
31716,Petrol,kg CO2e of CO2 per unit,0.00124
31717,Petrol,kg CO2e of CO2 per unit,0.00405
31718,Petrol,kg CO2e of CO2 per unit,0.00476
31719,Petrol,kg CO2e of CO2 per unit,0.00141
317110,Petrol,kg CO2e of CO2 per unit,0.00165
317111,Petrol,kg CO2e of CO2 per unit,0.00044
31710,Petrol,kg CO2e of CH4 per unit,0.0005
31711,Petrol,kg CO2e of CH4 per unit,0.0005
31712,Petrol,kg CO2e of CH4 per unit,0.00162
31713,Petrol,kg CO2e of CH4 per unit,0.00189
31714,Petrol,kg CO2e of CH4 per unit,0.00031
31715,Petrol,kg CO2e of CH4 per unit,0.00267
31716,Petrol,kg CO2e of CH4 per unit,0.0007
31717,Petrol,kg CO2e of CH4 per unit,0.0008
31718,Petrol,kg CO2e of CH4 per unit,0.0008
31719,Petrol,kg CO2e of CH4 per unit,0.0026
317110,Petrol,kg CO2e of CH4 per unit,0.00304
317111,Petrol,kg CO2e of CH4 per unit,0.00051
31710,Petrol,kg CO2e of N2O per unit,2e-05
31711,Petrol,kg CO2e of N2O per unit,0.00143
31712,Petrol,kg CO2e of N2O per unit,
31713,Petrol,kg CO2e of N2O per unit,
31714,Petrol,kg CO2e of N2O per unit,
31715,Petrol,kg CO2e of N2O per unit,
31716,Petrol,kg CO2e of N2O per unit,0.00078
31717,Petrol,kg CO2e of N2O per unit,4.860776705385985e-06
31718,Petrol,kg CO2e of N2O per unit,0.00027
31719,Petrol,kg CO2e of N2O per unit,
317110,Petrol,kg CO2e of N2O per unit,
317111,Petrol,kg CO2e of N2O per unit,
31710,CNG,kg CO2e,
31711,CNG,kg CO2e,0.00017
31712,CNG,kg CO2e,1e-05
31713,CNG,kg CO2e,0.00043
31714,CNG,kg CO2e,
31715,CNG,kg CO2e,
31716,CNG,kg CO2e,
31717,CNG,kg CO2e,
31718,CNG,kg CO2e,0.00027
31719,CNG,kg CO2e,1e-05
317110,CNG,kg CO2e,0.00097
317111,CNG,kg CO2e,
31710,CNG,kg CO2e of CO2 per unit,
31711,CNG,kg CO2e of CO2 per unit,
31712,CNG,kg CO2e of CO2 per unit,
31713,CNG,kg CO2e of CO2 per unit,0.00103
31714,CNG,kg CO2e of CO2 per unit,4.860776705385985e-06
31715,CNG,kg CO2e of CO2 per unit,0.00027
31716,CNG,kg CO2e of CO2 per unit,
31717,CNG,kg CO2e of CO2 per unit,
31718,CNG,kg CO2e of CO2 per unit,
31719,CNG,kg CO2e of CO2 per unit,
317110,CNG,kg CO2e of CO2 per unit,0.00022
317111,CNG,kg CO2e of CO2 per unit,1e-05
31710,CNG,kg CO2e of CH4 per unit,0.00043
31711,CNG,kg CO2e of CH4 per unit,
31712,CNG,kg CO2e of CH4 per unit,
31713,CNG,kg CO2e of CH4 per unit,
31714,CNG,kg CO2e of CH4 per unit,
31715,CNG,kg CO2e of CH4 per unit,0.00037
31716,CNG,kg CO2e of CH4 per unit,1e-05
31717,CNG,kg CO2e of CH4 per unit,0.00066
31718,CNG,kg CO2e of CH4 per unit,
31719,CNG,kg CO2e of CH4 per unit,
317110,CNG,kg CO2e of CH4 per unit,
317111,CNG,kg CO2e of CH4 per unit,0.00022
31710,CNG,kg CO2e of N2O per unit,0.00096
31711,CNG,kg CO2e of N2O per unit,4.860776705385985e-06
31712,CNG,kg CO2e of N2O per unit,0.00027
31713,CNG,kg CO2e of N2O per unit,
31714,CNG,kg CO2e of N2O per unit,
31715,CNG,kg CO2e of N2O per unit,
31716,CNG,kg CO2e of N2O per unit,9e-05
31717,CNG,kg CO2e of N2O per unit,0.00032
31718,CNG,kg CO2e of N2O per unit,1e-05
31719,CNG,kg CO2e of N2O per unit,0.00043
317110,CNG,kg CO2e of N2O per unit,
317111,CNG,kg CO2e of N2O per unit,
31710,LPG,kg CO2e,
31711,LPG,kg CO2e,0.00015
31712,LPG,kg CO2e,0.00052
31713,LPG,kg CO2e,1e-05
31714,LPG,kg CO2e,0.00091
31715,LPG,kg CO2e,0.0033
31716,LPG,kg CO2e,0.0001
31717,LPG,kg CO2e,3e-05
31718,LPG,kg CO2e,0.00022
31719,LPG,kg CO2e,0.00103
317110,LPG,kg CO2e,4.860776705385985e-06
317111,LPG,kg CO2e,0.00027
31710,LPG,kg CO2e of CO2 per unit,0.00132
31711,LPG,kg CO2e of CO2 per unit,4e-05
31712,LPG,kg CO2e of CO2 per unit,1e-05
31713,LPG,kg CO2e of CO2 per unit,9e-05
31714,LPG,kg CO2e of CO2 per unit,0.00022
31715,LPG,kg CO2e of CO2 per unit,1e-05
31716,LPG,kg CO2e of CO2 per unit,0.00043
31717,LPG,kg CO2e of CO2 per unit,0.00212
31718,LPG,kg CO2e of CO2 per unit,7e-05
31719,LPG,kg CO2e of CO2 per unit,2e-05
317110,LPG,kg CO2e of CO2 per unit,0.00015
317111,LPG,kg CO2e of CO2 per unit,0.00037
31710,LPG,kg CO2e of CH4 per unit,0.87423
31711,LPG,kg CO2e of CH4 per unit,1.42906
31712,LPG,kg CO2e of CH4 per unit,
31713,LPG,kg CO2e of CH4 per unit,
31714,LPG,kg CO2e of CH4 per unit,
31715,LPG,kg CO2e of CH4 per unit,
31716,LPG,kg CO2e of CH4 per unit,0.12474
31717,LPG,kg CO2e of CH4 per unit,0.15738
31718,LPG,kg CO2e of CH4 per unit,0.20188
31719,LPG,kg CO2e of CH4 per unit,
317110,LPG,kg CO2e of CH4 per unit,
317111,LPG,kg CO2e of CH4 per unit,
31710,LPG,kg CO2e of N2O per unit,
31711,LPG,kg CO2e of N2O per unit,0.03798
31712,LPG,kg CO2e of N2O per unit,0.25329
31713,LPG,kg CO2e of N2O per unit,0.3249
31714,LPG,kg CO2e of N2O per unit,
31715,LPG,kg CO2e of N2O per unit,
31716,LPG,kg CO2e of N2O per unit,
31717,LPG,kg CO2e of N2O per unit,
31718,LPG,kg CO2e of N2O per unit,0.06113
31719,LPG,kg CO2e of N2O per unit,0.62562
317110,LPG,kg CO2e of N2O per unit,0.81534
317111,LPG,kg CO2e of N2O per unit,
31710,Unknown,kg CO2e,
31711,Unknown,kg CO2e,
31712,Unknown,kg CO2e,
31713,Unknown,kg CO2e,0.24915
31714,Unknown,kg CO2e,0.1926
31715,Unknown,kg CO2e,0.20874
31716,Unknown,kg CO2e,
31717,Unknown,kg CO2e,
31718,Unknown,kg CO2e,
31719,Unknown,kg CO2e,
317110,Unknown,kg CO2e,0.05777
317111,Unknown,kg CO2e,0.30996
31710,Unknown,kg CO2e of CO2 per unit,0.33594
31711,Unknown,kg CO2e of CO2 per unit,
31712,Unknown,kg CO2e of CO2 per unit,
31713,Unknown,kg CO2e of CO2 per unit,
31714,Unknown,kg CO2e of CO2 per unit,
31715,Unknown,kg CO2e of CO2 per unit,0.09298
31716,Unknown,kg CO2e of CO2 per unit,0.62849
31717,Unknown,kg CO2e of CO2 per unit,0.83593
31718,Unknown,kg CO2e of CO2 per unit,
31719,Unknown,kg CO2e of CO2 per unit,
317110,Unknown,kg CO2e of CO2 per unit,
317111,Unknown,kg CO2e of CO2 per unit,0.36985
31710,Unknown,kg CO2e of CH4 per unit,0.20519
31711,Unknown,kg CO2e of CH4 per unit,0.27878
31712,Unknown,kg CO2e of CH4 per unit,0.33845
31713,Unknown,kg CO2e of CH4 per unit,
31714,Unknown,kg CO2e of CH4 per unit,
31715,Unknown,kg CO2e of CH4 per unit,
31716,Unknown,kg CO2e of CH4 per unit,0.14592
31717,Unknown,kg CO2e of CH4 per unit,0.07609
31718,Unknown,kg CO2e of CH4 per unit,0.44866
31719,Unknown,kg CO2e of CH4 per unit,0.54468
317110,Unknown,kg CO2e of CH4 per unit,
317111,Unknown,kg CO2e of CH4 per unit,
31710,Unknown,kg CO2e of N2O per unit,
31711,Unknown,kg CO2e of N2O per unit,0.23485
31712,Unknown,kg CO2e of N2O per unit,0.12246
31713,Unknown,kg CO2e of N2O per unit,0.6313
31714,Unknown,kg CO2e of N2O per unit,0.85537
31715,Unknown,kg CO2e of N2O per unit,0.62419
31716,Unknown,kg CO2e of N2O per unit,0.68621
31717,Unknown,kg CO2e of N2O per unit,0.63823
31718,Unknown,kg CO2e of N2O per unit,0.36985
31719,Unknown,kg CO2e of N2O per unit,0.21992
317110,Unknown,kg CO2e of N2O per unit,0.25561
317111,Unknown,kg CO2e of N2O per unit,0.21335
31710,Plug-in Hybrid Electric Vehicle,kg CO2e,0.25113
31711,Plug-in Hybrid Electric Vehicle,kg CO2e,0.2761
31712,Plug-in Hybrid Electric Vehicle,kg CO2e,0.2543
31713,Plug-in Hybrid Electric Vehicle,kg CO2e,0.14592
31714,Plug-in Hybrid Electric Vehicle,kg CO2e,0.06976
31715,Plug-in Hybrid Electric Vehicle,kg CO2e,0.41138
31716,Plug-in Hybrid Electric Vehicle,kg CO2e,0.34336
31717,Plug-in Hybrid Electric Vehicle,kg CO2e,0.40415
31718,Plug-in Hybrid Electric Vehicle,kg CO2e,0.44433
31719,Plug-in Hybrid Electric Vehicle,kg CO2e,0.40926
317110,Plug-in Hybrid Electric Vehicle,kg CO2e,0.23485
317111,Plug-in Hybrid Electric Vehicle,kg CO2e,0.11228
31710,Plug-in Hybrid Electric Vehicle,kg CO2e of CO2 per unit,0.86501
31711,Plug-in Hybrid Electric Vehicle,kg CO2e of CO2 per unit,1.42528
31712,Plug-in Hybrid Electric Vehicle,kg CO2e of CO2 per unit,
31713,Plug-in Hybrid Electric Vehicle,kg CO2e of CO2 per unit,
31714,Plug-in Hybrid Electric Vehicle,kg CO2e of CO2 per unit,
31715,Plug-in Hybrid Electric Vehicle,kg CO2e of CO2 per unit,
31716,Plug-in Hybrid Electric Vehicle,kg CO2e of CO2 per unit,0.12288
31717,Plug-in Hybrid Electric Vehicle,kg CO2e of CO2 per unit,0.15572
31718,Plug-in Hybrid Electric Vehicle,kg CO2e of CO2 per unit,0.20118
31719,Plug-in Hybrid Electric Vehicle,kg CO2e of CO2 per unit,
317110,Plug-in Hybrid Electric Vehicle,kg CO2e of CO2 per unit,
317111,Plug-in Hybrid Electric Vehicle,kg CO2e of CO2 per unit,
31710,Plug-in Hybrid Electric Vehicle,kg CO2e of CH4 per unit,
31711,Plug-in Hybrid Electric Vehicle,kg CO2e of CH4 per unit,0.03759
31712,Plug-in Hybrid Electric Vehicle,kg CO2e of CH4 per unit,0.25061
31713,Plug-in Hybrid Electric Vehicle,kg CO2e of CH4 per unit,0.32377
31714,Plug-in Hybrid Electric Vehicle,kg CO2e of CH4 per unit,
31715,Plug-in Hybrid Electric Vehicle,kg CO2e of CH4 per unit,
31716,Plug-in Hybrid Electric Vehicle,kg CO2e of CH4 per unit,
31717,Plug-in Hybrid Electric Vehicle,kg CO2e of CH4 per unit,
31718,Plug-in Hybrid Electric Vehicle,kg CO2e of CH4 per unit,0.0605
31719,Plug-in Hybrid Electric Vehicle,kg CO2e of CH4 per unit,0.61993
317110,Plug-in Hybrid Electric Vehicle,kg CO2e of CH4 per unit,0.81277
317111,Plug-in Hybrid Electric Vehicle,kg CO2e of CH4 per unit,
31710,Plug-in Hybrid Electric Vehicle,kg CO2e of N2O per unit,
31711,Plug-in Hybrid Electric Vehicle,kg CO2e of N2O per unit,
31712,Plug-in Hybrid Electric Vehicle,kg CO2e of N2O per unit,
31713,Plug-in Hybrid Electric Vehicle,kg CO2e of N2O per unit,0.24671
31714,Plug-in Hybrid Electric Vehicle,kg CO2e of N2O per unit,0.19094
31715,Plug-in Hybrid Electric Vehicle,kg CO2e of N2O per unit,0.20804
31716,Plug-in Hybrid Electric Vehicle,kg CO2e of N2O per unit,
31717,Plug-in Hybrid Electric Vehicle,kg CO2e of N2O per unit,
31718,Plug-in Hybrid Electric Vehicle,kg CO2e of N2O per unit,
31719,Plug-in Hybrid Electric Vehicle,kg CO2e of N2O per unit,
317110,Plug-in Hybrid Electric Vehicle,kg CO2e of N2O per unit,0.05723
317111,Plug-in Hybrid Electric Vehicle,kg CO2e of N2O per unit,0.30728
31710,Battery Electric Vehicle,kg CO2e,0.33481
31711,Battery Electric Vehicle,kg CO2e,
31712,Battery Electric Vehicle,kg CO2e,
31713,Battery Electric Vehicle,kg CO2e,
31714,Battery Electric Vehicle,kg CO2e,
31715,Battery Electric Vehicle,kg CO2e,0.0921
31716,Battery Electric Vehicle,kg CO2e,0.62478
31717,Battery Electric Vehicle,kg CO2e,0.83418
31718,Battery Electric Vehicle,kg CO2e,
31719,Battery Electric Vehicle,kg CO2e,
317110,Battery Electric Vehicle,kg CO2e,
317111,Battery Electric Vehicle,kg CO2e,0.36487
31710,Battery Electric Vehicle,kg CO2e of CO2 per unit,0.20291
31711,Battery Electric Vehicle,kg CO2e of CO2 per unit,0.27712
31712,Battery Electric Vehicle,kg CO2e of CO2 per unit,0.33775
31713,Battery Electric Vehicle,kg CO2e of CO2 per unit,
31714,Battery Electric Vehicle,kg CO2e of CO2 per unit,
31715,Battery Electric Vehicle,kg CO2e of CO2 per unit,
31716,Battery Electric Vehicle,kg CO2e of CO2 per unit,0.14395
31717,Battery Electric Vehicle,kg CO2e of CO2 per unit,0.07533
31718,Battery Electric Vehicle,kg CO2e of CO2 per unit,0.44598
31719,Battery Electric Vehicle,kg CO2e of CO2 per unit,0.54355
317110,Battery Electric Vehicle,kg CO2e of CO2 per unit,
317111,Battery Electric Vehicle,kg CO2e of CO2 per unit,
31710,Battery Electric Vehicle,kg CO2e of CH4 per unit,
31711,Battery Electric Vehicle,kg CO2e of CH4 per unit,0.23166
31712,Battery Electric Vehicle,kg CO2e of CH4 per unit,0.12124
31713,Battery Electric Vehicle,kg CO2e of CH4 per unit,0.62715
31714,Battery Electric Vehicle,kg CO2e of CH4 per unit,0.85297
31715,Battery Electric Vehicle,kg CO2e of CH4 per unit,0.61964
31716,Battery Electric Vehicle,kg CO2e of CH4 per unit,0.68486
31717,Battery Electric Vehicle,kg CO2e of CH4 per unit,0.63415
31718,Battery Electric Vehicle,kg CO2e of CH4 per unit,0.36487
31719,Battery Electric Vehicle,kg CO2e of CH4 per unit,0.21748
317110,Battery Electric Vehicle,kg CO2e of CH4 per unit,0.25395
317111,Battery Electric Vehicle,kg CO2e of CH4 per unit,0.21265
31710,Battery Electric Vehicle,kg CO2e of N2O per unit,0.24931
31711,Battery Electric Vehicle,kg CO2e of N2O per unit,0.27556
31712,Battery Electric Vehicle,kg CO2e of N2O per unit,0.25267
31713,Battery Electric Vehicle,kg CO2e of N2O per unit,0.14395
31714,Battery Electric Vehicle,kg CO2e of N2O per unit,0.06922
31715,Battery Electric Vehicle,kg CO2e of N2O per unit,0.4087
31716,Battery Electric Vehicle,kg CO2e of N2O per unit,0.34223
31717,Battery Electric Vehicle,kg CO2e of N2O per unit,0.40123
31718,Battery Electric Vehicle,kg CO2e of N2O per unit,0.44346
31719,Battery Electric Vehicle,kg CO2e of N2O per unit,0.40664
317110,Battery Electric Vehicle,kg CO2e of N2O per unit,0.23166
317111,Battery Electric Vehicle,kg CO2e of N2O per unit,0.1114
31720,0% Laden,kg CO2e,
31721,0% Laden,kg CO2e,0.00495
31722,0% Laden,kg CO2e,0.00248
31723,0% Laden,kg CO2e,0.00538
31724,0% Laden,kg CO2e,0.00532
31725,0% Laden,kg CO2e,0.00532
31726,0% Laden,kg CO2e,0.00532
31727,0% Laden,kg CO2e,0.00532
31728,0% Laden,kg CO2e,0.00855
31729,0% Laden,kg CO2e,0.00855
317210,0% Laden,kg CO2e,0.00855
317211,0% Laden,kg CO2e,0.00855
317212,0% Laden,kg CO2e,
317213,0% Laden,kg CO2e,0.00255
317214,0% Laden,kg CO2e,0.00128
317215,0% Laden,kg CO2e,0.00375
317216,0% Laden,kg CO2e,0.00648
317217,0% Laden,kg CO2e,0.00648
317218,0% Laden,kg CO2e,0.00648
317219,0% Laden,kg CO2e,0.00648
317220,0% Laden,kg CO2e,0.01043
317221,0% Laden,kg CO2e,0.01043
317222,0% Laden,kg CO2e,0.01043
317223,0% Laden,kg CO2e,0.01043
31720,0% Laden,kg CO2e of CO2 per unit,
31721,0% Laden,kg CO2e of CO2 per unit,0.00232
31722,0% Laden,kg CO2e of CO2 per unit,0.00116
31723,0% Laden,kg CO2e of CO2 per unit,0.00201
31724,0% Laden,kg CO2e of CO2 per unit,0.01059
31725,0% Laden,kg CO2e of CO2 per unit,0.01059
31726,0% Laden,kg CO2e of CO2 per unit,0.01059
31727,0% Laden,kg CO2e of CO2 per unit,0.01059
31728,0% Laden,kg CO2e of CO2 per unit,0.01704
31729,0% Laden,kg CO2e of CO2 per unit,0.01704
317210,0% Laden,kg CO2e of CO2 per unit,0.01704
317211,0% Laden,kg CO2e of CO2 per unit,0.01704
317212,0% Laden,kg CO2e of CO2 per unit,
317213,0% Laden,kg CO2e of CO2 per unit,0.00249
317214,0% Laden,kg CO2e of CO2 per unit,0.00124
317215,0% Laden,kg CO2e of CO2 per unit,0.00229
317216,0% Laden,kg CO2e of CO2 per unit,0.00888
317217,0% Laden,kg CO2e of CO2 per unit,0.00888
317218,0% Laden,kg CO2e of CO2 per unit,0.00888
317219,0% Laden,kg CO2e of CO2 per unit,0.00888
317220,0% Laden,kg CO2e of CO2 per unit,0.01429
317221,0% Laden,kg CO2e of CO2 per unit,0.01429
317222,0% Laden,kg CO2e of CO2 per unit,0.01429
317223,0% Laden,kg CO2e of CO2 per unit,0.01429
31720,0% Laden,kg CO2e of CH4 per unit,
31721,0% Laden,kg CO2e of CH4 per unit,0.0019
31722,0% Laden,kg CO2e of CH4 per unit,0.00095
31723,0% Laden,kg CO2e of CH4 per unit,0.00198
31724,0% Laden,kg CO2e of CH4 per unit,0.01209
31725,0% Laden,kg CO2e of CH4 per unit,0.01209
31726,0% Laden,kg CO2e of CH4 per unit,0.01209
31727,0% Laden,kg CO2e of CH4 per unit,0.01209
31728,0% Laden,kg CO2e of CH4 per unit,0.01944
31729,0% Laden,kg CO2e of CH4 per unit,0.01944
317210,0% Laden,kg CO2e of CH4 per unit,0.01944
317211,0% Laden,kg CO2e of CH4 per unit,0.01944
317212,0% Laden,kg CO2e of CH4 per unit,
317213,0% Laden,kg CO2e of CH4 per unit,0.00158
317214,0% Laden,kg CO2e of CH4 per unit,0.00079
317215,0% Laden,kg CO2e of CH4 per unit,0.00125
317216,0% Laden,kg CO2e of CH4 per unit,0.01438
317217,0% Laden,kg CO2e of CH4 per unit,0.01438
317218,0% Laden,kg CO2e of CH4 per unit,0.01438
317219,0% Laden,kg CO2e of CH4 per unit,0.01438
317220,0% Laden,kg CO2e of CH4 per unit,0.02314
317221,0% Laden,kg CO2e of CH4 per unit,0.02314
317222,0% Laden,kg CO2e of CH4 per unit,0.02314
317223,0% Laden,kg CO2e of CH4 per unit,0.02314
31720,0% Laden,kg CO2e of N2O per unit,
31721,0% Laden,kg CO2e of N2O per unit,0.00159
31722,0% Laden,kg CO2e of N2O per unit,0.00079
31723,0% Laden,kg CO2e of N2O per unit,0.00127
31724,0% Laden,kg CO2e of N2O per unit,0.01428
31725,0% Laden,kg CO2e of N2O per unit,0.01428
31726,0% Laden,kg CO2e of N2O per unit,0.01428
31727,0% Laden,kg CO2e of N2O per unit,0.01428
31728,0% Laden,kg CO2e of N2O per unit,0.02299
31729,0% Laden,kg CO2e of N2O per unit,0.02299
317210,0% Laden,kg CO2e of N2O per unit,0.02299
317211,0% Laden,kg CO2e of N2O per unit,0.02299
317212,0% Laden,kg CO2e of N2O per unit,
317213,0% Laden,kg CO2e of N2O per unit,0.00178
317214,0% Laden,kg CO2e of N2O per unit,0.00089
317215,0% Laden,kg CO2e of N2O per unit,0.00149
317216,0% Laden,kg CO2e of N2O per unit,0.01195
317217,0% Laden,kg CO2e of N2O per unit,0.01195
317218,0% Laden,kg CO2e of N2O per unit,0.01195
317219,0% Laden,kg CO2e of N2O per unit,0.01195
317220,0% Laden,kg CO2e of N2O per unit,0.01923
317221,0% Laden,kg CO2e of N2O per unit,0.01923
317222,0% Laden,kg CO2e of N2O per unit,0.01923
317223,0% Laden,kg CO2e of N2O per unit,0.01923
31720,50% Laden,kg CO2e,
31721,50% Laden,kg CO2e,0.0001
31722,50% Laden,kg CO2e,6e-05
31723,50% Laden,kg CO2e,0.00011
31724,50% Laden,kg CO2e,0.00011
31725,50% Laden,kg CO2e,0.00011
31726,50% Laden,kg CO2e,0.00011
31727,50% Laden,kg CO2e,0.00011
31728,50% Laden,kg CO2e,0.00018
31729,50% Laden,kg CO2e,0.00018
317210,50% Laden,kg CO2e,0.00018
317211,50% Laden,kg CO2e,0.00018
317212,50% Laden,kg CO2e,
317213,50% Laden,kg CO2e,6e-05
317214,50% Laden,kg CO2e,2e-05
317215,50% Laden,kg CO2e,8e-05
317216,50% Laden,kg CO2e,0.00013
317217,50% Laden,kg CO2e,0.00013
317218,50% Laden,kg CO2e,0.00013
317219,50% Laden,kg CO2e,0.00013
317220,50% Laden,kg CO2e,0.00022
317221,50% Laden,kg CO2e,0.00022
317222,50% Laden,kg CO2e,0.00022
317223,50% Laden,kg CO2e,0.00022
31720,50% Laden,kg CO2e of CO2 per unit,
31721,50% Laden,kg CO2e of CO2 per unit,4e-05
31722,50% Laden,kg CO2e of CO2 per unit,2e-05
31723,50% Laden,kg CO2e of CO2 per unit,4e-05
31724,50% Laden,kg CO2e of CO2 per unit,0.00022
31725,50% Laden,kg CO2e of CO2 per unit,0.00022
31726,50% Laden,kg CO2e of CO2 per unit,0.00022
31727,50% Laden,kg CO2e of CO2 per unit,0.00022
31728,50% Laden,kg CO2e of CO2 per unit,0.00037
31729,50% Laden,kg CO2e of CO2 per unit,0.00037
317210,50% Laden,kg CO2e of CO2 per unit,0.00037
317211,50% Laden,kg CO2e of CO2 per unit,0.00037
317212,50% Laden,kg CO2e of CO2 per unit,
317213,50% Laden,kg CO2e of CO2 per unit,6e-05
317214,50% Laden,kg CO2e of CO2 per unit,2e-05
317215,50% Laden,kg CO2e of CO2 per unit,4e-05
317216,50% Laden,kg CO2e of CO2 per unit,0.00019
317217,50% Laden,kg CO2e of CO2 per unit,0.00019
317218,50% Laden,kg CO2e of CO2 per unit,0.00019
317219,50% Laden,kg CO2e of CO2 per unit,0.00019
317220,50% Laden,kg CO2e of CO2 per unit,0.0003
317221,50% Laden,kg CO2e of CO2 per unit,0.0003
317222,50% Laden,kg CO2e of CO2 per unit,0.0003
317223,50% Laden,kg CO2e of CO2 per unit,0.0003
31720,50% Laden,kg CO2e of CH4 per unit,
31721,50% Laden,kg CO2e of CH4 per unit,2e-05
31722,50% Laden,kg CO2e of CH4 per unit,1e-05
31723,50% Laden,kg CO2e of CH4 per unit,2e-05
31724,50% Laden,kg CO2e of CH4 per unit,0.00012
31725,50% Laden,kg CO2e of CH4 per unit,0.00012
31726,50% Laden,kg CO2e of CH4 per unit,0.00012
31727,50% Laden,kg CO2e of CH4 per unit,0.00012
31728,50% Laden,kg CO2e of CH4 per unit,0.00019
31729,50% Laden,kg CO2e of CH4 per unit,0.00019
317210,50% Laden,kg CO2e of CH4 per unit,0.00019
317211,50% Laden,kg CO2e of CH4 per unit,0.00019
317212,50% Laden,kg CO2e of CH4 per unit,
317213,50% Laden,kg CO2e of CH4 per unit,1e-05
317214,50% Laden,kg CO2e of CH4 per unit,1e-05
317215,50% Laden,kg CO2e of CH4 per unit,1e-05
317216,50% Laden,kg CO2e of CH4 per unit,0.00015
317217,50% Laden,kg CO2e of CH4 per unit,0.00015
317218,50% Laden,kg CO2e of CH4 per unit,0.00015
317219,50% Laden,kg CO2e of CH4 per unit,0.00015
317220,50% Laden,kg CO2e of CH4 per unit,0.00022
317221,50% Laden,kg CO2e of CH4 per unit,0.00022
317222,50% Laden,kg CO2e of CH4 per unit,0.00022
317223,50% Laden,kg CO2e of CH4 per unit,0.00022
31720,50% Laden,kg CO2e of N2O per unit,
31721,50% Laden,kg CO2e of N2O per unit,1e-05
31722,50% Laden,kg CO2e of N2O per unit,1e-05
31723,50% Laden,kg CO2e of N2O per unit,1e-05
31724,50% Laden,kg CO2e of N2O per unit,0.00015
31725,50% Laden,kg CO2e of N2O per unit,0.00015
31726,50% Laden,kg CO2e of N2O per unit,0.00015
31727,50% Laden,kg CO2e of N2O per unit,0.00015
31728,50% Laden,kg CO2e of N2O per unit,0.00022
31729,50% Laden,kg CO2e of N2O per unit,0.00022
317210,50% Laden,kg CO2e of N2O per unit,0.00022
317211,50% Laden,kg CO2e of N2O per unit,0.00022
317212,50% Laden,kg CO2e of N2O per unit,
317213,50% Laden,kg CO2e of N2O per unit,2e-05
317214,50% Laden,kg CO2e of N2O per unit,1e-05
317215,50% Laden,kg CO2e of N2O per unit,2e-05
317216,50% Laden,kg CO2e of N2O per unit,0.00016
317217,50% Laden,kg CO2e of N2O per unit,0.00016
317218,50% Laden,kg CO2e of N2O per unit,0.00016
317219,50% Laden,kg CO2e of N2O per unit,0.00016
317220,50% Laden,kg CO2e of N2O per unit,0.00026
317221,50% Laden,kg CO2e of N2O per unit,0.00026
317222,50% Laden,kg CO2e of N2O per unit,0.00026
317223,50% Laden,kg CO2e of N2O per unit,0.00026
31720,100% Laden,kg CO2e,
31721,100% Laden,kg CO2e,0.45916
31722,100% Laden,kg CO2e,0.24776
31723,100% Laden,kg CO2e,0.52761
31724,100% Laden,kg CO2e,0.46138
31725,100% Laden,kg CO2e,0.50103
31726,100% Laden,kg CO2e,0.54068
31727,100% Laden,kg CO2e,0.49548
31728,100% Laden,kg CO2e,0.74251
31729,100% Laden,kg CO2e,0.80632
317210,100% Laden,kg CO2e,0.87012
317211,100% Laden,kg CO2e,0.79738
317212,100% Laden,kg CO2e,
317213,100% Laden,kg CO2e,0.26427
317214,100% Laden,kg CO2e,0.14849
317215,100% Laden,kg CO2e,0.36362
317216,100% Laden,kg CO2e,0.55061
317217,100% Laden,kg CO2e,0.62832
317218,100% Laden,kg CO2e,0.70603
317219,100% Laden,kg CO2e,0.60501
317220,100% Laden,kg CO2e,0.88612
317221,100% Laden,kg CO2e,1.01119
317222,100% Laden,kg CO2e,1.13625
317223,100% Laden,kg CO2e,0.97367
31720,100% Laden,kg CO2e of CO2 per unit,
31721,100% Laden,kg CO2e of CO2 per unit,0.21116
31722,100% Laden,kg CO2e of CO2 per unit,0.12436
31723,100% Laden,kg CO2e of CO2 per unit,0.17146
31724,100% Laden,kg CO2e of CO2 per unit,0.774
31725,100% Laden,kg CO2e of CO2 per unit,0.94152
31726,100% Laden,kg CO2e of CO2 per unit,1.10905
31727,100% Laden,kg CO2e of CO2 per unit,0.99156
31728,100% Laden,kg CO2e of CO2 per unit,1.24562
31729,100% Laden,kg CO2e of CO2 per unit,1.51523
317210,100% Laden,kg CO2e of CO2 per unit,1.78484
317211,100% Laden,kg CO2e of CO2 per unit,1.59575
317212,100% Laden,kg CO2e of CO2 per unit,
317213,100% Laden,kg CO2e of CO2 per unit,0.2258
317214,100% Laden,kg CO2e of CO2 per unit,0.13155
317215,100% Laden,kg CO2e of CO2 per unit,0.19748
317216,100% Laden,kg CO2e of CO2 per unit,0.67912
317217,100% Laden,kg CO2e of CO2 per unit,0.80803
317218,100% Laden,kg CO2e of CO2 per unit,0.93695
317219,100% Laden,kg CO2e of CO2 per unit,0.83751
317220,100% Laden,kg CO2e of CO2 per unit,1.09292
317221,100% Laden,kg CO2e of CO2 per unit,1.3004
317222,100% Laden,kg CO2e of CO2 per unit,1.50787
317223,100% Laden,kg CO2e of CO2 per unit,1.34783
31720,100% Laden,kg CO2e of CH4 per unit,
31721,100% Laden,kg CO2e of CH4 per unit,0.12823
31722,100% Laden,kg CO2e of CH4 per unit,0.07674
31723,100% Laden,kg CO2e of CH4 per unit,0.12633
31724,100% Laden,kg CO2e of CH4 per unit,0.62775
31725,100% Laden,kg CO2e of CH4 per unit,0.78163
31726,100% Laden,kg CO2e of CH4 per unit,0.93552
31727,100% Laden,kg CO2e of CH4 per unit,0.78471
31728,100% Laden,kg CO2e of CH4 per unit,1.01024
31729,100% Laden,kg CO2e of CH4 per unit,1.25789
317210,100% Laden,kg CO2e of CH4 per unit,1.50555
317211,100% Laden,kg CO2e of CH4 per unit,1.26285
317212,100% Laden,kg CO2e of CH4 per unit,
317213,100% Laden,kg CO2e of CH4 per unit,0.09612
317214,100% Laden,kg CO2e of CH4 per unit,0.05988
317215,100% Laden,kg CO2e of CH4 per unit,0.07703
317216,100% Laden,kg CO2e of CH4 per unit,0.64734
317217,100% Laden,kg CO2e of CH4 per unit,0.85827
317218,100% Laden,kg CO2e of CH4 per unit,1.06921
317219,100% Laden,kg CO2e of CH4 per unit,0.93421
317220,100% Laden,kg CO2e of CH4 per unit,1.04178
317221,100% Laden,kg CO2e of CH4 per unit,1.38125
317222,100% Laden,kg CO2e of CH4 per unit,1.72072
317223,100% Laden,kg CO2e of CH4 per unit,1.50346
31720,100% Laden,kg CO2e of N2O per unit,
31721,100% Laden,kg CO2e of N2O per unit,0.09675
31722,100% Laden,kg CO2e of N2O per unit,0.06021
31723,100% Laden,kg CO2e of N2O per unit,0.078
31724,100% Laden,kg CO2e of N2O per unit,0.64659
31725,100% Laden,kg CO2e of N2O per unit,0.85536
31726,100% Laden,kg CO2e of N2O per unit,1.06414
31727,100% Laden,kg CO2e of N2O per unit,0.92854
31728,100% Laden,kg CO2e of N2O per unit,1.04057
31729,100% Laden,kg CO2e of N2O per unit,1.37656
317210,100% Laden,kg CO2e of N2O per unit,1.71255
317211,100% Laden,kg CO2e of N2O per unit,1.49432
317212,100% Laden,kg CO2e of N2O per unit,
317213,100% Laden,kg CO2e of N2O per unit,0.12226
317214,100% Laden,kg CO2e of N2O per unit,0.07431
317215,100% Laden,kg CO2e of N2O per unit,0.10163
317216,100% Laden,kg CO2e of N2O per unit,0.65975
317217,100% Laden,kg CO2e of N2O per unit,0.83589
317218,100% Laden,kg CO2e of N2O per unit,1.01203
317219,100% Laden,kg CO2e of N2O per unit,0.89121
317220,100% Laden,kg CO2e of N2O per unit,1.06176
317221,100% Laden,kg CO2e of N2O per unit,1.34523
317222,100% Laden,kg CO2e of N2O per unit,1.6287
317223,100% Laden,kg CO2e of N2O per unit,1.43425
31720,Average laden,kg CO2e,
31721,Average laden,kg CO2e,0.45411
31722,Average laden,kg CO2e,0.24522
31723,Average laden,kg CO2e,0.52212
31724,Average laden,kg CO2e,0.45595
31725,Average laden,kg CO2e,0.4956
31726,Average laden,kg CO2e,0.53525
31727,Average laden,kg CO2e,0.49005
31728,Average laden,kg CO2e,0.73378
31729,Average laden,kg CO2e,0.79759
317210,Average laden,kg CO2e,0.86139
317211,Average laden,kg CO2e,0.78865
317212,Average laden,kg CO2e,
317213,Average laden,kg CO2e,0.26166
317214,Average laden,kg CO2e,0.14719
317215,Average laden,kg CO2e,0.35979
317216,Average laden,kg CO2e,0.54399
317217,Average laden,kg CO2e,0.6217
317218,Average laden,kg CO2e,0.69941
317219,Average laden,kg CO2e,0.59839
317220,Average laden,kg CO2e,0.87546
317221,Average laden,kg CO2e,1.00053
317222,Average laden,kg CO2e,1.12559
317223,Average laden,kg CO2e,0.96301
31720,Average laden,kg CO2e of CO2 per unit,
31721,Average laden,kg CO2e of CO2 per unit,0.20879
31722,Average laden,kg CO2e of CO2 per unit,0.12318
31723,Average laden,kg CO2e of CO2 per unit,0.16941
31724,Average laden,kg CO2e of CO2 per unit,0.76318
31725,Average laden,kg CO2e of CO2 per unit,0.9307
31726,Average laden,kg CO2e of CO2 per unit,1.09823
31727,Average laden,kg CO2e of CO2 per unit,0.98074
31728,Average laden,kg CO2e of CO2 per unit,1.22821
31729,Average laden,kg CO2e of CO2 per unit,1.49782
317210,Average laden,kg CO2e of CO2 per unit,1.76743
317211,Average laden,kg CO2e of CO2 per unit,1.57834
317212,Average laden,kg CO2e of CO2 per unit,
317213,Average laden,kg CO2e of CO2 per unit,0.22325
317214,Average laden,kg CO2e of CO2 per unit,0.13028
317215,Average laden,kg CO2e of CO2 per unit,0.19514
317216,Average laden,kg CO2e of CO2 per unit,0.67005
317217,Average laden,kg CO2e of CO2 per unit,0.79896
317218,Average laden,kg CO2e of CO2 per unit,0.92788
317219,Average laden,kg CO2e of CO2 per unit,0.82844
317220,Average laden,kg CO2e of CO2 per unit,1.07833
317221,Average laden,kg CO2e of CO2 per unit,1.28581
317222,Average laden,kg CO2e of CO2 per unit,1.49328
317223,Average laden,kg CO2e of CO2 per unit,1.33324
31720,Average laden,kg CO2e of CH4 per unit,
31721,Average laden,kg CO2e of CH4 per unit,0.1263
31722,Average laden,kg CO2e of CH4 per unit,0.07578
31723,Average laden,kg CO2e of CH4 per unit,0.12432
31724,Average laden,kg CO2e of CH4 per unit,0.61554
31725,Average laden,kg CO2e of CH4 per unit,0.76942
31726,Average laden,kg CO2e of CH4 per unit,0.92331
31727,Average laden,kg CO2e of CH4 per unit,0.7725
31728,Average laden,kg CO2e of CH4 per unit,0.99061
31729,Average laden,kg CO2e of CH4 per unit,1.23826
317210,Average laden,kg CO2e of CH4 per unit,1.48592
317211,Average laden,kg CO2e of CH4 per unit,1.24322
317212,Average laden,kg CO2e of CH4 per unit,
317213,Average laden,kg CO2e of CH4 per unit,0.09453
317214,Average laden,kg CO2e of CH4 per unit,0.05908
317215,Average laden,kg CO2e of CH4 per unit,0.07576
317216,Average laden,kg CO2e of CH4 per unit,0.63282
317217,Average laden,kg CO2e of CH4 per unit,0.84375
317218,Average laden,kg CO2e of CH4 per unit,1.05469
317219,Average laden,kg CO2e of CH4 per unit,0.91969
317220,Average laden,kg CO2e of CH4 per unit,1.01842
317221,Average laden,kg CO2e of CH4 per unit,1.35789
317222,Average laden,kg CO2e of CH4 per unit,1.69736
317223,Average laden,kg CO2e of CH4 per unit,1.4801
31720,Average laden,kg CO2e of N2O per unit,
31721,Average laden,kg CO2e of N2O per unit,0.09515
31722,Average laden,kg CO2e of N2O per unit,0.05941
31723,Average laden,kg CO2e of N2O per unit,0.07672
31724,Average laden,kg CO2e of N2O per unit,0.63216
31725,Average laden,kg CO2e of N2O per unit,0.84093
31726,Average laden,kg CO2e of N2O per unit,1.04971
31727,Average laden,kg CO2e of N2O per unit,0.91411
31728,Average laden,kg CO2e of N2O per unit,1.01736
31729,Average laden,kg CO2e of N2O per unit,1.35335
317210,Average laden,kg CO2e of N2O per unit,1.68934
317211,Average laden,kg CO2e of N2O per unit,1.47111
317212,Average laden,kg CO2e of N2O per unit,
317213,Average laden,kg CO2e of N2O per unit,0.12046
317214,Average laden,kg CO2e of N2O per unit,0.07341
317215,Average laden,kg CO2e of N2O per unit,0.10012
317216,Average laden,kg CO2e of N2O per unit,0.64764
317217,Average laden,kg CO2e of N2O per unit,0.82378
317218,Average laden,kg CO2e of N2O per unit,0.99992
317219,Average laden,kg CO2e of N2O per unit,0.8791
317220,Average laden,kg CO2e of N2O per unit,1.04228
317221,Average laden,kg CO2e of N2O per unit,1.32575
317222,Average laden,kg CO2e of N2O per unit,1.60922
317223,Average laden,kg CO2e of N2O per unit,1.41477
31730,0% Laden,kg CO2e,
31731,0% Laden,kg CO2e,0.00495
31732,0% Laden,kg CO2e,0.00248
31733,0% Laden,kg CO2e,0.00538
31734,0% Laden,kg CO2e,0.00532
31735,0% Laden,kg CO2e,0.00532
31736,0% Laden,kg CO2e,0.00532
31737,0% Laden,kg CO2e,0.00532
31738,0% Laden,kg CO2e,0.00855
31739,0% Laden,kg CO2e,0.00855
317310,0% Laden,kg CO2e,0.00855
317311,0% Laden,kg CO2e,0.00855
317312,0% Laden,kg CO2e,
317313,0% Laden,kg CO2e,0.00255
317314,0% Laden,kg CO2e,0.00128
317315,0% Laden,kg CO2e,0.00375
317316,0% Laden,kg CO2e,0.00648
317317,0% Laden,kg CO2e,0.00648
317318,0% Laden,kg CO2e,0.00648
317319,0% Laden,kg CO2e,0.00648
317320,0% Laden,kg CO2e,0.01043
317321,0% Laden,kg CO2e,0.01043
317322,0% Laden,kg CO2e,0.01043
317323,0% Laden,kg CO2e,0.01043
31730,0% Laden,kg CO2e of CO2 per unit,
31731,0% Laden,kg CO2e of CO2 per unit,0.00232
31732,0% Laden,kg CO2e of CO2 per unit,0.00116
31733,0% Laden,kg CO2e of CO2 per unit,0.00201
31734,0% Laden,kg CO2e of CO2 per unit,0.01059
31735,0% Laden,kg CO2e of CO2 per unit,0.01059
31736,0% Laden,kg CO2e of CO2 per unit,0.01059
31737,0% Laden,kg CO2e of CO2 per unit,0.01059
31738,0% Laden,kg CO2e of CO2 per unit,0.01704
31739,0% Laden,kg CO2e of CO2 per unit,0.01704
317310,0% Laden,kg CO2e of CO2 per unit,0.01704
317311,0% Laden,kg CO2e of CO2 per unit,0.01704
317312,0% Laden,kg CO2e of CO2 per unit,
317313,0% Laden,kg CO2e of CO2 per unit,0.00249
317314,0% Laden,kg CO2e of CO2 per unit,0.00124
317315,0% Laden,kg CO2e of CO2 per unit,0.00229
317316,0% Laden,kg CO2e of CO2 per unit,0.00888
317317,0% Laden,kg CO2e of CO2 per unit,0.00888
317318,0% Laden,kg CO2e of CO2 per unit,0.00888
317319,0% Laden,kg CO2e of CO2 per unit,0.00888
317320,0% Laden,kg CO2e of CO2 per unit,0.01429
317321,0% Laden,kg CO2e of CO2 per unit,0.01429
317322,0% Laden,kg CO2e of CO2 per unit,0.01429
317323,0% Laden,kg CO2e of CO2 per unit,0.01429
31730,0% Laden,kg CO2e of CH4 per unit,
31731,0% Laden,kg CO2e of CH4 per unit,0.0019
31732,0% Laden,kg CO2e of CH4 per unit,0.00095
31733,0% Laden,kg CO2e of CH4 per unit,0.00198
31734,0% Laden,kg CO2e of CH4 per unit,0.01209
31735,0% Laden,kg CO2e of CH4 per unit,0.01209
31736,0% Laden,kg CO2e of CH4 per unit,0.01209
31737,0% Laden,kg CO2e of CH4 per unit,0.01209
31738,0% Laden,kg CO2e of CH4 per unit,0.01944
31739,0% Laden,kg CO2e of CH4 per unit,0.01944
317310,0% Laden,kg CO2e of CH4 per unit,0.01944
317311,0% Laden,kg CO2e of CH4 per unit,0.01944
317312,0% Laden,kg CO2e of CH4 per unit,
317313,0% Laden,kg CO2e of CH4 per unit,0.00158
317314,0% Laden,kg CO2e of CH4 per unit,0.00079
317315,0% Laden,kg CO2e of CH4 per unit,0.00125
317316,0% Laden,kg CO2e of CH4 per unit,0.01438
317317,0% Laden,kg CO2e of CH4 per unit,0.01438
317318,0% Laden,kg CO2e of CH4 per unit,0.01438
317319,0% Laden,kg CO2e of CH4 per unit,0.01438
317320,0% Laden,kg CO2e of CH4 per unit,0.02314
317321,0% Laden,kg CO2e of CH4 per unit,0.02314
317322,0% Laden,kg CO2e of CH4 per unit,0.02314
317323,0% Laden,kg CO2e of CH4 per unit,0.02314
31730,0% Laden,kg CO2e of N2O per unit,
31731,0% Laden,kg CO2e of N2O per unit,0.00159
31732,0% Laden,kg CO2e of N2O per unit,0.00079
31733,0% Laden,kg CO2e of N2O per unit,0.00127
31734,0% Laden,kg CO2e of N2O per unit,0.01428
31735,0% Laden,kg CO2e of N2O per unit,0.01428
31736,0% Laden,kg CO2e of N2O per unit,0.01428
31737,0% Laden,kg CO2e of N2O per unit,0.01428
31738,0% Laden,kg CO2e of N2O per unit,0.02299
31739,0% Laden,kg CO2e of N2O per unit,0.02299
317310,0% Laden,kg CO2e of N2O per unit,0.02299
317311,0% Laden,kg CO2e of N2O per unit,0.02299
317312,0% Laden,kg CO2e of N2O per unit,
317313,0% Laden,kg CO2e of N2O per unit,0.00178
317314,0% Laden,kg CO2e of N2O per unit,0.00089
317315,0% Laden,kg CO2e of N2O per unit,0.00149
317316,0% Laden,kg CO2e of N2O per unit,0.01195
317317,0% Laden,kg CO2e of N2O per unit,0.01195
317318,0% Laden,kg CO2e of N2O per unit,0.01195
317319,0% Laden,kg CO2e of N2O per unit,0.01195
317320,0% Laden,kg CO2e of N2O per unit,0.01923
317321,0% Laden,kg CO2e of N2O per unit,0.01923
317322,0% Laden,kg CO2e of N2O per unit,0.01923
317323,0% Laden,kg CO2e of N2O per unit,0.01923
31730,50% Laden,kg CO2e,
31731,50% Laden,kg CO2e,0.0001
31732,50% Laden,kg CO2e,6e-05
31733,50% Laden,kg CO2e,0.00011
31734,50% Laden,kg CO2e,0.00011
31735,50% Laden,kg CO2e,0.00011
31736,50% Laden,kg CO2e,0.00011
31737,50% Laden,kg CO2e,0.00011
31738,50% Laden,kg CO2e,0.00018
31739,50% Laden,kg CO2e,0.00018
317310,50% Laden,kg CO2e,0.00018
317311,50% Laden,kg CO2e,0.00018
317312,50% Laden,kg CO2e,
317313,50% Laden,kg CO2e,6e-05
317314,50% Laden,kg CO2e,2e-05
317315,50% Laden,kg CO2e,8e-05
317316,50% Laden,kg CO2e,0.00013
317317,50% Laden,kg CO2e,0.00013
317318,50% Laden,kg CO2e,0.00013
317319,50% Laden,kg CO2e,0.00013
317320,50% Laden,kg CO2e,0.00022
317321,50% Laden,kg CO2e,0.00022
317322,50% Laden,kg CO2e,0.00022
317323,50% Laden,kg CO2e,0.00022
31730,50% Laden,kg CO2e of CO2 per unit,
31731,50% Laden,kg CO2e of CO2 per unit,4e-05
31732,50% Laden,kg CO2e of CO2 per unit,2e-05
31733,50% Laden,kg CO2e of CO2 per unit,4e-05
31734,50% Laden,kg CO2e of CO2 per unit,0.00022
31735,50% Laden,kg CO2e of CO2 per unit,0.00022
31736,50% Laden,kg CO2e of CO2 per unit,0.00022
31737,50% Laden,kg CO2e of CO2 per unit,0.00022
31738,50% Laden,kg CO2e of CO2 per unit,0.00037
31739,50% Laden,kg CO2e of CO2 per unit,0.00037
317310,50% Laden,kg CO2e of CO2 per unit,0.00037
317311,50% Laden,kg CO2e of CO2 per unit,0.00037
317312,50% Laden,kg CO2e of CO2 per unit,
317313,50% Laden,kg CO2e of CO2 per unit,6e-05
317314,50% Laden,kg CO2e of CO2 per unit,2e-05
317315,50% Laden,kg CO2e of CO2 per unit,4e-05
317316,50% Laden,kg CO2e of CO2 per unit,0.00019
317317,50% Laden,kg CO2e of CO2 per unit,0.00019
317318,50% Laden,kg CO2e of CO2 per unit,0.00019
317319,50% Laden,kg CO2e of CO2 per unit,0.00019
317320,50% Laden,kg CO2e of CO2 per unit,0.0003
317321,50% Laden,kg CO2e of CO2 per unit,0.0003
317322,50% Laden,kg CO2e of CO2 per unit,0.0003
317323,50% Laden,kg CO2e of CO2 per unit,0.0003
31730,50% Laden,kg CO2e of CH4 per unit,
31731,50% Laden,kg CO2e of CH4 per unit,2e-05
31732,50% Laden,kg CO2e of CH4 per unit,1e-05
31733,50% Laden,kg CO2e of CH4 per unit,2e-05
31734,50% Laden,kg CO2e of CH4 per unit,0.00012
31735,50% Laden,kg CO2e of CH4 per unit,0.00012
31736,50% Laden,kg CO2e of CH4 per unit,0.00012
31737,50% Laden,kg CO2e of CH4 per unit,0.00012
31738,50% Laden,kg CO2e of CH4 per unit,0.00019
31739,50% Laden,kg CO2e of CH4 per unit,0.00019
317310,50% Laden,kg CO2e of CH4 per unit,0.00019
317311,50% Laden,kg CO2e of CH4 per unit,0.00019
317312,50% Laden,kg CO2e of CH4 per unit,
317313,50% Laden,kg CO2e of CH4 per unit,1e-05
317314,50% Laden,kg CO2e of CH4 per unit,1e-05
317315,50% Laden,kg CO2e of CH4 per unit,1e-05
317316,50% Laden,kg CO2e of CH4 per unit,0.00015
317317,50% Laden,kg CO2e of CH4 per unit,0.00015
317318,50% Laden,kg CO2e of CH4 per unit,0.00015
317319,50% Laden,kg CO2e of CH4 per unit,0.00015
317320,50% Laden,kg CO2e of CH4 per unit,0.00022
317321,50% Laden,kg CO2e of CH4 per unit,0.00022
317322,50% Laden,kg CO2e of CH4 per unit,0.00022
317323,50% Laden,kg CO2e of CH4 per unit,0.00022
31730,50% Laden,kg CO2e of N2O per unit,
31731,50% Laden,kg CO2e of N2O per unit,1e-05
31732,50% Laden,kg CO2e of N2O per unit,1e-05
31733,50% Laden,kg CO2e of N2O per unit,1e-05
31734,50% Laden,kg CO2e of N2O per unit,0.00015
31735,50% Laden,kg CO2e of N2O per unit,0.00015
31736,50% Laden,kg CO2e of N2O per unit,0.00015
31737,50% Laden,kg CO2e of N2O per unit,0.00015
31738,50% Laden,kg CO2e of N2O per unit,0.00022
31739,50% Laden,kg CO2e of N2O per unit,0.00022
317310,50% Laden,kg CO2e of N2O per unit,0.00022
317311,50% Laden,kg CO2e of N2O per unit,0.00022
317312,50% Laden,kg CO2e of N2O per unit,
317313,50% Laden,kg CO2e of N2O per unit,2e-05
317314,50% Laden,kg CO2e of N2O per unit,1e-05
317315,50% Laden,kg CO2e of N2O per unit,2e-05
317316,50% Laden,kg CO2e of N2O per unit,0.00016
317317,50% Laden,kg CO2e of N2O per unit,0.00016
317318,50% Laden,kg CO2e of N2O per unit,0.00016
317319,50% Laden,kg CO2e of N2O per unit,0.00016
317320,50% Laden,kg CO2e of N2O per unit,0.00026
317321,50% Laden,kg CO2e of N2O per unit,0.00026
317322,50% Laden,kg CO2e of N2O per unit,0.00026
317323,50% Laden,kg CO2e of N2O per unit,0.00026
31730,100% Laden,kg CO2e,
31731,100% Laden,kg CO2e,0.5468
31732,100% Laden,kg CO2e,0.29508
31733,100% Laden,kg CO2e,0.62837
31734,100% Laden,kg CO2e,0.54937
31735,100% Laden,kg CO2e,0.59667
31736,100% Laden,kg CO2e,0.64397
31737,100% Laden,kg CO2e,0.59005
31738,100% Laden,kg CO2e,0.88412
31739,100% Laden,kg CO2e,0.96024
317310,100% Laden,kg CO2e,1.03637
317311,100% Laden,kg CO2e,0.94959
317312,100% Laden,kg CO2e,
317313,100% Laden,kg CO2e,0.31477
317314,100% Laden,kg CO2e,0.17689
317315,100% Laden,kg CO2e,0.43306
317316,100% Laden,kg CO2e,0.65559
317317,100% Laden,kg CO2e,0.7483
317318,100% Laden,kg CO2e,0.84101
317319,100% Laden,kg CO2e,0.72049
317320,100% Laden,kg CO2e,1.05508
317321,100% Laden,kg CO2e,1.20428
317322,100% Laden,kg CO2e,1.35348
317323,100% Laden,kg CO2e,1.15952
31730,100% Laden,kg CO2e of CO2 per unit,
31731,100% Laden,kg CO2e of CO2 per unit,0.25145
31732,100% Laden,kg CO2e of CO2 per unit,0.14814
31733,100% Laden,kg CO2e of CO2 per unit,0.20416
31734,100% Laden,kg CO2e of CO2 per unit,0.92128
31735,100% Laden,kg CO2e of CO2 per unit,1.12114
31736,100% Laden,kg CO2e of CO2 per unit,1.321
31737,100% Laden,kg CO2e of CO2 per unit,1.18083
31738,100% Laden,kg CO2e of CO2 per unit,1.48266
31739,100% Laden,kg CO2e of CO2 per unit,1.8043
317310,100% Laden,kg CO2e of CO2 per unit,2.12594
317311,100% Laden,kg CO2e of CO2 per unit,1.90036
317312,100% Laden,kg CO2e of CO2 per unit,
317313,100% Laden,kg CO2e of CO2 per unit,0.26888
317314,100% Laden,kg CO2e of CO2 per unit,0.15669
317315,100% Laden,kg CO2e of CO2 per unit,0.23514
317316,100% Laden,kg CO2e of CO2 per unit,0.80843
317317,100% Laden,kg CO2e of CO2 per unit,0.96223
317318,100% Laden,kg CO2e of CO2 per unit,1.11603
317319,100% Laden,kg CO2e of CO2 per unit,0.99739
317320,100% Laden,kg CO2e of CO2 per unit,1.30103
317321,100% Laden,kg CO2e of CO2 per unit,1.54855
317322,100% Laden,kg CO2e of CO2 per unit,1.79606
317323,100% Laden,kg CO2e of CO2 per unit,1.60513
31730,100% Laden,kg CO2e of CH4 per unit,
31731,100% Laden,kg CO2e of CH4 per unit,0.14833
31732,100% Laden,kg CO2e of CH4 per unit,0.0888
31733,100% Laden,kg CO2e of CH4 per unit,0.14611
31734,100% Laden,kg CO2e of CH4 per unit,0.72566
31735,100% Laden,kg CO2e of CH4 per unit,0.90403
31736,100% Laden,kg CO2e of CH4 per unit,1.08239
31737,100% Laden,kg CO2e of CH4 per unit,0.90759
31738,100% Laden,kg CO2e of CH4 per unit,1.16782
31739,100% Laden,kg CO2e of CH4 per unit,1.45487
317310,100% Laden,kg CO2e of CH4 per unit,1.74192
317311,100% Laden,kg CO2e of CH4 per unit,1.46061
317312,100% Laden,kg CO2e of CH4 per unit,
317313,100% Laden,kg CO2e of CH4 per unit,0.11115
317314,100% Laden,kg CO2e of CH4 per unit,0.06928
317315,100% Laden,kg CO2e of CH4 per unit,0.08908
317316,100% Laden,kg CO2e of CH4 per unit,0.748
317317,100% Laden,kg CO2e of CH4 per unit,0.99249
317318,100% Laden,kg CO2e of CH4 per unit,1.23699
317319,100% Laden,kg CO2e of CH4 per unit,1.08051
317320,100% Laden,kg CO2e of CH4 per unit,1.20378
317321,100% Laden,kg CO2e of CH4 per unit,1.59725
317322,100% Laden,kg CO2e of CH4 per unit,1.99073
317323,100% Laden,kg CO2e of CH4 per unit,1.7389
31730,100% Laden,kg CO2e of N2O per unit,
31731,100% Laden,kg CO2e of N2O per unit,0.11189
31732,100% Laden,kg CO2e of N2O per unit,0.06966
31733,100% Laden,kg CO2e of N2O per unit,0.0902
31734,100% Laden,kg CO2e of N2O per unit,0.74715
31735,100% Laden,kg CO2e of N2O per unit,0.98913
31736,100% Laden,kg CO2e of N2O per unit,1.23112
31737,100% Laden,kg CO2e of N2O per unit,1.07395
31738,100% Laden,kg CO2e of N2O per unit,1.20241
31739,100% Laden,kg CO2e of N2O per unit,1.59184
317310,100% Laden,kg CO2e of N2O per unit,1.98128
317311,100% Laden,kg CO2e of N2O per unit,1.72834
317312,100% Laden,kg CO2e of N2O per unit,
317313,100% Laden,kg CO2e of N2O per unit,0.14309
317314,100% Laden,kg CO2e of N2O per unit,0.08701
317315,100% Laden,kg CO2e of N2O per unit,0.11894
317316,100% Laden,kg CO2e of N2O per unit,0.77175
317317,100% Laden,kg CO2e of N2O per unit,0.97835
317318,100% Laden,kg CO2e of N2O per unit,1.18495
317319,100% Laden,kg CO2e of N2O per unit,1.04323
317320,100% Laden,kg CO2e of N2O per unit,1.242
317321,100% Laden,kg CO2e of N2O per unit,1.5745
317322,100% Laden,kg CO2e of N2O per unit,1.90699
317323,100% Laden,kg CO2e of N2O per unit,1.67891
31730,Average laden,kg CO2e,
31731,Average laden,kg CO2e,0.54175
31732,Average laden,kg CO2e,0.29254
31733,Average laden,kg CO2e,0.62288
31734,Average laden,kg CO2e,0.54394
31735,Average laden,kg CO2e,0.59124
31736,Average laden,kg CO2e,0.63854
31737,Average laden,kg CO2e,0.58462
31738,Average laden,kg CO2e,0.87539
31739,Average laden,kg CO2e,0.95151
317310,Average laden,kg CO2e,1.02764
317311,Average laden,kg CO2e,0.94086
317312,Average laden,kg CO2e,
317313,Average laden,kg CO2e,0.31216
317314,Average laden,kg CO2e,0.17559
317315,Average laden,kg CO2e,0.42923
317316,Average laden,kg CO2e,0.64897
317317,Average laden,kg CO2e,0.74168
317318,Average laden,kg CO2e,0.83439
317319,Average laden,kg CO2e,0.71387
317320,Average laden,kg CO2e,1.04442
317321,Average laden,kg CO2e,1.19362
317322,Average laden,kg CO2e,1.34282
317323,Average laden,kg CO2e,1.14886
31730,Average laden,kg CO2e of CO2 per unit,
31731,Average laden,kg CO2e of CO2 per unit,0.24908
31732,Average laden,kg CO2e of CO2 per unit,0.14696
31733,Average laden,kg CO2e of CO2 per unit,0.20211
31734,Average laden,kg CO2e of CO2 per unit,0.91046
31735,Average laden,kg CO2e of CO2 per unit,1.11032
31736,Average laden,kg CO2e of CO2 per unit,1.31018
31737,Average laden,kg CO2e of CO2 per unit,1.17001
31738,Average laden,kg CO2e of CO2 per unit,1.46525
31739,Average laden,kg CO2e of CO2 per unit,1.78689
317310,Average laden,kg CO2e of CO2 per unit,2.10853
317311,Average laden,kg CO2e of CO2 per unit,1.88295
317312,Average laden,kg CO2e of CO2 per unit,
317313,Average laden,kg CO2e of CO2 per unit,0.26633
317314,Average laden,kg CO2e of CO2 per unit,0.15542
317315,Average laden,kg CO2e of CO2 per unit,0.2328
317316,Average laden,kg CO2e of CO2 per unit,0.79936
317317,Average laden,kg CO2e of CO2 per unit,0.95316
317318,Average laden,kg CO2e of CO2 per unit,1.10696
317319,Average laden,kg CO2e of CO2 per unit,0.98832
317320,Average laden,kg CO2e of CO2 per unit,1.28644
317321,Average laden,kg CO2e of CO2 per unit,1.53396
317322,Average laden,kg CO2e of CO2 per unit,1.78147
317323,Average laden,kg CO2e of CO2 per unit,1.59054
31730,Average laden,kg CO2e of CH4 per unit,
31731,Average laden,kg CO2e of CH4 per unit,0.1464
31732,Average laden,kg CO2e of CH4 per unit,0.08784
31733,Average laden,kg CO2e of CH4 per unit,0.1441
31734,Average laden,kg CO2e of CH4 per unit,0.71345
31735,Average laden,kg CO2e of CH4 per unit,0.89182
31736,Average laden,kg CO2e of CH4 per unit,1.07018
31737,Average laden,kg CO2e of CH4 per unit,0.89538
31738,Average laden,kg CO2e of CH4 per unit,1.14819
31739,Average laden,kg CO2e of CH4 per unit,1.43524
317310,Average laden,kg CO2e of CH4 per unit,1.72229
317311,Average laden,kg CO2e of CH4 per unit,1.44098
317312,Average laden,kg CO2e of CH4 per unit,
317313,Average laden,kg CO2e of CH4 per unit,0.10956
317314,Average laden,kg CO2e of CH4 per unit,0.06848
317315,Average laden,kg CO2e of CH4 per unit,0.08781
317316,Average laden,kg CO2e of CH4 per unit,0.73348
317317,Average laden,kg CO2e of CH4 per unit,0.97797
317318,Average laden,kg CO2e of CH4 per unit,1.22247
317319,Average laden,kg CO2e of CH4 per unit,1.06599
317320,Average laden,kg CO2e of CH4 per unit,1.18042
317321,Average laden,kg CO2e of CH4 per unit,1.57389
317322,Average laden,kg CO2e of CH4 per unit,1.96737
317323,Average laden,kg CO2e of CH4 per unit,1.71554
31730,Average laden,kg CO2e of N2O per unit,
31731,Average laden,kg CO2e of N2O per unit,0.11029
31732,Average laden,kg CO2e of N2O per unit,0.06886
31733,Average laden,kg CO2e of N2O per unit,0.08892
31734,Average laden,kg CO2e of N2O per unit,0.73272
31735,Average laden,kg CO2e of N2O per unit,0.9747
31736,Average laden,kg CO2e of N2O per unit,1.21669
31737,Average laden,kg CO2e of N2O per unit,1.05952
31738,Average laden,kg CO2e of N2O per unit,1.1792
31739,Average laden,kg CO2e of N2O per unit,1.56863
317310,Average laden,kg CO2e of N2O per unit,1.95807
317311,Average laden,kg CO2e of N2O per unit,1.70513
317312,Average laden,kg CO2e of N2O per unit,
317313,Average laden,kg CO2e of N2O per unit,0.14129
317314,Average laden,kg CO2e of N2O per unit,0.08611
317315,Average laden,kg CO2e of N2O per unit,0.11743
317316,Average laden,kg CO2e of N2O per unit,0.75964
317317,Average laden,kg CO2e of N2O per unit,0.96624
317318,Average laden,kg CO2e of N2O per unit,1.17284
317319,Average laden,kg CO2e of N2O per unit,1.03112
317320,Average laden,kg CO2e of N2O per unit,1.22252
317321,Average laden,kg CO2e of N2O per unit,1.55502
317322,Average laden,kg CO2e of N2O per unit,1.88751
317323,Average laden,kg CO2e of N2O per unit,1.65943
31740,With RF,kg CO2e,0.02301
31741,With RF,kg CO2e,0.02301
31742,With RF,kg CO2e,0.00822
31743,With RF,kg CO2e,0.00822
31740,With RF,kg CO2e of CO2 per unit,0.00542
31741,With RF,kg CO2e of CO2 per unit,0.00542
31742,With RF,kg CO2e of CO2 per unit,0.00542
31743,With RF,kg CO2e of CO2 per unit,0.00542
31740,With RF,kg CO2e of CH4 per unit,0.00393
31741,With RF,kg CO2e of CH4 per unit,0.00393
31742,With RF,kg CO2e of CH4 per unit,8e-05
31743,With RF,kg CO2e of CH4 per unit,8e-05
31740,With RF,kg CO2e of N2O per unit,6e-05
31741,With RF,kg CO2e of N2O per unit,6e-05
31742,With RF,kg CO2e of N2O per unit,6e-05
31743,With RF,kg CO2e of N2O per unit,6e-05
31740,Without RF,kg CO2e,4.60397
31741,Without RF,kg CO2e,2.71931
31742,Without RF,kg CO2e,1.27835
31743,Without RF,kg CO2e,0.75539
31740,Without RF,kg CO2e of CO2 per unit,0.89939
31741,Without RF,kg CO2e of CO2 per unit,0.5313
31742,Without RF,kg CO2e of CO2 per unit,0.89939
31743,Without RF,kg CO2e of CO2 per unit,0.5313
31740,Without RF,kg CO2e of CH4 per unit,4.57703
31741,Without RF,kg CO2e of CH4 per unit,2.69237
31742,Without RF,kg CO2e of CH4 per unit,1.27005
31743,Without RF,kg CO2e of CH4 per unit,0.74709
31740,Without RF,kg CO2e of N2O per unit,0.89392
31741,Without RF,kg CO2e of N2O per unit,0.52583
31742,Without RF,kg CO2e of N2O per unit,0.89392
31743,Without RF,kg CO2e of N2O per unit,0.52583
31750,,kg CO2e,0.00028
31750,,kg CO2e of CO2 per unit,2e-05
31750,,kg CO2e of CH4 per unit,0.02779
31750,,kg CO2e of N2O per unit,0.02749
31760,,kg CO2e,3e-05
31761,,kg CO2e,5e-05
31762,,kg CO2e,7e-05
31763,,kg CO2e,9e-05
31764,,kg CO2e,0.00011
31765,,kg CO2e,0.0004
31766,,kg CO2e,5e-05
31767,,kg CO2e,7e-05
31768,,kg CO2e,0.00012
31769,,kg CO2e,0.00023
317610,,kg CO2e,0.00035
317611,,kg CO2e,0.00055
317612,,kg CO2e,0.00011
317613,,kg CO2e,0.0001
317614,,kg CO2e,0.00013
317615,,kg CO2e,0.00018
317616,,kg CO2e,0.00027
317617,,kg CO2e,0.00012
317618,,kg CO2e,0.00011
317619,,kg CO2e,0.00018
317620,,kg CO2e,0.00014
317621,,kg CO2e,0.00011
317622,,kg CO2e,0.00053
317623,,kg CO2e,0.00012
31760,,kg CO2e of CO2 per unit,1.12e-06
31761,,kg CO2e of CO2 per unit,1.12e-06
31762,,kg CO2e of CO2 per unit,2.24e-06
31763,,kg CO2e of CO2 per unit,2.24e-06
31764,,kg CO2e of CO2 per unit,3.3600000000000004e-06
31765,,kg CO2e of CO2 per unit,1e-05
31766,,kg CO2e of CO2 per unit,1.12e-06
31767,,kg CO2e of CO2 per unit,2.24e-06
31768,,kg CO2e of CO2 per unit,3.3600000000000004e-06
31769,,kg CO2e of CO2 per unit,1e-05
317610,,kg CO2e of CO2 per unit,1e-05
317611,,kg CO2e of CO2 per unit,1e-05
317612,,kg CO2e of CO2 per unit,3.3600000000000004e-06
317613,,kg CO2e of CO2 per unit,3.3600000000000004e-06
317614,,kg CO2e of CO2 per unit,3.3600000000000004e-06
317615,,kg CO2e of CO2 per unit,1e-05
317616,,kg CO2e of CO2 per unit,1e-05
317617,,kg CO2e of CO2 per unit,3.3600000000000004e-06
317618,,kg CO2e of CO2 per unit,3.3600000000000004e-06
317619,,kg CO2e of CO2 per unit,4.48e-06
317620,,kg CO2e of CO2 per unit,3.3600000000000004e-06
317621,,kg CO2e of CO2 per unit,3.3600000000000004e-06
317622,,kg CO2e of CO2 per unit,1e-05
317623,,kg CO2e of CO2 per unit,3.3600000000000004e-06
31760,,kg CO2e of CH4 per unit,0.00294
31761,,kg CO2e of CH4 per unit,0.00445
31762,,kg CO2e of CH4 per unit,0.00597
31763,,kg CO2e of CH4 per unit,0.00759
31764,,kg CO2e of CH4 per unit,0.00921
31765,,kg CO2e of CH4 per unit,0.03371
31766,,kg CO2e of CH4 per unit,0.00457
31767,,kg CO2e of CH4 per unit,0.00577
31768,,kg CO2e of CH4 per unit,0.01043
31769,,kg CO2e of CH4 per unit,0.01893
317610,,kg CO2e of CH4 per unit,0.02956
317611,,kg CO2e of CH4 per unit,0.04556
317612,,kg CO2e of CH4 per unit,0.00902
317613,,kg CO2e of CH4 per unit,0.0085
317614,,kg CO2e of CH4 per unit,0.01093
317615,,kg CO2e of CH4 per unit,0.01529
317616,,kg CO2e of CH4 per unit,0.02248
317617,,kg CO2e of CH4 per unit,0.01031
317618,,kg CO2e of CH4 per unit,0.00942
317619,,kg CO2e of CH4 per unit,0.01468
317620,,kg CO2e of CH4 per unit,0.01153
317621,,kg CO2e of CH4 per unit,0.00911
317622,,kg CO2e of CH4 per unit,0.04404
317623,,kg CO2e of CH4 per unit,0.01037
31760,,kg CO2e of N2O per unit,0.0029
31761,,kg CO2e of N2O per unit,0.0044
31762,,kg CO2e of N2O per unit,0.0059
31763,,kg CO2e of N2O per unit,0.0075
31764,,kg CO2e of N2O per unit,0.0091
31765,,kg CO2e of N2O per unit,0.0333
31766,,kg CO2e of N2O per unit,0.00451
31767,,kg CO2e of N2O per unit,0.0057
31768,,kg CO2e of N2O per unit,0.0103
31769,,kg CO2e of N2O per unit,0.0187
317610,,kg CO2e of N2O per unit,0.0292
317611,,kg CO2e of N2O per unit,0.045
317612,,kg CO2e of N2O per unit,0.00891
317613,,kg CO2e of N2O per unit,0.0084
317614,,kg CO2e of N2O per unit,0.0108
317615,,kg CO2e of N2O per unit,0.0151
317616,,kg CO2e of N2O per unit,0.0222
317617,,kg CO2e of N2O per unit,0.01018
317618,,kg CO2e of N2O per unit,0.0093
317619,,kg CO2e of N2O per unit,0.0145
317620,,kg CO2e of N2O per unit,0.01139
317621,,kg CO2e of N2O per unit,0.009
317622,,kg CO2e of N2O per unit,0.0435
317623,,kg CO2e of N2O per unit,0.01024
31770,,kg CO2e,3e-05
31771,,kg CO2e,4e-05
31772,,kg CO2e,5e-05
31773,,kg CO2e,7e-05
31774,,kg CO2e,0.0001
31775,,kg CO2e,0.00035
31776,,kg CO2e,4e-05
31777,,kg CO2e,0.00014
31778,,kg CO2e,0.00019
31779,,kg CO2e,0.00017
317710,,kg CO2e,0.00013
317711,,kg CO2e,0.00021
317712,,kg CO2e,0.00024
317713,,kg CO2e,0.00016
317714,,kg CO2e,0.00015
317715,,kg CO2e,0.0002
317716,,kg CO2e,0.0002
317717,,kg CO2e,0.00024
317718,,kg CO2e,0.00039
317719,,kg CO2e,0.00044
317720,,kg CO2e,0.00019
317721,,kg CO2e,0.00039
317722,,kg CO2e,0.0007
317723,,kg CO2e,0.00046
317724,,kg CO2e,0.0006
317725,,kg CO2e,0.00073
317726,,kg CO2e,0.00062
317727,,kg CO2e,0.0045
317728,,kg CO2e,0.00016
31770,,kg CO2e of CO2 per unit,1.12e-06
31771,,kg CO2e of CO2 per unit,1.12e-06
31772,,kg CO2e of CO2 per unit,1.12e-06
31773,,kg CO2e of CO2 per unit,2.24e-06
31774,,kg CO2e of CO2 per unit,2.24e-06
31775,,kg CO2e of CO2 per unit,1e-05
31776,,kg CO2e of CO2 per unit,1.12e-06
31777,,kg CO2e of CO2 per unit,4.48e-06
31778,,kg CO2e of CO2 per unit,1e-05
31779,,kg CO2e of CO2 per unit,4.48e-06
317710,,kg CO2e of CO2 per unit,3.3600000000000004e-06
317711,,kg CO2e of CO2 per unit,1e-05
317712,,kg CO2e of CO2 per unit,1e-05
317713,,kg CO2e of CO2 per unit,4.48e-06
317714,,kg CO2e of CO2 per unit,4.48e-06
317715,,kg CO2e of CO2 per unit,1e-05
317716,,kg CO2e of CO2 per unit,1e-05
317717,,kg CO2e of CO2 per unit,1e-05
317718,,kg CO2e of CO2 per unit,1e-05
317719,,kg CO2e of CO2 per unit,1e-05
317720,,kg CO2e of CO2 per unit,1e-05
317721,,kg CO2e of CO2 per unit,1e-05
317722,,kg CO2e of CO2 per unit,2e-05
317723,,kg CO2e of CO2 per unit,1e-05
317724,,kg CO2e of CO2 per unit,2e-05
317725,,kg CO2e of CO2 per unit,2e-05
317726,,kg CO2e of CO2 per unit,2e-05
317727,,kg CO2e of CO2 per unit,0.00012
317728,,kg CO2e of CO2 per unit,4.48e-06
31770,,kg CO2e of CH4 per unit,0.00253
31771,,kg CO2e of CH4 per unit,0.00304
31772,,kg CO2e of CH4 per unit,0.00415
31773,,kg CO2e of CH4 per unit,0.00577
31774,,kg CO2e of CH4 per unit,0.008
31775,,kg CO2e of CH4 per unit,0.02956
31776,,kg CO2e of CH4 per unit,0.00353
31777,,kg CO2e of CH4 per unit,0.01205
31778,,kg CO2e of CH4 per unit,0.016
31779,,kg CO2e of CH4 per unit,0.01407
317710,,kg CO2e of CH4 per unit,0.01114
317711,,kg CO2e of CH4 per unit,0.01772
317712,,kg CO2e of CH4 per unit,0.02005
317713,,kg CO2e of CH4 per unit,0.01321
317714,,kg CO2e of CH4 per unit,0.01266
317715,,kg CO2e of CH4 per unit,0.01681
317716,,kg CO2e of CH4 per unit,0.01681
317717,,kg CO2e of CH4 per unit,0.02025
317718,,kg CO2e of CH4 per unit,0.0325
317719,,kg CO2e of CH4 per unit,0.03675
317720,,kg CO2e of CH4 per unit,0.01612
317721,,kg CO2e of CH4 per unit,0.0324
317722,,kg CO2e of CH4 per unit,0.05832
317723,,kg CO2e of CH4 per unit,0.03852
317724,,kg CO2e of CH4 per unit,0.05012
317725,,kg CO2e of CH4 per unit,0.06105
317726,,kg CO2e of CH4 per unit,0.05158
317727,,kg CO2e of CH4 per unit,0.37612
317728,,kg CO2e of CH4 per unit,0.01306
31770,,kg CO2e of N2O per unit,0.0025
31771,,kg CO2e of N2O per unit,0.003
31772,,kg CO2e of N2O per unit,0.0041
31773,,kg CO2e of N2O per unit,0.0057
31774,,kg CO2e of N2O per unit,0.0079
31775,,kg CO2e of N2O per unit,0.0292
31776,,kg CO2e of N2O per unit,0.00349
31777,,kg CO2e of N2O per unit,0.0119
31778,,kg CO2e of N2O per unit,0.0158
31779,,kg CO2e of N2O per unit,0.0139
317710,,kg CO2e of N2O per unit,0.011
317711,,kg CO2e of N2O per unit,0.0175
317712,,kg CO2e of N2O per unit,0.0198
317713,,kg CO2e of N2O per unit,0.01305
317714,,kg CO2e of N2O per unit,0.0125
317715,,kg CO2e of N2O per unit,0.0166
317716,,kg CO2e of N2O per unit,0.0166
317717,,kg CO2e of N2O per unit,0.02
317718,,kg CO2e of N2O per unit,0.0321
317719,,kg CO2e of N2O per unit,0.0363
317720,,kg CO2e of N2O per unit,0.01592
317721,,kg CO2e of N2O per unit,0.032
317722,,kg CO2e of N2O per unit,0.0576
317723,,kg CO2e of N2O per unit,0.03805
317724,,kg CO2e of N2O per unit,0.0495
317725,,kg CO2e of N2O per unit,0.0603
317726,,kg CO2e of N2O per unit,0.05095
317727,,kg CO2e of N2O per unit,0.3715
317728,,kg CO2e of N2O per unit,0.0129
