index,Level 5,GHG/Unit,GHG Conversion Factor
31110,With RF,kg CO2e,0.00134
31111,With RF,kg CO2e,0.00134
31112,With RF,kg CO2e,0.00092
31113,With RF,kg CO2e,0.00092
31114,With RF,kg CO2e,0.0009
31115,With RF,kg CO2e,0.0009
31116,With RF,kg CO2e,0.00135
31117,With RF,kg CO2e,0.00135
31118,With RF,kg CO2e,0.00129
31119,With RF,kg CO2e,0.00129
311110,With RF,kg CO2e,0.00099
311111,With RF,kg CO2e,0.00099
311112,With RF,kg CO2e,0.00157
311113,With RF,kg CO2e,0.00157
31110,With RF,kg CO2e of CO2 per unit,0.00285
31111,With RF,kg CO2e of CO2 per unit,0.00285
31112,With RF,kg CO2e of CO2 per unit,0.00394
31113,With RF,kg CO2e of CO2 per unit,0.00394
31114,With RF,kg CO2e of CO2 per unit,0.00086
31115,With RF,kg CO2e of CO2 per unit,0.00086
31116,With RF,kg CO2e of CO2 per unit,0.00067
31117,With RF,kg CO2e of CO2 per unit,0.00067
31118,With RF,kg CO2e of CO2 per unit,0.00106
31119,With RF,kg CO2e of CO2 per unit,0.00106
311110,With RF,kg CO2e of CO2 per unit,0.00192
311111,With RF,kg CO2e of CO2 per unit,0.00192
311112,With RF,kg CO2e of CO2 per unit,0.00265
311113,With RF,kg CO2e of CO2 per unit,0.00265
31110,With RF,kg CO2e of CH4 per unit,0.00022
31111,With RF,kg CO2e of CH4 per unit,0.00022
31112,With RF,kg CO2e of CH4 per unit,1e-05
31113,With RF,kg CO2e of CH4 per unit,1e-05
31114,With RF,kg CO2e of CH4 per unit,1e-05
31115,With RF,kg CO2e of CH4 per unit,1e-05
31116,With RF,kg CO2e of CH4 per unit,1e-05
31117,With RF,kg CO2e of CH4 per unit,1e-05
31118,With RF,kg CO2e of CH4 per unit,1e-05
31119,With RF,kg CO2e of CH4 per unit,1e-05
311110,With RF,kg CO2e of CH4 per unit,1e-05
311111,With RF,kg CO2e of CH4 per unit,1e-05
311112,With RF,kg CO2e of CH4 per unit,1e-05
311113,With RF,kg CO2e of CH4 per unit,1e-05
31110,With RF,kg CO2e of N2O per unit,2e-05
31111,With RF,kg CO2e of N2O per unit,2e-05
31112,With RF,kg CO2e of N2O per unit,3e-05
31113,With RF,kg CO2e of N2O per unit,3e-05
31114,With RF,kg CO2e of N2O per unit,1e-05
31115,With RF,kg CO2e of N2O per unit,1e-05
31116,With RF,kg CO2e of N2O per unit,1e-05
31117,With RF,kg CO2e of N2O per unit,1e-05
31118,With RF,kg CO2e of N2O per unit,1e-05
31119,With RF,kg CO2e of N2O per unit,1e-05
311110,With RF,kg CO2e of N2O per unit,2e-05
311111,With RF,kg CO2e of N2O per unit,2e-05
311112,With RF,kg CO2e of N2O per unit,2e-05
311113,With RF,kg CO2e of N2O per unit,2e-05
31110,Without RF,kg CO2e,0.22928
31111,Without RF,kg CO2e,0.13552
31112,Without RF,kg CO2e,0.12786
31113,Without RF,kg CO2e,0.07559
31114,Without RF,kg CO2e,0.12576
31115,Without RF,kg CO2e,0.07435
31116,Without RF,kg CO2e,0.18863
31117,Without RF,kg CO2e,0.11152
31118,Without RF,kg CO2e,0.15282
31119,Without RF,kg CO2e,0.09043
311110,Without RF,kg CO2e,0.11704
311111,Without RF,kg CO2e,0.06926
311112,Without RF,kg CO2e,0.18726
311113,Without RF,kg CO2e,0.11081
31110,Without RF,kg CO2e of CO2 per unit,0.3394
31111,Without RF,kg CO2e of CO2 per unit,0.20083
31112,Without RF,kg CO2e of CO2 per unit,0.46814
31113,Without RF,kg CO2e of CO2 per unit,0.27701
31114,Without RF,kg CO2e of CO2 per unit,0.14253
31115,Without RF,kg CO2e of CO2 per unit,0.0842
31116,Without RF,kg CO2e of CO2 per unit,0.10916
31117,Without RF,kg CO2e of CO2 per unit,0.06449
31118,Without RF,kg CO2e of CO2 per unit,0.17465
31119,Without RF,kg CO2e of CO2 per unit,0.10318
311110,Without RF,kg CO2e of CO2 per unit,0.31656
311111,Without RF,kg CO2e of CO2 per unit,0.18701
311112,Without RF,kg CO2e of CO2 per unit,0.43663
311113,Without RF,kg CO2e of CO2 per unit,0.25794
31110,Without RF,kg CO2e of CH4 per unit,0.22771
31111,Without RF,kg CO2e of CH4 per unit,0.13395
31112,Without RF,kg CO2e of CH4 per unit,0.12693
31113,Without RF,kg CO2e of CH4 per unit,0.07466
31114,Without RF,kg CO2e of CH4 per unit,0.12485
31115,Without RF,kg CO2e of CH4 per unit,0.07344
31116,Without RF,kg CO2e of CH4 per unit,0.18727
31117,Without RF,kg CO2e of CH4 per unit,0.11016
31118,Without RF,kg CO2e of CH4 per unit,0.15152
31119,Without RF,kg CO2e of CH4 per unit,0.08913
311110,Without RF,kg CO2e of CH4 per unit,0.11604
311111,Without RF,kg CO2e of CH4 per unit,0.06826
311112,Without RF,kg CO2e of CH4 per unit,0.18567
311113,Without RF,kg CO2e of CH4 per unit,0.10922
31110,Without RF,kg CO2e of N2O per unit,0.33652
31111,Without RF,kg CO2e of N2O per unit,0.19795
31112,Without RF,kg CO2e of N2O per unit,0.46417
31113,Without RF,kg CO2e of N2O per unit,0.27304
31114,Without RF,kg CO2e of N2O per unit,0.14166
31115,Without RF,kg CO2e of N2O per unit,0.08333
31116,Without RF,kg CO2e of N2O per unit,0.10849
31117,Without RF,kg CO2e of N2O per unit,0.06382
31118,Without RF,kg CO2e of N2O per unit,0.17358
31119,Without RF,kg CO2e of N2O per unit,0.10211
311110,Without RF,kg CO2e of N2O per unit,0.31462
311111,Without RF,kg CO2e of N2O per unit,0.18507
311112,Without RF,kg CO2e of N2O per unit,0.43396
311113,Without RF,kg CO2e of N2O per unit,0.25527
