index,Level 4,GHG/Unit,GHG Conversion Factor
1510,Diesel,kg CO2e,0.00165
1511,Diesel,kg CO2e,0.00044
1512,Diesel,kg CO2e,
1513,Diesel,kg CO2e,
1514,Diesel,kg CO2e,
1515,Diesel,kg CO2e,
1516,Diesel,kg CO2e,0.0
1517,Diesel,kg CO2e,0.00267
1510,Diesel,kg CO2e of CO2 per unit,0.0007
1511,Diesel,kg CO2e of CO2 per unit,
1512,Diesel,kg CO2e of CO2 per unit,
1513,Diesel,kg CO2e of CO2 per unit,
1514,Diesel,kg CO2e of CO2 per unit,
1515,Diesel,kg CO2e of CO2 per unit,0.0
1516,Diesel,kg CO2e of CO2 per unit,0.00165
1517,Diesel,kg CO2e of CO2 per unit,0.00044
1510,Diesel,kg CO2e of CH4 per unit,
1511,Diesel,kg CO2e of CH4 per unit,
1512,Diesel,kg CO2e of CH4 per unit,
1513,Diesel,kg CO2e of CH4 per unit,
1514,Diesel,kg CO2e of CH4 per unit,0.0
1515,Diesel,kg CO2e of CH4 per unit,0.00267
1516,Diesel,kg CO2e of CH4 per unit,0.0007
1517,Diesel,kg CO2e of CH4 per unit,
1510,Diesel,kg CO2e of N2O per unit,
1511,Diesel,kg CO2e of N2O per unit,
1512,Diesel,kg CO2e of N2O per unit,
1513,Diesel,kg CO2e of N2O per unit,0.0
1514,Diesel,kg CO2e of N2O per unit,0.00165
1515,Diesel,kg CO2e of N2O per unit,0.00044
1516,Diesel,kg CO2e of N2O per unit,
1517,Diesel,kg CO2e of N2O per unit,
1510,Petrol,kg CO2e,
1511,Petrol,kg CO2e,0.00179
1512,Petrol,kg CO2e,0.0
1513,Petrol,kg CO2e,0.00267
1514,Petrol,kg CO2e,0.0007
1515,Petrol,kg CO2e,
1516,Petrol,kg CO2e,
1517,Petrol,kg CO2e,
1510,Petrol,kg CO2e of CO2 per unit,0.00288
1511,Petrol,kg CO2e of CO2 per unit,0.0
1512,Petrol,kg CO2e of CO2 per unit,0.00165
1513,Petrol,kg CO2e of CO2 per unit,0.00044
1514,Petrol,kg CO2e of CO2 per unit,0.0005
1515,Petrol,kg CO2e of CO2 per unit,0.0005
1516,Petrol,kg CO2e of CO2 per unit,0.00162
1517,Petrol,kg CO2e of CO2 per unit,0.00179
1510,Petrol,kg CO2e of CH4 per unit,0.0
1511,Petrol,kg CO2e of CH4 per unit,0.00267
1512,Petrol,kg CO2e of CH4 per unit,0.0007
1513,Petrol,kg CO2e of CH4 per unit,0.0008
1514,Petrol,kg CO2e of CH4 per unit,0.0008
1515,Petrol,kg CO2e of CH4 per unit,0.0026
1516,Petrol,kg CO2e of CH4 per unit,0.00288
1517,Petrol,kg CO2e of CH4 per unit,0.0
1510,Petrol,kg CO2e of N2O per unit,4.860776705385985e-06
1511,Petrol,kg CO2e of N2O per unit,0.00027
1512,Petrol,kg CO2e of N2O per unit,
1513,Petrol,kg CO2e of N2O per unit,
1514,Petrol,kg CO2e of N2O per unit,
1515,Petrol,kg CO2e of N2O per unit,
1516,Petrol,kg CO2e of N2O per unit,0.0
1517,Petrol,kg CO2e of N2O per unit,1e-05
1510,CNG,kg CO2e,0.00043
1511,CNG,kg CO2e,
1512,CNG,kg CO2e,
1513,CNG,kg CO2e,
1514,CNG,kg CO2e,
1515,CNG,kg CO2e,0.0
1516,CNG,kg CO2e,4.860776705385985e-06
1517,CNG,kg CO2e,0.00027
1510,CNG,kg CO2e of CO2 per unit,
1511,CNG,kg CO2e of CO2 per unit,
1512,CNG,kg CO2e of CO2 per unit,
1513,CNG,kg CO2e of CO2 per unit,
1514,CNG,kg CO2e of CO2 per unit,0.0
1515,CNG,kg CO2e of CO2 per unit,1e-05
1516,CNG,kg CO2e of CO2 per unit,0.00043
1517,CNG,kg CO2e of CO2 per unit,
1510,CNG,kg CO2e of CH4 per unit,
1511,CNG,kg CO2e of CH4 per unit,
1512,CNG,kg CO2e of CH4 per unit,
1513,CNG,kg CO2e of CH4 per unit,0.0
1514,CNG,kg CO2e of CH4 per unit,4.860776705385985e-06
1515,CNG,kg CO2e of CH4 per unit,0.00027
1516,CNG,kg CO2e of CH4 per unit,
1517,CNG,kg CO2e of CH4 per unit,
1510,CNG,kg CO2e of N2O per unit,
1511,CNG,kg CO2e of N2O per unit,1e-05
1512,CNG,kg CO2e of N2O per unit,0.0
1513,CNG,kg CO2e of N2O per unit,1e-05
1514,CNG,kg CO2e of N2O per unit,0.00043
1515,CNG,kg CO2e of N2O per unit,
1516,CNG,kg CO2e of N2O per unit,
1517,CNG,kg CO2e of N2O per unit,
1510,LPG,kg CO2e,2e-05
1511,LPG,kg CO2e,0.0
1512,LPG,kg CO2e,4.860776705385985e-06
1513,LPG,kg CO2e,0.00027
1514,LPG,kg CO2e,0.00132
1515,LPG,kg CO2e,4e-05
1516,LPG,kg CO2e,1e-05
1517,LPG,kg CO2e,1e-05
1510,LPG,kg CO2e of CO2 per unit,0.0
1511,LPG,kg CO2e of CO2 per unit,1e-05
1512,LPG,kg CO2e of CO2 per unit,0.00043
1513,LPG,kg CO2e of CO2 per unit,0.00212
1514,LPG,kg CO2e of CO2 per unit,7e-05
1515,LPG,kg CO2e of CO2 per unit,2e-05
1516,LPG,kg CO2e of CO2 per unit,2e-05
1517,LPG,kg CO2e of CO2 per unit,0.0
1510,LPG,kg CO2e of CH4 per unit,0.15738
1511,LPG,kg CO2e of CH4 per unit,0.20188
1512,LPG,kg CO2e of CH4 per unit,
1513,LPG,kg CO2e of CH4 per unit,
1514,LPG,kg CO2e of CH4 per unit,
1515,LPG,kg CO2e of CH4 per unit,
1516,LPG,kg CO2e of CH4 per unit,0.0
1517,LPG,kg CO2e of CH4 per unit,0.25329
1510,LPG,kg CO2e of N2O per unit,0.3249
1511,LPG,kg CO2e of N2O per unit,
1512,LPG,kg CO2e of N2O per unit,
1513,LPG,kg CO2e of N2O per unit,
1514,LPG,kg CO2e of N2O per unit,
1515,LPG,kg CO2e of N2O per unit,0.0
1516,LPG,kg CO2e of N2O per unit,0.1926
1517,LPG,kg CO2e of N2O per unit,0.20874
1510,Unknown,kg CO2e,
1511,Unknown,kg CO2e,
1512,Unknown,kg CO2e,
1513,Unknown,kg CO2e,
1514,Unknown,kg CO2e,0.0
1515,Unknown,kg CO2e,0.30996
1516,Unknown,kg CO2e,0.33594
1517,Unknown,kg CO2e,
1510,Unknown,kg CO2e of CO2 per unit,
1511,Unknown,kg CO2e of CO2 per unit,
1512,Unknown,kg CO2e of CO2 per unit,
1513,Unknown,kg CO2e of CO2 per unit,0.0
1514,Unknown,kg CO2e of CO2 per unit,0.27878
1515,Unknown,kg CO2e of CO2 per unit,0.33845
1516,Unknown,kg CO2e of CO2 per unit,
1517,Unknown,kg CO2e of CO2 per unit,
1510,Unknown,kg CO2e of CH4 per unit,
1511,Unknown,kg CO2e of CH4 per unit,0.13055
1512,Unknown,kg CO2e of CH4 per unit,0.0
1513,Unknown,kg CO2e of CH4 per unit,0.44866
1514,Unknown,kg CO2e of CH4 per unit,0.54468
1515,Unknown,kg CO2e of CH4 per unit,
1516,Unknown,kg CO2e of CH4 per unit,
1517,Unknown,kg CO2e of CH4 per unit,
1510,Unknown,kg CO2e of N2O per unit,0.2101
1511,Unknown,kg CO2e of N2O per unit,0.0
1512,Unknown,kg CO2e of N2O per unit,0.25561
1513,Unknown,kg CO2e of N2O per unit,0.21335
1514,Unknown,kg CO2e of N2O per unit,0.25113
1515,Unknown,kg CO2e of N2O per unit,0.2761
1516,Unknown,kg CO2e of N2O per unit,0.2543
1517,Unknown,kg CO2e of N2O per unit,0.13055
1510,Plug-in Hybrid Electric Vehicle,kg CO2e,0.0
1511,Plug-in Hybrid Electric Vehicle,kg CO2e,0.41138
1512,Plug-in Hybrid Electric Vehicle,kg CO2e,0.34336
1513,Plug-in Hybrid Electric Vehicle,kg CO2e,0.40415
1514,Plug-in Hybrid Electric Vehicle,kg CO2e,0.44433
1515,Plug-in Hybrid Electric Vehicle,kg CO2e,0.40926
1516,Plug-in Hybrid Electric Vehicle,kg CO2e,0.2101
1517,Plug-in Hybrid Electric Vehicle,kg CO2e,0.0
1510,Plug-in Hybrid Electric Vehicle,kg CO2e of CO2 per unit,0.15572
1511,Plug-in Hybrid Electric Vehicle,kg CO2e of CO2 per unit,0.20118
1512,Plug-in Hybrid Electric Vehicle,kg CO2e of CO2 per unit,
1513,Plug-in Hybrid Electric Vehicle,kg CO2e of CO2 per unit,
1514,Plug-in Hybrid Electric Vehicle,kg CO2e of CO2 per unit,
1515,Plug-in Hybrid Electric Vehicle,kg CO2e of CO2 per unit,
1516,Plug-in Hybrid Electric Vehicle,kg CO2e of CO2 per unit,0.0
1517,Plug-in Hybrid Electric Vehicle,kg CO2e of CO2 per unit,0.25061
1510,Plug-in Hybrid Electric Vehicle,kg CO2e of CH4 per unit,0.32377
1511,Plug-in Hybrid Electric Vehicle,kg CO2e of CH4 per unit,
1512,Plug-in Hybrid Electric Vehicle,kg CO2e of CH4 per unit,
1513,Plug-in Hybrid Electric Vehicle,kg CO2e of CH4 per unit,
1514,Plug-in Hybrid Electric Vehicle,kg CO2e of CH4 per unit,
1515,Plug-in Hybrid Electric Vehicle,kg CO2e of CH4 per unit,0.0
1516,Plug-in Hybrid Electric Vehicle,kg CO2e of CH4 per unit,0.19094
1517,Plug-in Hybrid Electric Vehicle,kg CO2e of CH4 per unit,0.20804
1510,Plug-in Hybrid Electric Vehicle,kg CO2e of N2O per unit,
1511,Plug-in Hybrid Electric Vehicle,kg CO2e of N2O per unit,
1512,Plug-in Hybrid Electric Vehicle,kg CO2e of N2O per unit,
1513,Plug-in Hybrid Electric Vehicle,kg CO2e of N2O per unit,
1514,Plug-in Hybrid Electric Vehicle,kg CO2e of N2O per unit,0.0
1515,Plug-in Hybrid Electric Vehicle,kg CO2e of N2O per unit,0.30728
1516,Plug-in Hybrid Electric Vehicle,kg CO2e of N2O per unit,0.33481
1517,Plug-in Hybrid Electric Vehicle,kg CO2e of N2O per unit,
1510,Battery Electric Vehicle,kg CO2e,
1511,Battery Electric Vehicle,kg CO2e,
1512,Battery Electric Vehicle,kg CO2e,
1513,Battery Electric Vehicle,kg CO2e,0.0
1514,Battery Electric Vehicle,kg CO2e,0.27712
1515,Battery Electric Vehicle,kg CO2e,0.33775
1516,Battery Electric Vehicle,kg CO2e,
1517,Battery Electric Vehicle,kg CO2e,
1510,Battery Electric Vehicle,kg CO2e of CO2 per unit,
1511,Battery Electric Vehicle,kg CO2e of CO2 per unit,0.12875
1512,Battery Electric Vehicle,kg CO2e of CO2 per unit,0.0
1513,Battery Electric Vehicle,kg CO2e of CO2 per unit,0.44598
1514,Battery Electric Vehicle,kg CO2e of CO2 per unit,0.54355
1515,Battery Electric Vehicle,kg CO2e of CO2 per unit,
1516,Battery Electric Vehicle,kg CO2e of CO2 per unit,
1517,Battery Electric Vehicle,kg CO2e of CO2 per unit,
1510,Battery Electric Vehicle,kg CO2e of CH4 per unit,0.2072
1511,Battery Electric Vehicle,kg CO2e of CH4 per unit,0.0
1512,Battery Electric Vehicle,kg CO2e of CH4 per unit,0.25395
1513,Battery Electric Vehicle,kg CO2e of CH4 per unit,0.21265
1514,Battery Electric Vehicle,kg CO2e of CH4 per unit,0.24931
1515,Battery Electric Vehicle,kg CO2e of CH4 per unit,0.27556
1516,Battery Electric Vehicle,kg CO2e of CH4 per unit,0.25267
1517,Battery Electric Vehicle,kg CO2e of CH4 per unit,0.12875
1510,Battery Electric Vehicle,kg CO2e of N2O per unit,0.0
1511,Battery Electric Vehicle,kg CO2e of N2O per unit,0.4087
1512,Battery Electric Vehicle,kg CO2e of N2O per unit,0.34223
1513,Battery Electric Vehicle,kg CO2e of N2O per unit,0.40123
1514,Battery Electric Vehicle,kg CO2e of N2O per unit,0.44346
1515,Battery Electric Vehicle,kg CO2e of N2O per unit,0.40664
1516,Battery Electric Vehicle,kg CO2e of N2O per unit,0.2072
1517,Battery Electric Vehicle,kg CO2e of N2O per unit,0.0
1520,0% Laden,kg CO2e,0.00532
1521,0% Laden,kg CO2e,0.00532
1522,0% Laden,kg CO2e,0.00532
1523,0% Laden,kg CO2e,0.00532
1524,0% Laden,kg CO2e,0.00855
1525,0% Laden,kg CO2e,0.00855
1526,0% Laden,kg CO2e,0.00855
1527,0% Laden,kg CO2e,0.00855
1528,0% Laden,kg CO2e,0.00648
1529,0% Laden,kg CO2e,0.00648
15210,0% Laden,kg CO2e,0.00648
15211,0% Laden,kg CO2e,0.00648
15212,0% Laden,kg CO2e,0.01043
15213,0% Laden,kg CO2e,0.01043
15214,0% Laden,kg CO2e,0.01043
15215,0% Laden,kg CO2e,0.01043
1520,0% Laden,kg CO2e of CO2 per unit,0.01059
1521,0% Laden,kg CO2e of CO2 per unit,0.01059
1522,0% Laden,kg CO2e of CO2 per unit,0.01059
1523,0% Laden,kg CO2e of CO2 per unit,0.01059
1524,0% Laden,kg CO2e of CO2 per unit,0.01704
1525,0% Laden,kg CO2e of CO2 per unit,0.01704
1526,0% Laden,kg CO2e of CO2 per unit,0.01704
1527,0% Laden,kg CO2e of CO2 per unit,0.01704
1528,0% Laden,kg CO2e of CO2 per unit,0.00888
1529,0% Laden,kg CO2e of CO2 per unit,0.00888
15210,0% Laden,kg CO2e of CO2 per unit,0.00888
15211,0% Laden,kg CO2e of CO2 per unit,0.00888
15212,0% Laden,kg CO2e of CO2 per unit,0.01429
15213,0% Laden,kg CO2e of CO2 per unit,0.01429
15214,0% Laden,kg CO2e of CO2 per unit,0.01429
15215,0% Laden,kg CO2e of CO2 per unit,0.01429
1520,0% Laden,kg CO2e of CH4 per unit,0.01209
1521,0% Laden,kg CO2e of CH4 per unit,0.01209
1522,0% Laden,kg CO2e of CH4 per unit,0.01209
1523,0% Laden,kg CO2e of CH4 per unit,0.01209
1524,0% Laden,kg CO2e of CH4 per unit,0.01944
1525,0% Laden,kg CO2e of CH4 per unit,0.01944
1526,0% Laden,kg CO2e of CH4 per unit,0.01944
1527,0% Laden,kg CO2e of CH4 per unit,0.01944
1528,0% Laden,kg CO2e of CH4 per unit,0.01438
1529,0% Laden,kg CO2e of CH4 per unit,0.01438
15210,0% Laden,kg CO2e of CH4 per unit,0.01438
15211,0% Laden,kg CO2e of CH4 per unit,0.01438
15212,0% Laden,kg CO2e of CH4 per unit,0.02314
15213,0% Laden,kg CO2e of CH4 per unit,0.02314
15214,0% Laden,kg CO2e of CH4 per unit,0.02314
15215,0% Laden,kg CO2e of CH4 per unit,0.02314
1520,0% Laden,kg CO2e of N2O per unit,0.01428
1521,0% Laden,kg CO2e of N2O per unit,0.01428
1522,0% Laden,kg CO2e of N2O per unit,0.01428
1523,0% Laden,kg CO2e of N2O per unit,0.01428
1524,0% Laden,kg CO2e of N2O per unit,0.02299
1525,0% Laden,kg CO2e of N2O per unit,0.02299
1526,0% Laden,kg CO2e of N2O per unit,0.02299
1527,0% Laden,kg CO2e of N2O per unit,0.02299
1528,0% Laden,kg CO2e of N2O per unit,0.01195
1529,0% Laden,kg CO2e of N2O per unit,0.01195
15210,0% Laden,kg CO2e of N2O per unit,0.01195
15211,0% Laden,kg CO2e of N2O per unit,0.01195
15212,0% Laden,kg CO2e of N2O per unit,0.01923
15213,0% Laden,kg CO2e of N2O per unit,0.01923
15214,0% Laden,kg CO2e of N2O per unit,0.01923
15215,0% Laden,kg CO2e of N2O per unit,0.01923
1520,50% Laden,kg CO2e,0.00011
1521,50% Laden,kg CO2e,0.00011
1522,50% Laden,kg CO2e,0.00011
1523,50% Laden,kg CO2e,0.00011
1524,50% Laden,kg CO2e,0.00018
1525,50% Laden,kg CO2e,0.00018
1526,50% Laden,kg CO2e,0.00018
1527,50% Laden,kg CO2e,0.00018
1528,50% Laden,kg CO2e,0.00013
1529,50% Laden,kg CO2e,0.00013
15210,50% Laden,kg CO2e,0.00013
15211,50% Laden,kg CO2e,0.00013
15212,50% Laden,kg CO2e,0.00022
15213,50% Laden,kg CO2e,0.00022
15214,50% Laden,kg CO2e,0.00022
15215,50% Laden,kg CO2e,0.00022
1520,50% Laden,kg CO2e of CO2 per unit,0.00022
1521,50% Laden,kg CO2e of CO2 per unit,0.00022
1522,50% Laden,kg CO2e of CO2 per unit,0.00022
1523,50% Laden,kg CO2e of CO2 per unit,0.00022
1524,50% Laden,kg CO2e of CO2 per unit,0.00037
1525,50% Laden,kg CO2e of CO2 per unit,0.00037
1526,50% Laden,kg CO2e of CO2 per unit,0.00037
1527,50% Laden,kg CO2e of CO2 per unit,0.00037
1528,50% Laden,kg CO2e of CO2 per unit,0.00019
1529,50% Laden,kg CO2e of CO2 per unit,0.00019
15210,50% Laden,kg CO2e of CO2 per unit,0.00019
15211,50% Laden,kg CO2e of CO2 per unit,0.00019
15212,50% Laden,kg CO2e of CO2 per unit,0.0003
15213,50% Laden,kg CO2e of CO2 per unit,0.0003
15214,50% Laden,kg CO2e of CO2 per unit,0.0003
15215,50% Laden,kg CO2e of CO2 per unit,0.0003
1520,50% Laden,kg CO2e of CH4 per unit,0.00012
1521,50% Laden,kg CO2e of CH4 per unit,0.00012
1522,50% Laden,kg CO2e of CH4 per unit,0.00012
1523,50% Laden,kg CO2e of CH4 per unit,0.00012
1524,50% Laden,kg CO2e of CH4 per unit,0.00019
1525,50% Laden,kg CO2e of CH4 per unit,0.00019
1526,50% Laden,kg CO2e of CH4 per unit,0.00019
1527,50% Laden,kg CO2e of CH4 per unit,0.00019
1528,50% Laden,kg CO2e of CH4 per unit,0.00015
1529,50% Laden,kg CO2e of CH4 per unit,0.00015
15210,50% Laden,kg CO2e of CH4 per unit,0.00015
15211,50% Laden,kg CO2e of CH4 per unit,0.00015
15212,50% Laden,kg CO2e of CH4 per unit,0.00022
15213,50% Laden,kg CO2e of CH4 per unit,0.00022
15214,50% Laden,kg CO2e of CH4 per unit,0.00022
15215,50% Laden,kg CO2e of CH4 per unit,0.00022
1520,50% Laden,kg CO2e of N2O per unit,0.00015
1521,50% Laden,kg CO2e of N2O per unit,0.00015
1522,50% Laden,kg CO2e of N2O per unit,0.00015
1523,50% Laden,kg CO2e of N2O per unit,0.00015
1524,50% Laden,kg CO2e of N2O per unit,0.00022
1525,50% Laden,kg CO2e of N2O per unit,0.00022
1526,50% Laden,kg CO2e of N2O per unit,0.00022
1527,50% Laden,kg CO2e of N2O per unit,0.00022
1528,50% Laden,kg CO2e of N2O per unit,0.00016
1529,50% Laden,kg CO2e of N2O per unit,0.00016
15210,50% Laden,kg CO2e of N2O per unit,0.00016
15211,50% Laden,kg CO2e of N2O per unit,0.00016
15212,50% Laden,kg CO2e of N2O per unit,0.00026
15213,50% Laden,kg CO2e of N2O per unit,0.00026
15214,50% Laden,kg CO2e of N2O per unit,0.00026
15215,50% Laden,kg CO2e of N2O per unit,0.00026
1520,100% Laden,kg CO2e,0.46138
1521,100% Laden,kg CO2e,0.50103
1522,100% Laden,kg CO2e,0.54068
1523,100% Laden,kg CO2e,0.49548
1524,100% Laden,kg CO2e,0.74251
1525,100% Laden,kg CO2e,0.80632
1526,100% Laden,kg CO2e,0.87012
1527,100% Laden,kg CO2e,0.79738
1528,100% Laden,kg CO2e,0.55061
1529,100% Laden,kg CO2e,0.62832
15210,100% Laden,kg CO2e,0.70603
15211,100% Laden,kg CO2e,0.60501
15212,100% Laden,kg CO2e,0.88612
15213,100% Laden,kg CO2e,1.01119
15214,100% Laden,kg CO2e,1.13625
15215,100% Laden,kg CO2e,0.97367
1520,100% Laden,kg CO2e of CO2 per unit,0.774
1521,100% Laden,kg CO2e of CO2 per unit,0.94152
1522,100% Laden,kg CO2e of CO2 per unit,1.10905
1523,100% Laden,kg CO2e of CO2 per unit,0.99156
1524,100% Laden,kg CO2e of CO2 per unit,1.24562
1525,100% Laden,kg CO2e of CO2 per unit,1.51523
1526,100% Laden,kg CO2e of CO2 per unit,1.78484
1527,100% Laden,kg CO2e of CO2 per unit,1.59575
1528,100% Laden,kg CO2e of CO2 per unit,0.67912
1529,100% Laden,kg CO2e of CO2 per unit,0.80803
15210,100% Laden,kg CO2e of CO2 per unit,0.93695
15211,100% Laden,kg CO2e of CO2 per unit,0.83751
15212,100% Laden,kg CO2e of CO2 per unit,1.09292
15213,100% Laden,kg CO2e of CO2 per unit,1.3004
15214,100% Laden,kg CO2e of CO2 per unit,1.50787
15215,100% Laden,kg CO2e of CO2 per unit,1.34783
1520,100% Laden,kg CO2e of CH4 per unit,0.62775
1521,100% Laden,kg CO2e of CH4 per unit,0.78163
1522,100% Laden,kg CO2e of CH4 per unit,0.93552
1523,100% Laden,kg CO2e of CH4 per unit,0.78471
1524,100% Laden,kg CO2e of CH4 per unit,1.01024
1525,100% Laden,kg CO2e of CH4 per unit,1.25789
1526,100% Laden,kg CO2e of CH4 per unit,1.50555
1527,100% Laden,kg CO2e of CH4 per unit,1.26285
1528,100% Laden,kg CO2e of CH4 per unit,0.64734
1529,100% Laden,kg CO2e of CH4 per unit,0.85827
15210,100% Laden,kg CO2e of CH4 per unit,1.06921
15211,100% Laden,kg CO2e of CH4 per unit,0.93421
15212,100% Laden,kg CO2e of CH4 per unit,1.04178
15213,100% Laden,kg CO2e of CH4 per unit,1.38125
15214,100% Laden,kg CO2e of CH4 per unit,1.72072
15215,100% Laden,kg CO2e of CH4 per unit,1.50346
1520,100% Laden,kg CO2e of N2O per unit,0.64659
1521,100% Laden,kg CO2e of N2O per unit,0.85536
1522,100% Laden,kg CO2e of N2O per unit,1.06414
1523,100% Laden,kg CO2e of N2O per unit,0.92854
1524,100% Laden,kg CO2e of N2O per unit,1.04057
1525,100% Laden,kg CO2e of N2O per unit,1.37656
1526,100% Laden,kg CO2e of N2O per unit,1.71255
1527,100% Laden,kg CO2e of N2O per unit,1.49432
1528,100% Laden,kg CO2e of N2O per unit,0.65975
1529,100% Laden,kg CO2e of N2O per unit,0.83589
15210,100% Laden,kg CO2e of N2O per unit,1.01203
15211,100% Laden,kg CO2e of N2O per unit,0.89121
15212,100% Laden,kg CO2e of N2O per unit,1.06176
15213,100% Laden,kg CO2e of N2O per unit,1.34523
15214,100% Laden,kg CO2e of N2O per unit,1.6287
15215,100% Laden,kg CO2e of N2O per unit,1.43425
1520,Average laden,kg CO2e,0.45595
1521,Average laden,kg CO2e,0.4956
1522,Average laden,kg CO2e,0.53525
1523,Average laden,kg CO2e,0.49005
1524,Average laden,kg CO2e,0.73378
1525,Average laden,kg CO2e,0.79759
1526,Average laden,kg CO2e,0.86139
1527,Average laden,kg CO2e,0.78865
1528,Average laden,kg CO2e,0.54399
1529,Average laden,kg CO2e,0.6217
15210,Average laden,kg CO2e,0.69941
15211,Average laden,kg CO2e,0.59839
15212,Average laden,kg CO2e,0.87546
15213,Average laden,kg CO2e,1.00053
15214,Average laden,kg CO2e,1.12559
15215,Average laden,kg CO2e,0.96301
1520,Average laden,kg CO2e of CO2 per unit,0.76318
1521,Average laden,kg CO2e of CO2 per unit,0.9307
1522,Average laden,kg CO2e of CO2 per unit,1.09823
1523,Average laden,kg CO2e of CO2 per unit,0.98074
1524,Average laden,kg CO2e of CO2 per unit,1.22821
1525,Average laden,kg CO2e of CO2 per unit,1.49782
1526,Average laden,kg CO2e of CO2 per unit,1.76743
1527,Average laden,kg CO2e of CO2 per unit,1.57834
1528,Average laden,kg CO2e of CO2 per unit,0.67005
1529,Average laden,kg CO2e of CO2 per unit,0.79896
15210,Average laden,kg CO2e of CO2 per unit,0.92788
15211,Average laden,kg CO2e of CO2 per unit,0.82844
15212,Average laden,kg CO2e of CO2 per unit,1.07833
15213,Average laden,kg CO2e of CO2 per unit,1.28581
15214,Average laden,kg CO2e of CO2 per unit,1.49328
15215,Average laden,kg CO2e of CO2 per unit,1.33324
1520,Average laden,kg CO2e of CH4 per unit,0.61554
1521,Average laden,kg CO2e of CH4 per unit,0.76942
1522,Average laden,kg CO2e of CH4 per unit,0.92331
1523,Average laden,kg CO2e of CH4 per unit,0.7725
1524,Average laden,kg CO2e of CH4 per unit,0.99061
1525,Average laden,kg CO2e of CH4 per unit,1.23826
1526,Average laden,kg CO2e of CH4 per unit,1.48592
1527,Average laden,kg CO2e of CH4 per unit,1.24322
1528,Average laden,kg CO2e of CH4 per unit,0.63282
1529,Average laden,kg CO2e of CH4 per unit,0.84375
15210,Average laden,kg CO2e of CH4 per unit,1.05469
15211,Average laden,kg CO2e of CH4 per unit,0.91969
15212,Average laden,kg CO2e of CH4 per unit,1.01842
15213,Average laden,kg CO2e of CH4 per unit,1.35789
15214,Average laden,kg CO2e of CH4 per unit,1.69736
15215,Average laden,kg CO2e of CH4 per unit,1.4801
1520,Average laden,kg CO2e of N2O per unit,0.63216
1521,Average laden,kg CO2e of N2O per unit,0.84093
1522,Average laden,kg CO2e of N2O per unit,1.04971
1523,Average laden,kg CO2e of N2O per unit,0.91411
1524,Average laden,kg CO2e of N2O per unit,1.01736
1525,Average laden,kg CO2e of N2O per unit,1.35335
1526,Average laden,kg CO2e of N2O per unit,1.68934
1527,Average laden,kg CO2e of N2O per unit,1.47111
1528,Average laden,kg CO2e of N2O per unit,0.64764
1529,Average laden,kg CO2e of N2O per unit,0.82378
15210,Average laden,kg CO2e of N2O per unit,0.99992
15211,Average laden,kg CO2e of N2O per unit,0.8791
15212,Average laden,kg CO2e of N2O per unit,1.04228
15213,Average laden,kg CO2e of N2O per unit,1.32575
15214,Average laden,kg CO2e of N2O per unit,1.60922
15215,Average laden,kg CO2e of N2O per unit,1.41477
1530,0% Laden,kg CO2e,0.00532
1531,0% Laden,kg CO2e,0.00532
1532,0% Laden,kg CO2e,0.00532
1533,0% Laden,kg CO2e,0.00532
1534,0% Laden,kg CO2e,0.00855
1535,0% Laden,kg CO2e,0.00855
1536,0% Laden,kg CO2e,0.00855
1537,0% Laden,kg CO2e,0.00855
1538,0% Laden,kg CO2e,0.00648
1539,0% Laden,kg CO2e,0.00648
15310,0% Laden,kg CO2e,0.00648
15311,0% Laden,kg CO2e,0.00648
15312,0% Laden,kg CO2e,0.01043
15313,0% Laden,kg CO2e,0.01043
15314,0% Laden,kg CO2e,0.01043
15315,0% Laden,kg CO2e,0.01043
1530,0% Laden,kg CO2e of CO2 per unit,0.01059
1531,0% Laden,kg CO2e of CO2 per unit,0.01059
1532,0% Laden,kg CO2e of CO2 per unit,0.01059
1533,0% Laden,kg CO2e of CO2 per unit,0.01059
1534,0% Laden,kg CO2e of CO2 per unit,0.01704
1535,0% Laden,kg CO2e of CO2 per unit,0.01704
1536,0% Laden,kg CO2e of CO2 per unit,0.01704
1537,0% Laden,kg CO2e of CO2 per unit,0.01704
1538,0% Laden,kg CO2e of CO2 per unit,0.00888
1539,0% Laden,kg CO2e of CO2 per unit,0.00888
15310,0% Laden,kg CO2e of CO2 per unit,0.00888
15311,0% Laden,kg CO2e of CO2 per unit,0.00888
15312,0% Laden,kg CO2e of CO2 per unit,0.01429
15313,0% Laden,kg CO2e of CO2 per unit,0.01429
15314,0% Laden,kg CO2e of CO2 per unit,0.01429
15315,0% Laden,kg CO2e of CO2 per unit,0.01429
1530,0% Laden,kg CO2e of CH4 per unit,0.01209
1531,0% Laden,kg CO2e of CH4 per unit,0.01209
1532,0% Laden,kg CO2e of CH4 per unit,0.01209
1533,0% Laden,kg CO2e of CH4 per unit,0.01209
1534,0% Laden,kg CO2e of CH4 per unit,0.01944
1535,0% Laden,kg CO2e of CH4 per unit,0.01944
1536,0% Laden,kg CO2e of CH4 per unit,0.01944
1537,0% Laden,kg CO2e of CH4 per unit,0.01944
1538,0% Laden,kg CO2e of CH4 per unit,0.01438
1539,0% Laden,kg CO2e of CH4 per unit,0.01438
15310,0% Laden,kg CO2e of CH4 per unit,0.01438
15311,0% Laden,kg CO2e of CH4 per unit,0.01438
15312,0% Laden,kg CO2e of CH4 per unit,0.02314
15313,0% Laden,kg CO2e of CH4 per unit,0.02314
15314,0% Laden,kg CO2e of CH4 per unit,0.02314
15315,0% Laden,kg CO2e of CH4 per unit,0.02314
1530,0% Laden,kg CO2e of N2O per unit,0.01428
1531,0% Laden,kg CO2e of N2O per unit,0.01428
1532,0% Laden,kg CO2e of N2O per unit,0.01428
1533,0% Laden,kg CO2e of N2O per unit,0.01428
1534,0% Laden,kg CO2e of N2O per unit,0.02299
1535,0% Laden,kg CO2e of N2O per unit,0.02299
1536,0% Laden,kg CO2e of N2O per unit,0.02299
1537,0% Laden,kg CO2e of N2O per unit,0.02299
1538,0% Laden,kg CO2e of N2O per unit,0.01195
1539,0% Laden,kg CO2e of N2O per unit,0.01195
15310,0% Laden,kg CO2e of N2O per unit,0.01195
15311,0% Laden,kg CO2e of N2O per unit,0.01195
15312,0% Laden,kg CO2e of N2O per unit,0.01923
15313,0% Laden,kg CO2e of N2O per unit,0.01923
15314,0% Laden,kg CO2e of N2O per unit,0.01923
15315,0% Laden,kg CO2e of N2O per unit,0.01923
1530,50% Laden,kg CO2e,0.00011
1531,50% Laden,kg CO2e,0.00011
1532,50% Laden,kg CO2e,0.00011
1533,50% Laden,kg CO2e,0.00011
1534,50% Laden,kg CO2e,0.00018
1535,50% Laden,kg CO2e,0.00018
1536,50% Laden,kg CO2e,0.00018
1537,50% Laden,kg CO2e,0.00018
1538,50% Laden,kg CO2e,0.00013
1539,50% Laden,kg CO2e,0.00013
15310,50% Laden,kg CO2e,0.00013
15311,50% Laden,kg CO2e,0.00013
15312,50% Laden,kg CO2e,0.00022
15313,50% Laden,kg CO2e,0.00022
15314,50% Laden,kg CO2e,0.00022
15315,50% Laden,kg CO2e,0.00022
1530,50% Laden,kg CO2e of CO2 per unit,0.00022
1531,50% Laden,kg CO2e of CO2 per unit,0.00022
1532,50% Laden,kg CO2e of CO2 per unit,0.00022
1533,50% Laden,kg CO2e of CO2 per unit,0.00022
1534,50% Laden,kg CO2e of CO2 per unit,0.00037
1535,50% Laden,kg CO2e of CO2 per unit,0.00037
1536,50% Laden,kg CO2e of CO2 per unit,0.00037
1537,50% Laden,kg CO2e of CO2 per unit,0.00037
1538,50% Laden,kg CO2e of CO2 per unit,0.00019
1539,50% Laden,kg CO2e of CO2 per unit,0.00019
15310,50% Laden,kg CO2e of CO2 per unit,0.00019
15311,50% Laden,kg CO2e of CO2 per unit,0.00019
15312,50% Laden,kg CO2e of CO2 per unit,0.0003
15313,50% Laden,kg CO2e of CO2 per unit,0.0003
15314,50% Laden,kg CO2e of CO2 per unit,0.0003
15315,50% Laden,kg CO2e of CO2 per unit,0.0003
1530,50% Laden,kg CO2e of CH4 per unit,0.00012
1531,50% Laden,kg CO2e of CH4 per unit,0.00012
1532,50% Laden,kg CO2e of CH4 per unit,0.00012
1533,50% Laden,kg CO2e of CH4 per unit,0.00012
1534,50% Laden,kg CO2e of CH4 per unit,0.00019
1535,50% Laden,kg CO2e of CH4 per unit,0.00019
1536,50% Laden,kg CO2e of CH4 per unit,0.00019
1537,50% Laden,kg CO2e of CH4 per unit,0.00019
1538,50% Laden,kg CO2e of CH4 per unit,0.00015
1539,50% Laden,kg CO2e of CH4 per unit,0.00015
15310,50% Laden,kg CO2e of CH4 per unit,0.00015
15311,50% Laden,kg CO2e of CH4 per unit,0.00015
15312,50% Laden,kg CO2e of CH4 per unit,0.00022
15313,50% Laden,kg CO2e of CH4 per unit,0.00022
15314,50% Laden,kg CO2e of CH4 per unit,0.00022
15315,50% Laden,kg CO2e of CH4 per unit,0.00022
1530,50% Laden,kg CO2e of N2O per unit,0.00015
1531,50% Laden,kg CO2e of N2O per unit,0.00015
1532,50% Laden,kg CO2e of N2O per unit,0.00015
1533,50% Laden,kg CO2e of N2O per unit,0.00015
1534,50% Laden,kg CO2e of N2O per unit,0.00022
1535,50% Laden,kg CO2e of N2O per unit,0.00022
1536,50% Laden,kg CO2e of N2O per unit,0.00022
1537,50% Laden,kg CO2e of N2O per unit,0.00022
1538,50% Laden,kg CO2e of N2O per unit,0.00016
1539,50% Laden,kg CO2e of N2O per unit,0.00016
15310,50% Laden,kg CO2e of N2O per unit,0.00016
15311,50% Laden,kg CO2e of N2O per unit,0.00016
15312,50% Laden,kg CO2e of N2O per unit,0.00026
15313,50% Laden,kg CO2e of N2O per unit,0.00026
15314,50% Laden,kg CO2e of N2O per unit,0.00026
15315,50% Laden,kg CO2e of N2O per unit,0.00026
1530,100% Laden,kg CO2e,0.54937
1531,100% Laden,kg CO2e,0.59667
1532,100% Laden,kg CO2e,0.64397
1533,100% Laden,kg CO2e,0.59005
1534,100% Laden,kg CO2e,0.88412
1535,100% Laden,kg CO2e,0.96024
1536,100% Laden,kg CO2e,1.03637
1537,100% Laden,kg CO2e,0.94959
1538,100% Laden,kg CO2e,0.65559
1539,100% Laden,kg CO2e,0.7483
15310,100% Laden,kg CO2e,0.84101
15311,100% Laden,kg CO2e,0.72049
15312,100% Laden,kg CO2e,1.05508
15313,100% Laden,kg CO2e,1.20428
15314,100% Laden,kg CO2e,1.35348
15315,100% Laden,kg CO2e,1.15952
1530,100% Laden,kg CO2e of CO2 per unit,0.92128
1531,100% Laden,kg CO2e of CO2 per unit,1.12114
1532,100% Laden,kg CO2e of CO2 per unit,1.321
1533,100% Laden,kg CO2e of CO2 per unit,1.18083
1534,100% Laden,kg CO2e of CO2 per unit,1.48266
1535,100% Laden,kg CO2e of CO2 per unit,1.8043
1536,100% Laden,kg CO2e of CO2 per unit,2.12594
1537,100% Laden,kg CO2e of CO2 per unit,1.90036
1538,100% Laden,kg CO2e of CO2 per unit,0.80843
1539,100% Laden,kg CO2e of CO2 per unit,0.96223
15310,100% Laden,kg CO2e of CO2 per unit,1.11603
15311,100% Laden,kg CO2e of CO2 per unit,0.99739
15312,100% Laden,kg CO2e of CO2 per unit,1.30103
15313,100% Laden,kg CO2e of CO2 per unit,1.54855
15314,100% Laden,kg CO2e of CO2 per unit,1.79606
15315,100% Laden,kg CO2e of CO2 per unit,1.60513
1530,100% Laden,kg CO2e of CH4 per unit,0.72566
1531,100% Laden,kg CO2e of CH4 per unit,0.90403
1532,100% Laden,kg CO2e of CH4 per unit,1.08239
1533,100% Laden,kg CO2e of CH4 per unit,0.90759
1534,100% Laden,kg CO2e of CH4 per unit,1.16782
1535,100% Laden,kg CO2e of CH4 per unit,1.45487
1536,100% Laden,kg CO2e of CH4 per unit,1.74192
1537,100% Laden,kg CO2e of CH4 per unit,1.46061
1538,100% Laden,kg CO2e of CH4 per unit,0.748
1539,100% Laden,kg CO2e of CH4 per unit,0.99249
15310,100% Laden,kg CO2e of CH4 per unit,1.23699
15311,100% Laden,kg CO2e of CH4 per unit,1.08051
15312,100% Laden,kg CO2e of CH4 per unit,1.20378
15313,100% Laden,kg CO2e of CH4 per unit,1.59725
15314,100% Laden,kg CO2e of CH4 per unit,1.99073
15315,100% Laden,kg CO2e of CH4 per unit,1.7389
1530,100% Laden,kg CO2e of N2O per unit,0.74715
1531,100% Laden,kg CO2e of N2O per unit,0.98913
1532,100% Laden,kg CO2e of N2O per unit,1.23112
1533,100% Laden,kg CO2e of N2O per unit,1.07395
1534,100% Laden,kg CO2e of N2O per unit,1.20241
1535,100% Laden,kg CO2e of N2O per unit,1.59184
1536,100% Laden,kg CO2e of N2O per unit,1.98128
1537,100% Laden,kg CO2e of N2O per unit,1.72834
1538,100% Laden,kg CO2e of N2O per unit,0.77175
1539,100% Laden,kg CO2e of N2O per unit,0.97835
15310,100% Laden,kg CO2e of N2O per unit,1.18495
15311,100% Laden,kg CO2e of N2O per unit,1.04323
15312,100% Laden,kg CO2e of N2O per unit,1.242
15313,100% Laden,kg CO2e of N2O per unit,1.5745
15314,100% Laden,kg CO2e of N2O per unit,1.90699
15315,100% Laden,kg CO2e of N2O per unit,1.67891
1530,Average laden,kg CO2e,0.54394
1531,Average laden,kg CO2e,0.59124
1532,Average laden,kg CO2e,0.63854
1533,Average laden,kg CO2e,0.58462
1534,Average laden,kg CO2e,0.87539
1535,Average laden,kg CO2e,0.95151
1536,Average laden,kg CO2e,1.02764
1537,Average laden,kg CO2e,0.94086
1538,Average laden,kg CO2e,0.64897
1539,Average laden,kg CO2e,0.74168
15310,Average laden,kg CO2e,0.83439
15311,Average laden,kg CO2e,0.71387
15312,Average laden,kg CO2e,1.04442
15313,Average laden,kg CO2e,1.19362
15314,Average laden,kg CO2e,1.34282
15315,Average laden,kg CO2e,1.14886
1530,Average laden,kg CO2e of CO2 per unit,0.91046
1531,Average laden,kg CO2e of CO2 per unit,1.11032
1532,Average laden,kg CO2e of CO2 per unit,1.31018
1533,Average laden,kg CO2e of CO2 per unit,1.17001
1534,Average laden,kg CO2e of CO2 per unit,1.46525
1535,Average laden,kg CO2e of CO2 per unit,1.78689
1536,Average laden,kg CO2e of CO2 per unit,2.10853
1537,Average laden,kg CO2e of CO2 per unit,1.88295
1538,Average laden,kg CO2e of CO2 per unit,0.79936
1539,Average laden,kg CO2e of CO2 per unit,0.95316
15310,Average laden,kg CO2e of CO2 per unit,1.10696
15311,Average laden,kg CO2e of CO2 per unit,0.98832
15312,Average laden,kg CO2e of CO2 per unit,1.28644
15313,Average laden,kg CO2e of CO2 per unit,1.53396
15314,Average laden,kg CO2e of CO2 per unit,1.78147
15315,Average laden,kg CO2e of CO2 per unit,1.59054
1530,Average laden,kg CO2e of CH4 per unit,0.71345
1531,Average laden,kg CO2e of CH4 per unit,0.89182
1532,Average laden,kg CO2e of CH4 per unit,1.07018
1533,Average laden,kg CO2e of CH4 per unit,0.89538
1534,Average laden,kg CO2e of CH4 per unit,1.14819
1535,Average laden,kg CO2e of CH4 per unit,1.43524
1536,Average laden,kg CO2e of CH4 per unit,1.72229
1537,Average laden,kg CO2e of CH4 per unit,1.44098
1538,Average laden,kg CO2e of CH4 per unit,0.73348
1539,Average laden,kg CO2e of CH4 per unit,0.97797
15310,Average laden,kg CO2e of CH4 per unit,1.22247
15311,Average laden,kg CO2e of CH4 per unit,1.06599
15312,Average laden,kg CO2e of CH4 per unit,1.18042
15313,Average laden,kg CO2e of CH4 per unit,1.57389
15314,Average laden,kg CO2e of CH4 per unit,1.96737
15315,Average laden,kg CO2e of CH4 per unit,1.71554
1530,Average laden,kg CO2e of N2O per unit,0.73272
1531,Average laden,kg CO2e of N2O per unit,0.9747
1532,Average laden,kg CO2e of N2O per unit,1.21669
1533,Average laden,kg CO2e of N2O per unit,1.05952
1534,Average laden,kg CO2e of N2O per unit,1.1792
1535,Average laden,kg CO2e of N2O per unit,1.56863
1536,Average laden,kg CO2e of N2O per unit,1.95807
1537,Average laden,kg CO2e of N2O per unit,1.70513
1538,Average laden,kg CO2e of N2O per unit,0.75964
1539,Average laden,kg CO2e of N2O per unit,0.96624
15310,Average laden,kg CO2e of N2O per unit,1.17284
15311,Average laden,kg CO2e of N2O per unit,1.03112
15312,Average laden,kg CO2e of N2O per unit,1.22252
15313,Average laden,kg CO2e of N2O per unit,1.55502
15314,Average laden,kg CO2e of N2O per unit,1.88751
15315,Average laden,kg CO2e of N2O per unit,1.65943
