index,Scope,Level 1,Level 2,Level 3,UOM,Level 4
31810,Scope 3,WTT- delivery vehs & freight,WTT- vans,Class I (up to 1.305 tonnes),tonne.km,
31811,Scope 3,WTT- delivery vehs & freight,WTT- vans,Class I (up to 1.305 tonnes),km,
31812,Scope 3,WTT- delivery vehs & freight,WTT- vans,Class I (up to 1.305 tonnes),miles,
31813,Scope 3,WTT- delivery vehs & freight,WTT- vans,Class II (1.305 to 1.74 tonnes),tonne.km,
31814,Scope 3,WTT- delivery vehs & freight,WTT- vans,Class II (1.305 to 1.74 tonnes),km,
31815,Scope 3,WTT- delivery vehs & freight,WTT- vans,Class II (1.305 to 1.74 tonnes),miles,
31816,Scope 3,WTT- delivery vehs & freight,WTT- vans,Class III (1.74 to 3.5 tonnes),tonne.km,
31817,Scope 3,WTT- delivery vehs & freight,WTT- vans,Class III (1.74 to 3.5 tonnes),km,
31818,Scope 3,WTT- delivery vehs & freight,WTT- vans,Class III (1.74 to 3.5 tonnes),miles,
31819,Scope 3,WTT- delivery vehs & freight,WTT- vans,Average (up to 3.5 tonnes),tonne.km,
318110,Scope 3,WTT- delivery vehs & freight,WTT- vans,Average (up to 3.5 tonnes),km,
318111,Scope 3,WTT- delivery vehs & freight,WTT- vans,Average (up to 3.5 tonnes),miles,
31820,Scope 3,WTT- delivery vehs & freight,WTT- HGV (all diesel),Rigid (>3.5 - 7.5 tonnes),tonne.km,
31821,Scope 3,WTT- delivery vehs & freight,WTT- HGV (all diesel),Rigid (>3.5 - 7.5 tonnes),km,
31822,Scope 3,WTT- delivery vehs & freight,WTT- HGV (all diesel),Rigid (>3.5 - 7.5 tonnes),miles,
31823,Scope 3,WTT- delivery vehs & freight,WTT- HGV (all diesel),Rigid (>7.5 tonnes-17 tonnes),tonne.km,
31824,Scope 3,WTT- delivery vehs & freight,WTT- HGV (all diesel),Rigid (>7.5 tonnes-17 tonnes),km,
31825,Scope 3,WTT- delivery vehs & freight,WTT- HGV (all diesel),Rigid (>7.5 tonnes-17 tonnes),miles,
31826,Scope 3,WTT- delivery vehs & freight,WTT- HGV (all diesel),Rigid (>17 tonnes),tonne.km,
31827,Scope 3,WTT- delivery vehs & freight,WTT- HGV (all diesel),Rigid (>17 tonnes),km,
31828,Scope 3,WTT- delivery vehs & freight,WTT- HGV (all diesel),Rigid (>17 tonnes),miles,
31829,Scope 3,WTT- delivery vehs & freight,WTT- HGV (all diesel),All rigids,tonne.km,
318210,Scope 3,WTT- delivery vehs & freight,WTT- HGV (all diesel),All rigids,km,
318211,Scope 3,WTT- delivery vehs & freight,WTT- HGV (all diesel),All rigids,miles,
318212,Scope 3,WTT- delivery vehs & freight,WTT- HGV (all diesel),Articulated (>3.5 - 33t),tonne.km,
318213,Scope 3,WTT- delivery vehs & freight,WTT- HGV (all diesel),Articulated (>3.5 - 33t),km,
318214,Scope 3,WTT- delivery vehs & freight,WTT- HGV (all diesel),Articulated (>3.5 - 33t),miles,
318215,Scope 3,WTT- delivery vehs & freight,WTT- HGV (all diesel),Articulated (>33t),tonne.km,
318216,Scope 3,WTT- delivery vehs & freight,WTT- HGV (all diesel),Articulated (>33t),km,
318217,Scope 3,WTT- delivery vehs & freight,WTT- HGV (all diesel),Articulated (>33t),miles,
318218,Scope 3,WTT- delivery vehs & freight,WTT- HGV (all diesel),All artics,tonne.km,
318219,Scope 3,WTT- delivery vehs & freight,WTT- HGV (all diesel),All artics,km,
318220,Scope 3,WTT- delivery vehs & freight,WTT- HGV (all diesel),All artics,miles,
318221,Scope 3,WTT- delivery vehs & freight,WTT- HGV (all diesel),All HGVs,tonne.km,
318222,Scope 3,WTT- delivery vehs & freight,WTT- HGV (all diesel),All HGVs,km,
318223,Scope 3,WTT- delivery vehs & freight,WTT- HGV (all diesel),All HGVs,miles,
31830,Scope 3,WTT- delivery vehs & freight,WTT- HGV refrigerated (all diesel),Rigid (>3.5 - 7.5 tonnes),tonne.km,
31831,Scope 3,WTT- delivery vehs & freight,WTT- HGV refrigerated (all diesel),Rigid (>3.5 - 7.5 tonnes),km,
31832,Scope 3,WTT- delivery vehs & freight,WTT- HGV refrigerated (all diesel),Rigid (>3.5 - 7.5 tonnes),miles,
31833,Scope 3,WTT- delivery vehs & freight,WTT- HGV refrigerated (all diesel),Rigid (>7.5 tonnes-17 tonnes),tonne.km,
31834,Scope 3,WTT- delivery vehs & freight,WTT- HGV refrigerated (all diesel),Rigid (>7.5 tonnes-17 tonnes),km,
31835,Scope 3,WTT- delivery vehs & freight,WTT- HGV refrigerated (all diesel),Rigid (>7.5 tonnes-17 tonnes),miles,
31836,Scope 3,WTT- delivery vehs & freight,WTT- HGV refrigerated (all diesel),Rigid (>17 tonnes),tonne.km,
31837,Scope 3,WTT- delivery vehs & freight,WTT- HGV refrigerated (all diesel),Rigid (>17 tonnes),km,
31838,Scope 3,WTT- delivery vehs & freight,WTT- HGV refrigerated (all diesel),Rigid (>17 tonnes),miles,
31839,Scope 3,WTT- delivery vehs & freight,WTT- HGV refrigerated (all diesel),All rigids,tonne.km,
318310,Scope 3,WTT- delivery vehs & freight,WTT- HGV refrigerated (all diesel),All rigids,km,
318311,Scope 3,WTT- delivery vehs & freight,WTT- HGV refrigerated (all diesel),All rigids,miles,
318312,Scope 3,WTT- delivery vehs & freight,WTT- HGV refrigerated (all diesel),Articulated (>3.5 - 33t),tonne.km,
318313,Scope 3,WTT- delivery vehs & freight,WTT- HGV refrigerated (all diesel),Articulated (>3.5 - 33t),km,
318314,Scope 3,WTT- delivery vehs & freight,WTT- HGV refrigerated (all diesel),Articulated (>3.5 - 33t),miles,
318315,Scope 3,WTT- delivery vehs & freight,WTT- HGV refrigerated (all diesel),Articulated (>33t),tonne.km,
318316,Scope 3,WTT- delivery vehs & freight,WTT- HGV refrigerated (all diesel),Articulated (>33t),km,
318317,Scope 3,WTT- delivery vehs & freight,WTT- HGV refrigerated (all diesel),Articulated (>33t),miles,
318318,Scope 3,WTT- delivery vehs & freight,WTT- HGV refrigerated (all diesel),All artics,tonne.km,
318319,Scope 3,WTT- delivery vehs & freight,WTT- HGV refrigerated (all diesel),All artics,km,
318320,Scope 3,WTT- delivery vehs & freight,WTT- HGV refrigerated (all diesel),All artics,miles,
318321,Scope 3,WTT- delivery vehs & freight,WTT- HGV refrigerated (all diesel),All HGVs,tonne.km,
318322,Scope 3,WTT- delivery vehs & freight,WTT- HGV refrigerated (all diesel),All HGVs,km,
318323,Scope 3,WTT- delivery vehs & freight,WTT- HGV refrigerated (all diesel),All HGVs,miles,
31840,Scope 3,WTT- delivery vehs & freight,WTT- freight flights,"Domestic, to/from UK",tonne.km,
31841,Scope 3,WTT- delivery vehs & freight,WTT- freight flights,"Short-haul, to/from UK",tonne.km,
31842,Scope 3,WTT- delivery vehs & freight,WTT- freight flights,"Long-haul, to/from UK",tonne.km,
31843,Scope 3,WTT- delivery vehs & freight,WTT- freight flights,"International, to/from non-UK",tonne.km,
31850,Scope 3,WTT- delivery vehs & freight,WTT- rail,Freight train,tonne.km,
31860,Scope 3,WTT- delivery vehs & freight,WTT- sea tanker,Crude tanker,tonne.km,"200,000+ dwt"
31861,Scope 3,WTT- delivery vehs & freight,WTT- sea tanker,Crude tanker,tonne.km,"120,000–199,999 dwt"
31862,Scope 3,WTT- delivery vehs & freight,WTT- sea tanker,Crude tanker,tonne.km,"80,000–119,999 dwt"
31863,Scope 3,WTT- delivery vehs & freight,WTT- sea tanker,Crude tanker,tonne.km,"60,000–79,999 dwt"
31864,Scope 3,WTT- delivery vehs & freight,WTT- sea tanker,Crude tanker,tonne.km,"10,000–59,999 dwt"
31865,Scope 3,WTT- delivery vehs & freight,WTT- sea tanker,Crude tanker,tonne.km,0–9999 dwt
31866,Scope 3,WTT- delivery vehs & freight,WTT- sea tanker,Crude tanker,tonne.km,Average
31867,Scope 3,WTT- delivery vehs & freight,WTT- sea tanker,Products tanker ,tonne.km,"60,000+ dwt"
31868,Scope 3,WTT- delivery vehs & freight,WTT- sea tanker,Products tanker ,tonne.km,"20,000–59,999 dwt"
31869,Scope 3,WTT- delivery vehs & freight,WTT- sea tanker,Products tanker ,tonne.km,"10,000–19,999 dwt"
318610,Scope 3,WTT- delivery vehs & freight,WTT- sea tanker,Products tanker ,tonne.km,5000–9999 dwt
318611,Scope 3,WTT- delivery vehs & freight,WTT- sea tanker,Products tanker ,tonne.km,0–4999 dwt
318612,Scope 3,WTT- delivery vehs & freight,WTT- sea tanker,Products tanker ,tonne.km,Average
318613,Scope 3,WTT- delivery vehs & freight,WTT- sea tanker,Chemical tanker ,tonne.km,"20,000+ dwt"
318614,Scope 3,WTT- delivery vehs & freight,WTT- sea tanker,Chemical tanker ,tonne.km,"10,000–19,999 dwt"
318615,Scope 3,WTT- delivery vehs & freight,WTT- sea tanker,Chemical tanker ,tonne.km,5000–9999 dwt
318616,Scope 3,WTT- delivery vehs & freight,WTT- sea tanker,Chemical tanker ,tonne.km,0–4999 dwt
318617,Scope 3,WTT- delivery vehs & freight,WTT- sea tanker,Chemical tanker ,tonne.km,Average
318618,Scope 3,WTT- delivery vehs & freight,WTT- sea tanker,LNG tanker,tonne.km,"200,000+ m3"
318619,Scope 3,WTT- delivery vehs & freight,WTT- sea tanker,LNG tanker,tonne.km,"0–199,999 m3"
318620,Scope 3,WTT- delivery vehs & freight,WTT- sea tanker,LNG tanker,tonne.km,Average
318621,Scope 3,WTT- delivery vehs & freight,WTT- sea tanker,LPG tanker,tonne.km,"50,000+ m3"
318622,Scope 3,WTT- delivery vehs & freight,WTT- sea tanker,LPG tanker,tonne.km,"0–49,999 m3"
318623,Scope 3,WTT- delivery vehs & freight,WTT- sea tanker,LPG tanker,tonne.km,Average
31870,Scope 3,WTT- delivery vehs & freight,WTT- cargo ship,Bulk carrier,tonne.km,"200,000+ dwt"
31871,Scope 3,WTT- delivery vehs & freight,WTT- cargo ship,Bulk carrier,tonne.km,"100,000–199,999 dwt"
31872,Scope 3,WTT- delivery vehs & freight,WTT- cargo ship,Bulk carrier,tonne.km,"60,000–99,999 dwt"
31873,Scope 3,WTT- delivery vehs & freight,WTT- cargo ship,Bulk carrier,tonne.km,"35,000–59,999 dwt"
31874,Scope 3,WTT- delivery vehs & freight,WTT- cargo ship,Bulk carrier,tonne.km,"10,000–34,999 dwt"
31875,Scope 3,WTT- delivery vehs & freight,WTT- cargo ship,Bulk carrier,tonne.km,0–9999 dwt
31876,Scope 3,WTT- delivery vehs & freight,WTT- cargo ship,Bulk carrier,tonne.km,Average
31877,Scope 3,WTT- delivery vehs & freight,WTT- cargo ship,General cargo,tonne.km,"10,000+ dwt"
31878,Scope 3,WTT- delivery vehs & freight,WTT- cargo ship,General cargo,tonne.km,5000–9999 dwt
31879,Scope 3,WTT- delivery vehs & freight,WTT- cargo ship,General cargo,tonne.km,0–4999 dwt
318710,Scope 3,WTT- delivery vehs & freight,WTT- cargo ship,General cargo,tonne.km,"10,000+ dwt 100+ TEU"
318711,Scope 3,WTT- delivery vehs & freight,WTT- cargo ship,General cargo,tonne.km,5000–9999 dwt 100+ TEU
318712,Scope 3,WTT- delivery vehs & freight,WTT- cargo ship,General cargo,tonne.km,0–4999 dwt 100+ TEU
318713,Scope 3,WTT- delivery vehs & freight,WTT- cargo ship,General cargo,tonne.km,Average
318714,Scope 3,WTT- delivery vehs & freight,WTT- cargo ship,Container ship,tonne.km,8000+ TEU
318715,Scope 3,WTT- delivery vehs & freight,WTT- cargo ship,Container ship,tonne.km,5000–7999 TEU
318716,Scope 3,WTT- delivery vehs & freight,WTT- cargo ship,Container ship,tonne.km,3000–4999 TEU
318717,Scope 3,WTT- delivery vehs & freight,WTT- cargo ship,Container ship,tonne.km,2000–2999 TEU
318718,Scope 3,WTT- delivery vehs & freight,WTT- cargo ship,Container ship,tonne.km,1000–1999 TEU
318719,Scope 3,WTT- delivery vehs & freight,WTT- cargo ship,Container ship,tonne.km,0–999 TEU
318720,Scope 3,WTT- delivery vehs & freight,WTT- cargo ship,Container ship,tonne.km,Average
318721,Scope 3,WTT- delivery vehs & freight,WTT- cargo ship,Vehicle transport,tonne.km,4000+ CEU
318722,Scope 3,WTT- delivery vehs & freight,WTT- cargo ship,Vehicle transport,tonne.km,0–3999 CEU
318723,Scope 3,WTT- delivery vehs & freight,WTT- cargo ship,Vehicle transport,tonne.km,Average
318724,Scope 3,WTT- delivery vehs & freight,WTT- cargo ship,RoRo-Ferry,tonne.km,2000+ LM
318725,Scope 3,WTT- delivery vehs & freight,WTT- cargo ship,RoRo-Ferry,tonne.km,0–1999 LM
318726,Scope 3,WTT- delivery vehs & freight,WTT- cargo ship,RoRo-Ferry,tonne.km,Average
318727,Scope 3,WTT- delivery vehs & freight,WTT- cargo ship,Large RoPax ferry,tonne.km,Average
318728,Scope 3,WTT- delivery vehs & freight,WTT- cargo ship,Refrigerated cargo,tonne.km, All dwt
