index,Level 4,GHG/Unit,GHG Conversion Factor
31810,Diesel,kg CO2e,0.20817
31811,Diesel,kg CO2e,0.32847
31812,Diesel,kg CO2e,
31813,Diesel,kg CO2e,
31814,Diesel,kg CO2e,
31815,Diesel,kg CO2e,
31816,Diesel,kg CO2e,0.03481
31817,Diesel,kg CO2e,0.03746
31818,Diesel,kg CO2e,0.05614
31819,Diesel,kg CO2e,
318110,Diesel,kg CO2e,
318111,Diesel,kg CO2e,
31810,Petrol,kg CO2e,
31811,Petrol,kg CO2e,0.00943
31812,Petrol,kg CO2e,0.06028
31813,Petrol,kg CO2e,0.09035
31814,Petrol,kg CO2e,
31815,Petrol,kg CO2e,
31816,Petrol,kg CO2e,
31817,Petrol,kg CO2e,
31818,Petrol,kg CO2e,0.01517
31819,Petrol,kg CO2e,0.14937
318110,Petrol,kg CO2e,0.23153
318111,Petrol,kg CO2e,
31810,CNG,kg CO2e,
31811,CNG,kg CO2e,
31812,CNG,kg CO2e,
31813,CNG,kg CO2e,0.0619
31814,CNG,kg CO2e,0.04602
31815,CNG,kg CO2e,0.06074
31816,CNG,kg CO2e,
31817,CNG,kg CO2e,
31818,CNG,kg CO2e,
31819,CNG,kg CO2e,
318110,CNG,kg CO2e,0.01454
318111,CNG,kg CO2e,0.07407
31810,LPG,kg CO2e,0.09775
31811,LPG,kg CO2e,
31812,LPG,kg CO2e,
31813,LPG,kg CO2e,
31814,LPG,kg CO2e,
31815,LPG,kg CO2e,0.0234
31816,LPG,kg CO2e,0.15037
31817,LPG,kg CO2e,0.24164
31818,LPG,kg CO2e,
31819,LPG,kg CO2e,
318110,LPG,kg CO2e,
318111,LPG,kg CO2e,0.09458
31810,Unknown,kg CO2e,0.05241
31811,Unknown,kg CO2e,0.06706
31812,Unknown,kg CO2e,0.09783
31813,Unknown,kg CO2e,
31814,Unknown,kg CO2e,
31815,Unknown,kg CO2e,
31816,Unknown,kg CO2e,0.03758
31817,Unknown,kg CO2e,0.01979
31818,Unknown,kg CO2e,0.10792
31819,Unknown,kg CO2e,0.15745
318110,Unknown,kg CO2e,
318111,Unknown,kg CO2e,
31810,Plug-in Hybrid Electric Vehicle,kg CO2e,
31811,Plug-in Hybrid Electric Vehicle,kg CO2e,0.06047
31812,Plug-in Hybrid Electric Vehicle,kg CO2e,0.03186
31813,Plug-in Hybrid Electric Vehicle,kg CO2e,0.15095
31814,Plug-in Hybrid Electric Vehicle,kg CO2e,0.22943
31815,Plug-in Hybrid Electric Vehicle,kg CO2e,0.12816
31816,Plug-in Hybrid Electric Vehicle,kg CO2e,0.08119
31817,Plug-in Hybrid Electric Vehicle,kg CO2e,0.15335
31818,Plug-in Hybrid Electric Vehicle,kg CO2e,0.09458
31819,Plug-in Hybrid Electric Vehicle,kg CO2e,0.05633
318110,Plug-in Hybrid Electric Vehicle,kg CO2e,0.06128
318111,Plug-in Hybrid Electric Vehicle,kg CO2e,0.06183
31810,Battery Electric Vehicle,kg CO2e,0.05176
31811,Battery Electric Vehicle,kg CO2e,0.03279
31812,Battery Electric Vehicle,kg CO2e,0.0613
31813,Battery Electric Vehicle,kg CO2e,0.03758
31814,Battery Electric Vehicle,kg CO2e,0.01759
31815,Battery Electric Vehicle,kg CO2e,0.09863
31816,Battery Electric Vehicle,kg CO2e,0.0995
31817,Battery Electric Vehicle,kg CO2e,0.0833
31818,Battery Electric Vehicle,kg CO2e,0.05277
31819,Battery Electric Vehicle,kg CO2e,0.09865
318110,Battery Electric Vehicle,kg CO2e,0.06047
318111,Battery Electric Vehicle,kg CO2e,0.02832
31820,0% Laden,kg CO2e,
31821,0% Laden,kg CO2e,0.10694
31822,0% Laden,kg CO2e,0.05775
31823,0% Laden,kg CO2e,0.12296
31824,0% Laden,kg CO2e,0.11027
31825,0% Laden,kg CO2e,0.11985
31826,0% Laden,kg CO2e,0.12944
31827,0% Laden,kg CO2e,0.11851
31828,0% Laden,kg CO2e,0.17746
31829,0% Laden,kg CO2e,0.19289
318210,0% Laden,kg CO2e,0.20832
318211,0% Laden,kg CO2e,0.19073
318212,0% Laden,kg CO2e,
318213,0% Laden,kg CO2e,0.06373
318214,0% Laden,kg CO2e,0.03585
318215,0% Laden,kg CO2e,0.09246
318216,0% Laden,kg CO2e,0.13207
318217,0% Laden,kg CO2e,0.15094
318218,0% Laden,kg CO2e,0.16981
318219,0% Laden,kg CO2e,0.14453
318220,0% Laden,kg CO2e,0.21255
318221,0% Laden,kg CO2e,0.24292
318222,0% Laden,kg CO2e,0.27328
318223,0% Laden,kg CO2e,0.23259
31820,50% Laden,kg CO2e,
31821,50% Laden,kg CO2e,0.04878
31822,50% Laden,kg CO2e,0.02878
31823,50% Laden,kg CO2e,0.03736
31824,50% Laden,kg CO2e,0.18172
31825,50% Laden,kg CO2e,0.2216
31826,50% Laden,kg CO2e,0.26149
31827,50% Laden,kg CO2e,0.23756
31828,50% Laden,kg CO2e,0.29244
31829,50% Laden,kg CO2e,0.35664
318210,50% Laden,kg CO2e,0.42083
318211,50% Laden,kg CO2e,0.38231
318212,50% Laden,kg CO2e,
318213,50% Laden,kg CO2e,0.05202
318214,50% Laden,kg CO2e,0.03038
318215,50% Laden,kg CO2e,0.04332
318216,50% Laden,kg CO2e,0.16044
318217,50% Laden,kg CO2e,0.19131
318218,50% Laden,kg CO2e,0.22218
318219,50% Laden,kg CO2e,0.20099
318220,50% Laden,kg CO2e,0.2582
318221,50% Laden,kg CO2e,0.30788
318222,50% Laden,kg CO2e,0.35756
318223,50% Laden,kg CO2e,0.32347
31820,100% Laden,kg CO2e,
31821,100% Laden,kg CO2e,0.02731
31822,100% Laden,kg CO2e,0.01639
31823,100% Laden,kg CO2e,0.02731
31824,100% Laden,kg CO2e,0.14831
31825,100% Laden,kg CO2e,0.18538
31826,100% Laden,kg CO2e,0.22246
31827,100% Laden,kg CO2e,0.18538
31828,100% Laden,kg CO2e,0.23868
31829,100% Laden,kg CO2e,0.29835
318210,100% Laden,kg CO2e,0.35802
318211,100% Laden,kg CO2e,0.29835
318212,100% Laden,kg CO2e,
318213,100% Laden,kg CO2e,0.02244
318214,100% Laden,kg CO2e,0.01403
318215,100% Laden,kg CO2e,0.01799
318216,100% Laden,kg CO2e,0.15178
318217,100% Laden,kg CO2e,0.20237
318218,100% Laden,kg CO2e,0.25296
318219,100% Laden,kg CO2e,0.22058
318220,100% Laden,kg CO2e,0.24426
318221,100% Laden,kg CO2e,0.32568
318222,100% Laden,kg CO2e,0.4071
318223,100% Laden,kg CO2e,0.35499
31820,Average laden,kg CO2e,
31821,Average laden,kg CO2e,0.02257
31822,Average laden,kg CO2e,0.01409
31823,Average laden,kg CO2e,0.01823
31824,Average laden,kg CO2e,0.15162
31825,Average laden,kg CO2e,0.20159
31826,Average laden,kg CO2e,0.25157
31827,Average laden,kg CO2e,0.21898
31828,Average laden,kg CO2e,0.24401
31829,Average laden,kg CO2e,0.32444
318210,Average laden,kg CO2e,0.40486
318211,Average laden,kg CO2e,0.35241
318212,Average laden,kg CO2e,
318213,Average laden,kg CO2e,0.02886
318214,Average laden,kg CO2e,0.01757
318215,Average laden,kg CO2e,0.02359
318216,Average laden,kg CO2e,0.15527
318217,Average laden,kg CO2e,0.19734
318218,Average laden,kg CO2e,0.23942
318219,Average laden,kg CO2e,0.21154
318220,Average laden,kg CO2e,0.24987
318221,Average laden,kg CO2e,0.31759
318222,Average laden,kg CO2e,0.38531
318223,Average laden,kg CO2e,0.34045
31830,0% Laden,kg CO2e,
31831,0% Laden,kg CO2e,0.12758
31832,0% Laden,kg CO2e,0.06889
31833,0% Laden,kg CO2e,0.14669
31834,0% Laden,kg CO2e,0.13155
31835,0% Laden,kg CO2e,0.14299
31836,0% Laden,kg CO2e,0.15442
31837,0% Laden,kg CO2e,0.14138
31838,0% Laden,kg CO2e,0.2117
31839,0% Laden,kg CO2e,0.23011
318310,0% Laden,kg CO2e,0.24852
318311,0% Laden,kg CO2e,0.22754
318312,0% Laden,kg CO2e,
318313,0% Laden,kg CO2e,0.07603
318314,0% Laden,kg CO2e,0.04277
318315,0% Laden,kg CO2e,0.11031
318316,0% Laden,kg CO2e,0.15756
318317,0% Laden,kg CO2e,0.18007
318318,0% Laden,kg CO2e,0.20258
318319,0% Laden,kg CO2e,0.17242
318320,0% Laden,kg CO2e,0.25357
318321,0% Laden,kg CO2e,0.2898
318322,0% Laden,kg CO2e,0.32602
318323,0% Laden,kg CO2e,0.27748
31830,50% Laden,kg CO2e,
31831,50% Laden,kg CO2e,0.0582
31832,50% Laden,kg CO2e,0.03434
31833,50% Laden,kg CO2e,0.04457
31834,50% Laden,kg CO2e,0.21678
31835,50% Laden,kg CO2e,0.26437
31836,50% Laden,kg CO2e,0.31196
31837,50% Laden,kg CO2e,0.2834
31838,50% Laden,kg CO2e,0.34888
31839,50% Laden,kg CO2e,0.42546
318310,50% Laden,kg CO2e,0.50205
318311,50% Laden,kg CO2e,0.45609
318312,50% Laden,kg CO2e,
318313,50% Laden,kg CO2e,0.06206
318314,50% Laden,kg CO2e,0.03624
318315,50% Laden,kg CO2e,0.05168
318316,50% Laden,kg CO2e,0.1914
318317,50% Laden,kg CO2e,0.22823
318318,50% Laden,kg CO2e,0.26506
318319,50% Laden,kg CO2e,0.23978
318320,50% Laden,kg CO2e,0.30803
318321,50% Laden,kg CO2e,0.3673
318322,50% Laden,kg CO2e,0.42657
318323,50% Laden,kg CO2e,0.3859
31830,100% Laden,kg CO2e,
31831,100% Laden,kg CO2e,0.03167
31832,100% Laden,kg CO2e,0.019
31833,100% Laden,kg CO2e,0.03167
31834,100% Laden,kg CO2e,0.17199
31835,100% Laden,kg CO2e,0.21499
31836,100% Laden,kg CO2e,0.25799
31837,100% Laden,kg CO2e,0.21499
31838,100% Laden,kg CO2e,0.27679
31839,100% Laden,kg CO2e,0.34599
318310,100% Laden,kg CO2e,0.41519
318311,100% Laden,kg CO2e,0.34599
318312,100% Laden,kg CO2e,
318313,100% Laden,kg CO2e,0.02602
318314,100% Laden,kg CO2e,0.01626
318315,100% Laden,kg CO2e,0.02086
318316,100% Laden,kg CO2e,0.17602
318317,100% Laden,kg CO2e,0.23469
318318,100% Laden,kg CO2e,0.29336
318319,100% Laden,kg CO2e,0.25581
318320,100% Laden,kg CO2e,0.28327
318321,100% Laden,kg CO2e,0.37769
318322,100% Laden,kg CO2e,0.47212
318323,100% Laden,kg CO2e,0.41169
31830,Average laden,kg CO2e,
31831,Average laden,kg CO2e,0.02617
31832,Average laden,kg CO2e,0.01634
31833,Average laden,kg CO2e,0.02114
31834,Average laden,kg CO2e,0.17583
31835,Average laden,kg CO2e,0.23379
31836,Average laden,kg CO2e,0.29175
31837,Average laden,kg CO2e,0.25395
31838,Average laden,kg CO2e,0.28297
31839,Average laden,kg CO2e,0.37625
318310,Average laden,kg CO2e,0.46952
318311,Average laden,kg CO2e,0.40869
318312,Average laden,kg CO2e,
318313,Average laden,kg CO2e,0.03387
318314,Average laden,kg CO2e,0.02062
318315,Average laden,kg CO2e,0.02769
318316,Average laden,kg CO2e,0.1822
318317,Average laden,kg CO2e,0.23157
318318,Average laden,kg CO2e,0.28095
318319,Average laden,kg CO2e,0.24824
318320,Average laden,kg CO2e,0.29322
318321,Average laden,kg CO2e,0.37268
318322,Average laden,kg CO2e,0.45215
318323,Average laden,kg CO2e,0.3995
31840,With RF,kg CO2e,0.57429
31841,With RF,kg CO2e,0.57429
31842,With RF,kg CO2e,0.20515
31843,With RF,kg CO2e,0.20515
31840,Without RF,kg CO2e,0.13516
31841,Without RF,kg CO2e,0.13516
31842,Without RF,kg CO2e,0.13516
31843,Without RF,kg CO2e,0.13516
31850,,kg CO2e,0.00691
31860,,kg CO2e,0.00067
31861,,kg CO2e,0.00101
31862,,kg CO2e,0.00135
31863,,kg CO2e,0.00172
31864,,kg CO2e,0.00209
31865,,kg CO2e,0.00764
31866,,kg CO2e,0.00104
31867,,kg CO2e,0.00131
31868,,kg CO2e,0.00236
31869,,kg CO2e,0.00429
318610,,kg CO2e,0.0067
318611,,kg CO2e,0.01033
318612,,kg CO2e,0.00205
318613,,kg CO2e,0.00193
318614,,kg CO2e,0.00248
318615,,kg CO2e,0.00347
318616,,kg CO2e,0.0051
318617,,kg CO2e,0.00234
318618,,kg CO2e,0.00214
318619,,kg CO2e,0.00333
318620,,kg CO2e,0.00262
318621,,kg CO2e,0.00207
318622,,kg CO2e,0.00999
318623,,kg CO2e,0.00235
31870,,kg CO2e,0.00057
31871,,kg CO2e,0.00069
31872,,kg CO2e,0.00094
31873,,kg CO2e,0.00131
31874,,kg CO2e,0.00181
31875,,kg CO2e,0.0067
31876,,kg CO2e,0.0008
31877,,kg CO2e,0.00273
31878,,kg CO2e,0.00363
31879,,kg CO2e,0.00319
318710,,kg CO2e,0.00253
318711,,kg CO2e,0.00402
318712,,kg CO2e,0.00455
318713,,kg CO2e,0.003
318714,,kg CO2e,0.00287
318715,,kg CO2e,0.00381
318716,,kg CO2e,0.00381
318717,,kg CO2e,0.00459
318718,,kg CO2e,0.00737
318719,,kg CO2e,0.00833
318720,,kg CO2e,0.00365
318721,,kg CO2e,0.00735
318722,,kg CO2e,0.01322
318723,,kg CO2e,0.00873
318724,,kg CO2e,0.01136
318725,,kg CO2e,0.01384
318726,,kg CO2e,0.0117
318727,,kg CO2e,0.08528
318728,,kg CO2e,0.00296
