index,Level 4,GHG/Unit,GHG Conversion Factor
2310,Plug-in Hybrid Electric Vehicle,kg CO2e,
2311,Plug-in Hybrid Electric Vehicle,kg CO2e,0.00023
2312,Plug-in Hybrid Electric Vehicle,kg CO2e,
2313,Plug-in Hybrid Electric Vehicle,kg CO2e,0.00037
2314,Plug-in Hybrid Electric Vehicle,kg CO2e,0.00018
2315,Plug-in Hybrid Electric Vehicle,kg CO2e,0.00024
2316,Plug-in Hybrid Electric Vehicle,kg CO2e,0.00028
2317,Plug-in Hybrid Electric Vehicle,kg CO2e,0.00039
2318,Plug-in Hybrid Electric Vehicle,kg CO2e,0.00012
2319,Plug-in Hybrid Electric Vehicle,kg CO2e,0.00028
23110,Plug-in Hybrid Electric Vehicle,kg CO2e,0.00018
23111,Plug-in Hybrid Electric Vehicle,kg CO2e,0.00044
23112,Plug-in Hybrid Electric Vehicle,kg CO2e,0.00012
23113,Plug-in Hybrid Electric Vehicle,kg CO2e,0.0002
23114,Plug-in Hybrid Electric Vehicle,kg CO2e,0.00019
23115,Plug-in Hybrid Electric Vehicle,kg CO2e,0.00033
23116,Plug-in Hybrid Electric Vehicle,kg CO2e,0.00012
23117,Plug-in Hybrid Electric Vehicle,kg CO2e,0.00027
2310,Plug-in Hybrid Electric Vehicle,kg CO2e of CO2 per unit,0.00019
2311,Plug-in Hybrid Electric Vehicle,kg CO2e of CO2 per unit,0.00044
2312,Plug-in Hybrid Electric Vehicle,kg CO2e of CO2 per unit,0.00013
2313,Plug-in Hybrid Electric Vehicle,kg CO2e of CO2 per unit,0.00031
2314,Plug-in Hybrid Electric Vehicle,kg CO2e of CO2 per unit,0.0002
2315,Plug-in Hybrid Electric Vehicle,kg CO2e of CO2 per unit,0.00051
2316,Plug-in Hybrid Electric Vehicle,kg CO2e of CO2 per unit,0.0001
2317,Plug-in Hybrid Electric Vehicle,kg CO2e of CO2 per unit,0.00039
2318,Plug-in Hybrid Electric Vehicle,kg CO2e of CO2 per unit,0.00015
2319,Plug-in Hybrid Electric Vehicle,kg CO2e of CO2 per unit,0.00063
23110,Plug-in Hybrid Electric Vehicle,kg CO2e of CO2 per unit,0.00016
23111,Plug-in Hybrid Electric Vehicle,kg CO2e of CO2 per unit,0.00036
23112,Plug-in Hybrid Electric Vehicle,kg CO2e of CO2 per unit,0.00026
23113,Plug-in Hybrid Electric Vehicle,kg CO2e of CO2 per unit,0.00058
23114,Plug-in Hybrid Electric Vehicle,kg CO2e of CO2 per unit,0.00023
23115,Plug-in Hybrid Electric Vehicle,kg CO2e of CO2 per unit,0.00036
23116,Plug-in Hybrid Electric Vehicle,kg CO2e of CO2 per unit,0.00037
23117,Plug-in Hybrid Electric Vehicle,kg CO2e of CO2 per unit,0.00059
2310,Plug-in Hybrid Electric Vehicle,kg CO2e of CH4 per unit,
2311,Plug-in Hybrid Electric Vehicle,kg CO2e of CH4 per unit,0.00017
2312,Plug-in Hybrid Electric Vehicle,kg CO2e of CH4 per unit,
2313,Plug-in Hybrid Electric Vehicle,kg CO2e of CH4 per unit,0.00027
2314,Plug-in Hybrid Electric Vehicle,kg CO2e of CH4 per unit,0.00012
2315,Plug-in Hybrid Electric Vehicle,kg CO2e of CH4 per unit,0.00018
2316,Plug-in Hybrid Electric Vehicle,kg CO2e of CH4 per unit,0.0002
2317,Plug-in Hybrid Electric Vehicle,kg CO2e of CH4 per unit,0.00029
2318,Plug-in Hybrid Electric Vehicle,kg CO2e of CH4 per unit,8e-05
2319,Plug-in Hybrid Electric Vehicle,kg CO2e of CH4 per unit,0.0002
23110,Plug-in Hybrid Electric Vehicle,kg CO2e of CH4 per unit,0.00013
23111,Plug-in Hybrid Electric Vehicle,kg CO2e of CH4 per unit,0.00032
23112,Plug-in Hybrid Electric Vehicle,kg CO2e of CH4 per unit,8e-05
23113,Plug-in Hybrid Electric Vehicle,kg CO2e of CH4 per unit,0.00015
23114,Plug-in Hybrid Electric Vehicle,kg CO2e of CH4 per unit,0.00013
23115,Plug-in Hybrid Electric Vehicle,kg CO2e of CH4 per unit,0.00025
23116,Plug-in Hybrid Electric Vehicle,kg CO2e of CH4 per unit,9e-05
23117,Plug-in Hybrid Electric Vehicle,kg CO2e of CH4 per unit,0.0002
2310,Plug-in Hybrid Electric Vehicle,kg CO2e of N2O per unit,0.00013
2311,Plug-in Hybrid Electric Vehicle,kg CO2e of N2O per unit,0.00031
2312,Plug-in Hybrid Electric Vehicle,kg CO2e of N2O per unit,9e-05
2313,Plug-in Hybrid Electric Vehicle,kg CO2e of N2O per unit,0.00024
2314,Plug-in Hybrid Electric Vehicle,kg CO2e of N2O per unit,0.00016
2315,Plug-in Hybrid Electric Vehicle,kg CO2e of N2O per unit,0.00037
2316,Plug-in Hybrid Electric Vehicle,kg CO2e of N2O per unit,7e-05
2317,Plug-in Hybrid Electric Vehicle,kg CO2e of N2O per unit,0.00029
2318,Plug-in Hybrid Electric Vehicle,kg CO2e of N2O per unit,0.00011
2319,Plug-in Hybrid Electric Vehicle,kg CO2e of N2O per unit,0.00046
23110,Plug-in Hybrid Electric Vehicle,kg CO2e of N2O per unit,0.00011
23111,Plug-in Hybrid Electric Vehicle,kg CO2e of N2O per unit,0.00026
23112,Plug-in Hybrid Electric Vehicle,kg CO2e of N2O per unit,0.00019
23113,Plug-in Hybrid Electric Vehicle,kg CO2e of N2O per unit,0.00043
23114,Plug-in Hybrid Electric Vehicle,kg CO2e of N2O per unit,0.00017
23115,Plug-in Hybrid Electric Vehicle,kg CO2e of N2O per unit,0.00027
23116,Plug-in Hybrid Electric Vehicle,kg CO2e of N2O per unit,0.00028
23117,Plug-in Hybrid Electric Vehicle,kg CO2e of N2O per unit,0.00043
2310,Battery Electric Vehicle,kg CO2e,
2311,Battery Electric Vehicle,kg CO2e,0.03005
2312,Battery Electric Vehicle,kg CO2e,
2313,Battery Electric Vehicle,kg CO2e,0.04836
2314,Battery Electric Vehicle,kg CO2e,0.02408
2315,Battery Electric Vehicle,kg CO2e,0.03419
2316,Battery Electric Vehicle,kg CO2e,0.03877
2317,Battery Electric Vehicle,kg CO2e,0.05502
2318,Battery Electric Vehicle,kg CO2e,0.009
2319,Battery Electric Vehicle,kg CO2e,0.03483
23110,Battery Electric Vehicle,kg CO2e,0.01448
23111,Battery Electric Vehicle,kg CO2e,0.05606
23112,Battery Electric Vehicle,kg CO2e,0.00964
23113,Battery Electric Vehicle,kg CO2e,0.03781
23114,Battery Electric Vehicle,kg CO2e,0.01553
23115,Battery Electric Vehicle,kg CO2e,0.06086
23116,Battery Electric Vehicle,kg CO2e,0.00793
23117,Battery Electric Vehicle,kg CO2e,0.03351
2310,Battery Electric Vehicle,kg CO2e of CO2 per unit,0.01274
2311,Battery Electric Vehicle,kg CO2e of CO2 per unit,0.05392
2312,Battery Electric Vehicle,kg CO2e of CO2 per unit,0.00924
2313,Battery Electric Vehicle,kg CO2e of CO2 per unit,0.04438
2314,Battery Electric Vehicle,kg CO2e of CO2 per unit,0.01488
2315,Battery Electric Vehicle,kg CO2e of CO2 per unit,0.07141
2316,Battery Electric Vehicle,kg CO2e of CO2 per unit,0.00675
2317,Battery Electric Vehicle,kg CO2e of CO2 per unit,0.05667
2318,Battery Electric Vehicle,kg CO2e of CO2 per unit,0.01085
2319,Battery Electric Vehicle,kg CO2e of CO2 per unit,0.0912
23110,Battery Electric Vehicle,kg CO2e of CO2 per unit,0.01319
23111,Battery Electric Vehicle,kg CO2e of CO2 per unit,0.03826
23112,Battery Electric Vehicle,kg CO2e of CO2 per unit,0.02124
23113,Battery Electric Vehicle,kg CO2e of CO2 per unit,0.0616
23114,Battery Electric Vehicle,kg CO2e of CO2 per unit,0.01674
23115,Battery Electric Vehicle,kg CO2e of CO2 per unit,0.04709
23116,Battery Electric Vehicle,kg CO2e of CO2 per unit,0.02695
23117,Battery Electric Vehicle,kg CO2e of CO2 per unit,0.07578
2310,Battery Electric Vehicle,kg CO2e of CH4 per unit,
2311,Battery Electric Vehicle,kg CO2e of CH4 per unit,0.02965
2312,Battery Electric Vehicle,kg CO2e of CH4 per unit,
2313,Battery Electric Vehicle,kg CO2e of CH4 per unit,0.04772
2314,Battery Electric Vehicle,kg CO2e of CH4 per unit,0.02378
2315,Battery Electric Vehicle,kg CO2e of CH4 per unit,0.03377
2316,Battery Electric Vehicle,kg CO2e of CH4 per unit,0.03828
2317,Battery Electric Vehicle,kg CO2e of CH4 per unit,0.05434
2318,Battery Electric Vehicle,kg CO2e of CH4 per unit,0.00881
2319,Battery Electric Vehicle,kg CO2e of CH4 per unit,0.03435
23110,Battery Electric Vehicle,kg CO2e of CH4 per unit,0.01417
23111,Battery Electric Vehicle,kg CO2e of CH4 per unit,0.05529
23112,Battery Electric Vehicle,kg CO2e of CH4 per unit,0.00945
23113,Battery Electric Vehicle,kg CO2e of CH4 per unit,0.03746
23114,Battery Electric Vehicle,kg CO2e of CH4 per unit,0.01521
23115,Battery Electric Vehicle,kg CO2e of CH4 per unit,0.06028
23116,Battery Electric Vehicle,kg CO2e of CH4 per unit,0.00772
23117,Battery Electric Vehicle,kg CO2e of CH4 per unit,0.03304
2310,Battery Electric Vehicle,kg CO2e of N2O per unit,0.01242
2311,Battery Electric Vehicle,kg CO2e of N2O per unit,0.05317
2312,Battery Electric Vehicle,kg CO2e of N2O per unit,0.00902
2313,Battery Electric Vehicle,kg CO2e of N2O per unit,0.04383
2314,Battery Electric Vehicle,kg CO2e of N2O per unit,0.01452
2315,Battery Electric Vehicle,kg CO2e of N2O per unit,0.07053
2316,Battery Electric Vehicle,kg CO2e of N2O per unit,0.00658
2317,Battery Electric Vehicle,kg CO2e of N2O per unit,0.05599
2318,Battery Electric Vehicle,kg CO2e of N2O per unit,0.01059
2319,Battery Electric Vehicle,kg CO2e of N2O per unit,0.09011
23110,Battery Electric Vehicle,kg CO2e of N2O per unit,0.01292
23111,Battery Electric Vehicle,kg CO2e of N2O per unit,0.03765
23112,Battery Electric Vehicle,kg CO2e of N2O per unit,0.02079
23113,Battery Electric Vehicle,kg CO2e of N2O per unit,0.0606
23114,Battery Electric Vehicle,kg CO2e of N2O per unit,0.01634
23115,Battery Electric Vehicle,kg CO2e of N2O per unit,0.04646
23116,Battery Electric Vehicle,kg CO2e of N2O per unit,0.0263
23117,Battery Electric Vehicle,kg CO2e of N2O per unit,0.07477
2320,Plug-in Hybrid Electric Vehicle,kg CO2e,0.00018
2321,Plug-in Hybrid Electric Vehicle,kg CO2e,0.00024
2322,Plug-in Hybrid Electric Vehicle,kg CO2e,0.00028
2323,Plug-in Hybrid Electric Vehicle,kg CO2e,0.00038
2324,Plug-in Hybrid Electric Vehicle,kg CO2e,0.00012
2325,Plug-in Hybrid Electric Vehicle,kg CO2e,0.00028
2326,Plug-in Hybrid Electric Vehicle,kg CO2e,0.00018
2327,Plug-in Hybrid Electric Vehicle,kg CO2e,0.00044
2320,Plug-in Hybrid Electric Vehicle,kg CO2e of CO2 per unit,0.00015
2321,Plug-in Hybrid Electric Vehicle,kg CO2e of CO2 per unit,0.00032
2322,Plug-in Hybrid Electric Vehicle,kg CO2e of CO2 per unit,0.00024
2323,Plug-in Hybrid Electric Vehicle,kg CO2e of CO2 per unit,0.00052
2324,Plug-in Hybrid Electric Vehicle,kg CO2e of CO2 per unit,0.00013
2325,Plug-in Hybrid Electric Vehicle,kg CO2e of CO2 per unit,0.00028
2326,Plug-in Hybrid Electric Vehicle,kg CO2e of CO2 per unit,0.00022
2327,Plug-in Hybrid Electric Vehicle,kg CO2e of CO2 per unit,0.00046
2320,Plug-in Hybrid Electric Vehicle,kg CO2e of CH4 per unit,0.00012
2321,Plug-in Hybrid Electric Vehicle,kg CO2e of CH4 per unit,0.00018
2322,Plug-in Hybrid Electric Vehicle,kg CO2e of CH4 per unit,0.0002
2323,Plug-in Hybrid Electric Vehicle,kg CO2e of CH4 per unit,0.00028
2324,Plug-in Hybrid Electric Vehicle,kg CO2e of CH4 per unit,8e-05
2325,Plug-in Hybrid Electric Vehicle,kg CO2e of CH4 per unit,0.0002
2326,Plug-in Hybrid Electric Vehicle,kg CO2e of CH4 per unit,0.00013
2327,Plug-in Hybrid Electric Vehicle,kg CO2e of CH4 per unit,0.00032
2320,Plug-in Hybrid Electric Vehicle,kg CO2e of N2O per unit,0.00011
2321,Plug-in Hybrid Electric Vehicle,kg CO2e of N2O per unit,0.00024
2322,Plug-in Hybrid Electric Vehicle,kg CO2e of N2O per unit,0.00018
2323,Plug-in Hybrid Electric Vehicle,kg CO2e of N2O per unit,0.00038
2324,Plug-in Hybrid Electric Vehicle,kg CO2e of N2O per unit,0.0001
2325,Plug-in Hybrid Electric Vehicle,kg CO2e of N2O per unit,0.00021
2326,Plug-in Hybrid Electric Vehicle,kg CO2e of N2O per unit,0.00016
2327,Plug-in Hybrid Electric Vehicle,kg CO2e of N2O per unit,0.00034
2320,Battery Electric Vehicle,kg CO2e,0.02408
2321,Battery Electric Vehicle,kg CO2e,0.03339
2322,Battery Electric Vehicle,kg CO2e,0.03877
2323,Battery Electric Vehicle,kg CO2e,0.05372
2324,Battery Electric Vehicle,kg CO2e,0.00931
2325,Battery Electric Vehicle,kg CO2e,0.03513
2326,Battery Electric Vehicle,kg CO2e,0.01499
2327,Battery Electric Vehicle,kg CO2e,0.05654
2320,Battery Electric Vehicle,kg CO2e of CO2 per unit,0.01266
2321,Battery Electric Vehicle,kg CO2e of CO2 per unit,0.03807
2322,Battery Electric Vehicle,kg CO2e of CO2 per unit,0.02037
2323,Battery Electric Vehicle,kg CO2e of CO2 per unit,0.06127
2324,Battery Electric Vehicle,kg CO2e of CO2 per unit,0.01171
2325,Battery Electric Vehicle,kg CO2e of CO2 per unit,0.03663
2326,Battery Electric Vehicle,kg CO2e of CO2 per unit,0.01885
2327,Battery Electric Vehicle,kg CO2e of CO2 per unit,0.05894
2320,Battery Electric Vehicle,kg CO2e of CH4 per unit,0.02378
2321,Battery Electric Vehicle,kg CO2e of CH4 per unit,0.03297
2322,Battery Electric Vehicle,kg CO2e of CH4 per unit,0.03828
2323,Battery Electric Vehicle,kg CO2e of CH4 per unit,0.05306
2324,Battery Electric Vehicle,kg CO2e of CH4 per unit,0.00912
2325,Battery Electric Vehicle,kg CO2e of CH4 per unit,0.03465
2326,Battery Electric Vehicle,kg CO2e of CH4 per unit,0.01468
2327,Battery Electric Vehicle,kg CO2e of CH4 per unit,0.05577
2320,Battery Electric Vehicle,kg CO2e of N2O per unit,0.0124
2321,Battery Electric Vehicle,kg CO2e of N2O per unit,0.03751
2322,Battery Electric Vehicle,kg CO2e of N2O per unit,0.01995
2323,Battery Electric Vehicle,kg CO2e of N2O per unit,0.06037
2324,Battery Electric Vehicle,kg CO2e of N2O per unit,0.01148
2325,Battery Electric Vehicle,kg CO2e of N2O per unit,0.03613
2326,Battery Electric Vehicle,kg CO2e of N2O per unit,0.01847
2327,Battery Electric Vehicle,kg CO2e of N2O per unit,0.05814
2330,Plug-in Hybrid Electric Vehicle,kg CO2e,
2331,Plug-in Hybrid Electric Vehicle,kg CO2e,0.00099
2332,Plug-in Hybrid Electric Vehicle,kg CO2e,
2333,Plug-in Hybrid Electric Vehicle,kg CO2e,0.0002
2334,Plug-in Hybrid Electric Vehicle,kg CO2e,
2335,Plug-in Hybrid Electric Vehicle,kg CO2e,0.00034
2336,Plug-in Hybrid Electric Vehicle,kg CO2e,
2337,Plug-in Hybrid Electric Vehicle,kg CO2e,0.00129
2338,Plug-in Hybrid Electric Vehicle,kg CO2e,
2339,Plug-in Hybrid Electric Vehicle,kg CO2e,0.00028
23310,Plug-in Hybrid Electric Vehicle,kg CO2e,
23311,Plug-in Hybrid Electric Vehicle,kg CO2e,0.00046
2330,Plug-in Hybrid Electric Vehicle,kg CO2e of CO2 per unit,0.00023
2331,Plug-in Hybrid Electric Vehicle,kg CO2e of CO2 per unit,0.00121
2332,Plug-in Hybrid Electric Vehicle,kg CO2e of CO2 per unit,9e-05
2333,Plug-in Hybrid Electric Vehicle,kg CO2e of CO2 per unit,0.0004
2334,Plug-in Hybrid Electric Vehicle,kg CO2e of CO2 per unit,0.00015
2335,Plug-in Hybrid Electric Vehicle,kg CO2e of CO2 per unit,0.00065
2336,Plug-in Hybrid Electric Vehicle,kg CO2e of CO2 per unit,0.00023
2337,Plug-in Hybrid Electric Vehicle,kg CO2e of CO2 per unit,0.00129
2338,Plug-in Hybrid Electric Vehicle,kg CO2e of CO2 per unit,9e-05
2339,Plug-in Hybrid Electric Vehicle,kg CO2e of CO2 per unit,0.00028
23310,Plug-in Hybrid Electric Vehicle,kg CO2e of CO2 per unit,0.00015
23311,Plug-in Hybrid Electric Vehicle,kg CO2e of CO2 per unit,0.00046
2330,Plug-in Hybrid Electric Vehicle,kg CO2e of CH4 per unit,
2331,Plug-in Hybrid Electric Vehicle,kg CO2e of CH4 per unit,0.00073
2332,Plug-in Hybrid Electric Vehicle,kg CO2e of CH4 per unit,
2333,Plug-in Hybrid Electric Vehicle,kg CO2e of CH4 per unit,0.00016
2334,Plug-in Hybrid Electric Vehicle,kg CO2e of CH4 per unit,
2335,Plug-in Hybrid Electric Vehicle,kg CO2e of CH4 per unit,0.00025
2336,Plug-in Hybrid Electric Vehicle,kg CO2e of CH4 per unit,
2337,Plug-in Hybrid Electric Vehicle,kg CO2e of CH4 per unit,0.00095
2338,Plug-in Hybrid Electric Vehicle,kg CO2e of CH4 per unit,
2339,Plug-in Hybrid Electric Vehicle,kg CO2e of CH4 per unit,0.00021
23310,Plug-in Hybrid Electric Vehicle,kg CO2e of CH4 per unit,
23311,Plug-in Hybrid Electric Vehicle,kg CO2e of CH4 per unit,0.00034
2330,Plug-in Hybrid Electric Vehicle,kg CO2e of N2O per unit,0.00017
2331,Plug-in Hybrid Electric Vehicle,kg CO2e of N2O per unit,0.00088
2332,Plug-in Hybrid Electric Vehicle,kg CO2e of N2O per unit,7e-05
2333,Plug-in Hybrid Electric Vehicle,kg CO2e of N2O per unit,0.00029
2334,Plug-in Hybrid Electric Vehicle,kg CO2e of N2O per unit,0.00011
2335,Plug-in Hybrid Electric Vehicle,kg CO2e of N2O per unit,0.00047
2336,Plug-in Hybrid Electric Vehicle,kg CO2e of N2O per unit,0.00017
2337,Plug-in Hybrid Electric Vehicle,kg CO2e of N2O per unit,0.00094
2338,Plug-in Hybrid Electric Vehicle,kg CO2e of N2O per unit,7e-05
2339,Plug-in Hybrid Electric Vehicle,kg CO2e of N2O per unit,0.00021
23310,Plug-in Hybrid Electric Vehicle,kg CO2e of N2O per unit,0.00011
23311,Plug-in Hybrid Electric Vehicle,kg CO2e of N2O per unit,0.00034
2330,Battery Electric Vehicle,kg CO2e,
2331,Battery Electric Vehicle,kg CO2e,0.11293
2332,Battery Electric Vehicle,kg CO2e,
2333,Battery Electric Vehicle,kg CO2e,0.03438
2334,Battery Electric Vehicle,kg CO2e,
2335,Battery Electric Vehicle,kg CO2e,0.05534
2336,Battery Electric Vehicle,kg CO2e,
2337,Battery Electric Vehicle,kg CO2e,0.22553
2338,Battery Electric Vehicle,kg CO2e,
2339,Battery Electric Vehicle,kg CO2e,0.05229
23310,Battery Electric Vehicle,kg CO2e,
23311,Battery Electric Vehicle,kg CO2e,0.08415
2330,Battery Electric Vehicle,kg CO2e of CO2 per unit,0.03527
2331,Battery Electric Vehicle,kg CO2e of CO2 per unit,0.18574
2332,Battery Electric Vehicle,kg CO2e of CO2 per unit,0.01392
2333,Battery Electric Vehicle,kg CO2e of CO2 per unit,0.06887
2334,Battery Electric Vehicle,kg CO2e of CO2 per unit,0.0224
2335,Battery Electric Vehicle,kg CO2e of CO2 per unit,0.11085
2336,Battery Electric Vehicle,kg CO2e of CO2 per unit,0.03527
2337,Battery Electric Vehicle,kg CO2e of CO2 per unit,0.19907
2338,Battery Electric Vehicle,kg CO2e of CO2 per unit,0.01392
2339,Battery Electric Vehicle,kg CO2e of CO2 per unit,0.06315
23310,Battery Electric Vehicle,kg CO2e of CO2 per unit,0.0224
23311,Battery Electric Vehicle,kg CO2e of CO2 per unit,0.10162
2330,Battery Electric Vehicle,kg CO2e of CH4 per unit,
2331,Battery Electric Vehicle,kg CO2e of CH4 per unit,0.11121
2332,Battery Electric Vehicle,kg CO2e of CH4 per unit,
2333,Battery Electric Vehicle,kg CO2e of CH4 per unit,0.03402
2334,Battery Electric Vehicle,kg CO2e of CH4 per unit,
2335,Battery Electric Vehicle,kg CO2e of CH4 per unit,0.05476
2336,Battery Electric Vehicle,kg CO2e of CH4 per unit,
2337,Battery Electric Vehicle,kg CO2e of CH4 per unit,0.22329
2338,Battery Electric Vehicle,kg CO2e of CH4 per unit,
2339,Battery Electric Vehicle,kg CO2e of CH4 per unit,0.05179
23310,Battery Electric Vehicle,kg CO2e of CH4 per unit,
23311,Battery Electric Vehicle,kg CO2e of CH4 per unit,0.08335
2330,Battery Electric Vehicle,kg CO2e of N2O per unit,0.03487
2331,Battery Electric Vehicle,kg CO2e of N2O per unit,0.18365
2332,Battery Electric Vehicle,kg CO2e of N2O per unit,0.01376
2333,Battery Electric Vehicle,kg CO2e of N2O per unit,0.06818
2334,Battery Electric Vehicle,kg CO2e of N2O per unit,0.02214
2335,Battery Electric Vehicle,kg CO2e of N2O per unit,0.10973
2336,Battery Electric Vehicle,kg CO2e of N2O per unit,0.03487
2337,Battery Electric Vehicle,kg CO2e of N2O per unit,0.19684
2338,Battery Electric Vehicle,kg CO2e of N2O per unit,0.01376
2339,Battery Electric Vehicle,kg CO2e of N2O per unit,0.06265
23310,Battery Electric Vehicle,kg CO2e of N2O per unit,0.02214
23311,Battery Electric Vehicle,kg CO2e of N2O per unit,0.10082
